name,runs,balls,innings_runs,batting_position,runs_come_in,overs_come_in,match_id
SC Ganguly,10,12,205,1,0,0.16666666666666666,335982
SC Ganguly,14,29,84,4,12,2.3333333333333335,335986
SC Ganguly,12,19,139,1,0,0.16666666666666666,335993
SC Ganguly,4,2,124,2,0,0.16666666666666666,335997
SC Ganguly,51,39,139,2,0,0.16666666666666666,336000
SC Ganguly,5,7,162,2,0,0.16666666666666666,336003
SC Ganguly,20,22,124,3,8,2.3333333333333335,336010
SC Ganguly,91,57,198,3,4,0.8333333333333334,336014
SC Ganguly,7,3,122,3,31,6.166666666666667,336017
SC Ganguly,15,20,59,3,14,3.166666666666667,336021
SC Ganguly,2,8,135,3,11,2.5,336025
SC Ganguly,32,34,142,3,4,1.8333333333333335,336027
SC Ganguly,86,53,166,2,0,0.16666666666666666,336035
SC Ganguly,1,12,96,3,1,1.3333333333333333,392184
SC Ganguly,40,29,126,5,59,10.0,392190
SC Ganguly,34,30,91,4,14,3.1666666666666665,392197
SC Ganguly,1,8,130,4,39,6.0,392199
SC Ganguly,0,1,131,2,0,0.16666666666666666,392203
SC Ganguly,22,17,146,4,52,10.666666666666666,392207
SC Ganguly,44,44,115,2,0,0.16666666666666666,392219
SC Ganguly,4,6,160,2,0,0.16666666666666666,392221
SC Ganguly,33,41,148,2,0,0.16666666666666666,392228
SC Ganguly,4,14,180,2,0,0.16666666666666666,392231
SC Ganguly,0,3,97,2,0,0.16666666666666666,392233
SC Ganguly,0,3,145,3,0,0.3333333333333333,419106
SC Ganguly,23,22,130,3,98,11.833333333333334,419109
SC Ganguly,11,20,101,3,0,0.5,419113
SC Ganguly,33,29,129,4,67,10.833333333333334,419118
SC Ganguly,31,34,140,2,0,0.16666666666666666,419122
SC Ganguly,50,40,162,2,0,0.16666666666666666,419127
SC Ganguly,5,10,125,2,0,0.16666666666666666,419131
SC Ganguly,88,54,167,1,0,0.16666666666666666,419135
SC Ganguly,36,30,187,1,0,0.16666666666666666,419139
SC Ganguly,56,46,174,1,0,0.16666666666666666,419144
SC Ganguly,33,32,149,1,0,0.16666666666666666,419148
SC Ganguly,10,12,119,1,0,0.16666666666666666,419153
SC Ganguly,75,50,126,1,0,0.16666666666666666,419158
SC Ganguly,42,36,119,1,0,0.16666666666666666,419161
SC Ganguly,32,31,134,3,54,7.0,501250
SC Ganguly,0,5,133,3,31,4.166666666666667,501259
SC Ganguly,18,22,104,4,17,3.6666666666666665,501262
SC Ganguly,3,6,121,2,0,0.16666666666666666,548308
SC Ganguly,20,18,149,2,0,0.16666666666666666,548313
SC Ganguly,16,9,103,2,0,0.16666666666666666,548319
SC Ganguly,16,16,151,3,30,3.1666666666666665,548322
SC Ganguly,6,8,175,3,60,7.166666666666667,548327
SC Ganguly,24,26,135,3,12,1.5,548330
SC Ganguly,41,35,173,3,24,4.166666666666667,548333
SC Ganguly,1,4,141,3,0,0.5,548337
SC Ganguly,23,20,144,3,15,2.6666666666666665,548341
SC Ganguly,45,40,162,3,0,0.3333333333333333,548348
SC Ganguly,16,24,113,4,39,7.0,548351
SC Ganguly,36,35,133,7,51,8.5,548353
SC Ganguly,14,18,115,1,0,0.16666666666666666,548358
SC Ganguly,2,4,120,1,0,0.16666666666666666,548365
SC Ganguly,5,8,92,4,43,8.0,548375
BB McCullum,158,73,205,2,0,0.16666666666666666,335982
BB McCullum,5,5,84,2,0,0.16666666666666666,335986
BB McCullum,24,11,139,2,0,0.16666666666666666,335993
BB McCullum,1,2,124,1,0,0.16666666666666666,335997
BB McCullum,1,3,96,1,0,0.16666666666666666,392184
BB McCullum,21,16,75,1,0,0.16666666666666666,392186
BB McCullum,3,9,126,2,0,0.16666666666666666,392190
BB McCullum,1,5,91,1,0,0.16666666666666666,392197
BB McCullum,0,1,130,1,0,0.16666666666666666,392199
BB McCullum,5,7,131,6,111,17.5,392203
BB McCullum,19,31,146,1,0,0.16666666666666666,392207
BB McCullum,35,29,146,2,0,0.16666666666666666,392211
BB McCullum,6,3,115,1,0,0.16666666666666666,392219
BB McCullum,80,62,160,1,0,0.16666666666666666,392221
BB McCullum,20,18,148,1,0,0.16666666666666666,392228
BB McCullum,77,47,180,1,0,0.16666666666666666,392231
BB McCullum,9,4,97,1,0,0.16666666666666666,392233
BB McCullum,6,7,174,3,89,10.5,419144
BB McCullum,45,36,149,3,50,5.5,419148
BB McCullum,0,4,119,3,17,2.5,419153
BB McCullum,6,7,126,2,0,0.16666666666666666,419158
BB McCullum,57,55,119,2,0,0.16666666666666666,419161
BB McCullum,45,32,144,1,0,0.16666666666666666,501200
BB McCullum,0,1,136,1,0,0.16666666666666666,501207
BB McCullum,81,60,173,1,0,0.16666666666666666,501210
BB McCullum,47,33,132,1,0,0.16666666666666666,501215
BB McCullum,23,19,124,1,0,0.16666666666666666,501219
BB McCullum,0,4,67,1,0,0.16666666666666666,501229
BB McCullum,7,7,111,1,0,0.16666666666666666,501233
BB McCullum,31,18,117,2,0,0.16666666666666666,501238
BB McCullum,1,8,149,1,0,0.16666666666666666,501242
BB McCullum,22,16,115,2,0,0.16666666666666666,501247
BB McCullum,32,27,155,1,0,0.16666666666666666,501254
BB McCullum,29,10,89,1,0,0.16666666666666666,501258
BB McCullum,33,37,132,2,0,0.16666666666666666,501261
BB McCullum,9,7,90,1,0,0.16666666666666666,548307
BB McCullum,2,4,135,2,0,0.16666666666666666,548312
BB McCullum,15,18,122,1,0,0.16666666666666666,548328
BB McCullum,10,9,118,1,0,0.16666666666666666,548335
BB McCullum,43,37,185,1,0,0.16666666666666666,548344
BB McCullum,2,8,127,2,0,0.16666666666666666,548347
BB McCullum,42,43,131,2,0,0.16666666666666666,548353
BB McCullum,56,44,138,1,0,0.16666666666666666,548357
BB McCullum,37,29,155,2,0,0.16666666666666666,548368
BB McCullum,1,5,125,2,0,0.16666666666666666,548370
BB McCullum,41,43,127,1,0,0.16666666666666666,548375
BB McCullum,31,36,158,1,0,0.16666666666666666,548378
BB McCullum,6,7,166,3,20,2.8333333333333335,598034
BB McCullum,67,45,190,2,0,0.16666666666666666,729283
BB McCullum,9,10,171,2,0,0.16666666666666666,729293
BB McCullum,6,10,127,2,0,0.16666666666666666,729297
BB McCullum,71,53,135,2,0,0.16666666666666666,729303
BB McCullum,40,33,142,2,0,0.16666666666666666,729311
BB McCullum,56,40,142,2,0,0.16666666666666666,733971
BB McCullum,32,35,170,2,0,0.16666666666666666,733981
BB McCullum,33,29,183,2,0,0.16666666666666666,733987
BB McCullum,13,11,149,2,0,0.16666666666666666,733995
BB McCullum,6,3,141,2,0,0.16666666666666666,734003
BB McCullum,19,13,132,2,0,0.16666666666666666,734013
BB McCullum,28,24,151,2,0,0.16666666666666666,734023
BB McCullum,14,11,167,4,60,7.333333333333333,734045
BB McCullum,11,16,182,4,62,5.166666666666667,734047
BB McCullum,4,2,136,2,0,0.16666666666666666,829707
BB McCullum,96,53,190,2,0,0.16666666666666666,829711
BB McCullum,32,12,145,2,0,0.16666666666666666,829723
BB McCullum,45,19,177,2,0,0.16666666666666666,829729
BB McCullum,12,7,150,2,0,0.16666666666666666,829735
BB McCullum,4,6,171,2,0,0.16666666666666666,829745
BB McCullum,66,44,180,2,0,0.16666666666666666,829753
BB McCullum,19,14,122,2,0,0.16666666666666666,829765
BB McCullum,12,5,163,2,0,0.16666666666666666,829773
BB McCullum,20,15,143,2,0,0.16666666666666666,829779
BB McCullum,23,11,152,2,0,0.16666666666666666,829789
BB McCullum,81,61,149,2,0,0.16666666666666666,829797
BB McCullum,11,21,112,2,0,0.16666666666666666,829801
BB McCullum,6,6,128,2,0,0.16666666666666666,829809
BB McCullum,0,2,156,2,0,0.16666666666666666,980905
BB McCullum,49,31,148,2,0,0.16666666666666666,980911
BB McCullum,6,4,136,2,0,0.16666666666666666,980917
BB McCullum,18,17,130,2,0,0.16666666666666666,980929
BB McCullum,42,24,163,2,0,0.16666666666666666,980937
BB McCullum,60,36,169,2,0,0.16666666666666666,980945
BB McCullum,43,22,189,2,0,0.16666666666666666,980949
BB McCullum,1,3,127,2,0,0.16666666666666666,980955
BB McCullum,1,4,143,2,0,0.16666666666666666,980961
BB McCullum,7,19,121,2,0,0.16666666666666666,980967
BB McCullum,29,24,159,2,0,0.16666666666666666,980975
BB McCullum,11,13,91,2,0,0.16666666666666666,980987
BB McCullum,6,3,108,2,0,0.16666666666666666,981001
BB McCullum,48,27,167,2,0,0.16666666666666666,981007
BB McCullum,1,4,147,2,0,0.16666666666666666,981013
BB McCullum,32,29,157,2,0,0.16666666666666666,981017
BB McCullum,35,24,179,2,0,0.16666666666666666,1082593
BB McCullum,5,10,132,2,0,0.16666666666666666,1082596
BB McCullum,49,32,167,2,0,0.16666666666666666,1082603
BB McCullum,64,44,157,2,0,0.16666666666666666,1082606
BB McCullum,72,44,184,2,0,0.16666666666666666,1082610
BB McCullum,33,17,183,2,0,0.16666666666666666,1082613
BB McCullum,6,6,155,1,0,0.16666666666666666,1082616
BB McCullum,3,6,127,2,0,0.16666666666666666,1082621
BB McCullum,6,4,141,2,0,0.16666666666666666,1082625
BB McCullum,45,27,154,2,0,0.16666666666666666,1082629
BB McCullum,1,3,203,2,0,0.16666666666666666,1082632
BB McCullum,43,27,170,1,0,0.16666666666666666,1136563
BB McCullum,0,1,155,2,0,0.16666666666666666,1136568
BB McCullum,4,4,192,1,0,0.16666666666666666,1136571
BB McCullum,38,28,165,2,0,0.16666666666666666,1136589
BB McCullum,31,24,149,3,37,5.166666666666667,1136591
BB McCullum,5,3,123,2,0,0.16666666666666666,1136595
RT Ponting,20,20,205,3,51,5.5,335982
RT Ponting,0,1,84,3,6,1.5,335986
RT Ponting,0,1,139,3,31,2.6666666666666665,335993
RT Ponting,19,31,124,3,5,0.6666666666666666,335997
RT Ponting,28,33,142,1,0,0.16666666666666666,597999
RT Ponting,6,10,139,1,0,0.16666666666666666,598002
RT Ponting,0,6,198,1,0,0.16666666666666666,598006
RT Ponting,14,17,174,1,0,0.16666666666666666,598011
RT Ponting,4,9,85,2,0,0.16666666666666666,598019
DJ Hussey,12,12,205,4,98,12.333333333333334,335982
DJ Hussey,38,43,84,5,16,4.5,335986
DJ Hussey,0,2,139,5,60,6.0,335993
DJ Hussey,17,20,124,5,39,5.666666666666667,335997
DJ Hussey,42,30,139,5,45,6.166666666666667,336000
DJ Hussey,71,46,162,5,20,4.166666666666667,336003
DJ Hussey,26,12,124,4,18,3.6666666666666665,336010
DJ Hussey,56,28,198,4,71,10.333333333333334,336014
DJ Hussey,31,31,122,4,40,7.5,336017
DJ Hussey,2,7,59,4,14,3.1666666666666665,336021
DJ Hussey,0,1,135,5,103,16.333333333333332,336025
DJ Hussey,11,15,142,4,36,6.833333333333333,336027
DJ Hussey,12,11,166,4,43,5.666666666666667,336035
DJ Hussey,43,27,160,4,21,4.5,392221
DJ Hussey,38,15,148,4,82,15.0,392228
DJ Hussey,3,2,180,4,115,14.166666666666666,392231
DJ Hussey,9,13,97,5,20,5.166666666666667,392233
DJ Hussey,3,5,162,5,106,14.666666666666666,419127
DJ Hussey,29,32,125,5,19,4.5,419131
DJ Hussey,31,26,167,5,60,8.666666666666666,419135
DJ Hussey,11,5,187,5,171,18.833333333333332,419139
DJ Hussey,0,3,119,5,17,3.5,419153
DJ Hussey,20,14,119,3,88,14.0,419161
DJ Hussey,20,10,193,5,110,12.333333333333334,501223
DJ Hussey,15,20,113,6,50,9.5,501234
DJ Hussey,1,5,124,4,66,11.0,501237
DJ Hussey,4,5,115,5,78,12.833333333333334,501248
DJ Hussey,0,3,141,5,106,15.5,501251
DJ Hussey,21,15,173,5,137,14.333333333333334,501254
DJ Hussey,3,4,161,5,117,14.666666666666666,501257
DJ Hussey,0,1,200,4,200,20.0,501260
DJ Hussey,13,10,150,5,47,7.5,548309
DJ Hussey,18,17,132,5,41,9.833333333333334,548313
DJ Hussey,32,31,127,4,17,4.5,548323
DJ Hussey,10,14,121,5,60,9.666666666666666,548328
DJ Hussey,41,34,155,4,27,5.166666666666667,548331
DJ Hussey,21,19,158,4,61,9.166666666666666,548334
DJ Hussey,68,40,158,4,45,7.833333333333333,548339
DJ Hussey,7,4,151,5,122,16.0,548343
DJ Hussey,45,29,159,4,70,9.0,548350
DJ Hussey,8,6,122,4,24,5.833333333333333,548354
DJ Hussey,16,16,163,4,55,7.833333333333333,548359
DJ Hussey,65,35,186,5,53,7.5,548366
DJ Hussey,40,35,132,4,40,5.666666666666667,548369
DJ Hussey,9,9,118,4,51,8.5,548371
DJ Hussey,3,6,133,4,11,3.6666666666666665,548374
DJ Hussey,8,10,97,4,78,9.833333333333334,598003
DJ Hussey,41,36,130,4,19,3.0,598007
DJ Hussey,41,31,113,4,4,2.1666666666666665,598014
DJ Hussey,12,15,151,4,59,8.833333333333334,598016
DJ Hussey,22,24,116,4,42,8.833333333333334,598021
DJ Hussey,21,20,144,4,64,9.666666666666666,598031
DJ Hussey,34,18,155,4,13,3.166666666666667,598037
DJ Hussey,22,16,168,4,34,6.166666666666667,598041
DJ Hussey,1,3,136,4,96,13.666666666666666,598052
DJ Hussey,20,21,115,6,68,9.5,598059
DJ Hussey,13,14,182,4,24,4.5,598064
DJ Hussey,25,29,132,4,28,4.833333333333333,734013
DJ Hussey,50,33,177,4,68,7.0,734029
DJ Hussey,40,29,167,5,81,9.666666666666666,734045
DJ Hussey,1,3,182,6,128,12.166666666666666,734047
Mohammad Hafeez,5,3,205,5,155,17.333333333333332,335982
Mohammad Hafeez,13,13,84,6,43,13.166666666666666,335986
Mohammad Hafeez,16,24,139,6,62,7.5,335993
Mohammad Hafeez,2,6,124,6,69,12.166666666666666,335997
Mohammad Hafeez,13,12,162,1,0,0.16666666666666666,336003
Mohammad Hafeez,5,11,59,5,17,4.5,336021
Mohammad Hafeez,6,6,135,2,0,0.16666666666666666,336025
Mohammad Hafeez,4,8,142,2,0,0.16666666666666666,336027
R Dravid,2,3,63,1,0,0.16666666666666666,335982
R Dravid,32,33,161,2,0,0.16666666666666666,335985
R Dravid,0,1,128,2,0,0.16666666666666666,335992
R Dravid,0,1,158,7,136,16.5,335996
R Dravid,37,29,168,5,46,5.166666666666667,335998
R Dravid,31,21,168,4,44,7.166666666666667,336002
R Dravid,66,51,116,5,12,3.6666666666666665,336006
R Dravid,5,11,117,4,30,5.166666666666667,336010
R Dravid,11,16,107,4,36,6.166666666666667,336012
R Dravid,29,26,128,5,43,5.833333333333333,336016
R Dravid,75,36,126,6,27,8.166666666666666,336023
R Dravid,9,11,145,4,33,6.333333333333333,336026
R Dravid,47,39,122,4,22,5.666666666666667,336029
R Dravid,26,19,151,6,100,13.5,336034
R Dravid,66,48,129,5,16,5.0,392182
R Dravid,20,18,82,6,45,7.666666666666667,392185
R Dravid,48,27,153,5,36,7.5,392188
R Dravid,10,13,160,5,47,5.833333333333333,392191
R Dravid,0,2,99,4,19,4.833333333333333,392213
R Dravid,10,12,127,5,37,6.666666666666667,392218
R Dravid,12,12,161,5,68,11.166666666666666,392221
R Dravid,8,7,124,3,1,0.6666666666666666,392224
R Dravid,38,34,131,3,2,1.1666666666666667,392232
R Dravid,6,9,168,4,61,9.5,392236
R Dravid,44,39,137,4,22,3.0,392238
R Dravid,9,13,127,4,33,6.333333333333333,392239
R Dravid,21,16,129,6,34,7.5,419109
R Dravid,14,11,157,3,27,5.0,419123
R Dravid,1,1,149,4,78,10.666666666666666,419128
R Dravid,14,9,141,7,112,16.0,419140
R Dravid,26,25,169,3,14,2.6666666666666665,419145
R Dravid,52,35,151,3,11,3.0,419148
R Dravid,49,35,125,3,0,0.3333333333333333,419151
R Dravid,5,4,131,7,118,13.833333333333334,419154
R Dravid,16,11,129,4,31,5.833333333333333,419157
R Dravid,23,22,138,2,0,0.16666666666666666,419162
R Dravid,35,30,83,2,0,0.16666666666666666,419164
R Dravid,28,35,136,2,0,0.16666666666666666,501199
R Dravid,38,30,139,2,0,0.16666666666666666,501204
R Dravid,35,34,140,2,0,0.16666666666666666,501209
R Dravid,8,7,145,2,0,0.16666666666666666,501220
R Dravid,44,37,109,2,0,0.16666666666666666,501225
R Dravid,5,16,93,2,0,0.16666666666666666,501231
R Dravid,18,20,132,2,0,0.16666666666666666,501235
R Dravid,66,51,139,2,0,0.16666666666666666,501240
R Dravid,20,16,128,2,0,0.16666666666666666,501249
R Dravid,37,30,134,2,0,0.16666666666666666,501252
R Dravid,1,4,94,2,0,0.16666666666666666,501258
R Dravid,43,32,132,2,0,0.16666666666666666,501263
R Dravid,28,24,172,1,0,0.16666666666666666,548309
R Dravid,26,24,160,1,0,0.16666666666666666,548312
R Dravid,3,5,166,1,0,0.16666666666666666,548317
R Dravid,28,27,121,1,0,0.16666666666666666,548320
R Dravid,25,32,189,1,0,0.16666666666666666,548324
R Dravid,42,24,191,1,0,0.16666666666666666,548326
R Dravid,26,28,132,1,0,0.16666666666666666,548332
R Dravid,58,42,133,1,0,0.16666666666666666,548336
R Dravid,40,38,147,1,0,0.16666666666666666,548345
R Dravid,57,43,136,1,0,0.16666666666666666,548349
R Dravid,46,39,171,1,0,0.16666666666666666,548354
R Dravid,14,16,126,1,0,0.16666666666666666,548358
R Dravid,4,9,114,1,0,0.16666666666666666,548361
R Dravid,21,20,167,1,0,0.16666666666666666,548365
R Dravid,39,36,118,1,0,0.16666666666666666,548373
R Dravid,5,5,142,1,0,0.16666666666666666,548377
R Dravid,65,51,156,3,21,3.1666666666666665,598001
R Dravid,17,20,134,3,9,2.6666666666666665,598005
R Dravid,54,47,138,3,0,0.3333333333333333,598009
R Dravid,9,12,117,3,35,4.833333333333333,598014
R Dravid,35,31,117,3,10,2.5,598023
R Dravid,6,9,175,4,81,9.666666666666666,598026
R Dravid,36,35,144,1,0,0.16666666666666666,598032
R Dravid,22,17,168,1,0,0.16666666666666666,598036
R Dravid,6,3,124,8,118,19.833333333333332,598043
R Dravid,58,40,179,1,0,0.16666666666666666,598047
R Dravid,53,48,144,1,0,0.16666666666666666,598049
R Dravid,4,7,141,1,0,0.16666666666666666,598052
R Dravid,22,28,143,1,0,0.16666666666666666,598058
R Dravid,4,5,136,1,0,0.16666666666666666,598063
R Dravid,25,24,107,1,0,0.16666666666666666,598065
R Dravid,12,10,131,1,0,0.16666666666666666,598071
R Dravid,43,37,151,1,0,0.16666666666666666,598072
W Jaffer,6,16,63,2,0,0.16666666666666666,335982
W Jaffer,50,33,158,2,0,0.16666666666666666,335996
W Jaffer,10,9,168,2,0,0.16666666666666666,335998
W Jaffer,5,5,168,2,0,0.16666666666666666,336002
W Jaffer,0,4,116,1,0,0.16666666666666666,336006
W Jaffer,44,37,151,2,0,0.16666666666666666,336034
W Jaffer,7,8,142,2,0,0.16666666666666666,392208
W Jaffer,8,9,99,2,0,0.16666666666666666,392213
V Kohli,1,5,63,3,3,1.3333333333333333,335982
V Kohli,23,14,161,5,74,10.166666666666666,335985
V Kohli,13,14,128,5,57,6.666666666666667,335992
V Kohli,12,7,158,6,126,15.333333333333334,335996
V Kohli,1,1,168,7,149,19.166666666666668,335998
V Kohli,9,5,168,6,117,16.0,336002
V Kohli,34,36,116,2,0,0.16666666666666666,336006
V Kohli,0,1,107,6,68,11.833333333333334,336012
V Kohli,21,22,128,2,0,0.16666666666666666,336016
V Kohli,3,7,126,2,0,0.16666666666666666,336023
V Kohli,10,16,122,3,7,1.8333333333333335,336029
V Kohli,38,29,151,3,13,2.1666666666666665,336034
V Kohli,3,8,129,6,51,9.0,392182
V Kohli,11,13,82,7,46,8.0,392185
V Kohli,50,32,153,6,58,10.666666666666666,392188
V Kohli,2,3,160,7,128,16.833333333333332,392191
V Kohli,22,24,137,5,66,9.666666666666666,392194
V Kohli,19,12,134,4,71,12.833333333333334,392199
V Kohli,16,14,139,6,76,12.166666666666666,392204
V Kohli,15,22,99,5,25,6.166666666666667,392213
V Kohli,20,22,127,2,0,0.16666666666666666,392218
V Kohli,38,35,124,5,27,4.833333333333333,392224
V Kohli,19,9,168,6,133,17.166666666666668,392236
V Kohli,24,17,137,5,90,12.666666666666666,392238
V Kohli,7,8,127,6,75,11.833333333333334,392239
V Kohli,2,5,129,4,16,4.666666666666667,419109
V Kohli,16,12,194,4,134,14.166666666666666,419112
V Kohli,17,12,153,4,114,14.666666666666666,419119
V Kohli,24,16,157,5,53,9.833333333333334,419123
V Kohli,38,23,149,6,83,12.166666666666666,419128
V Kohli,34,24,156,4,50,6.666666666666667,419133
V Kohli,42,26,173,4,52,7.166666666666667,419136
V Kohli,13,11,141,6,100,14.5,419140
V Kohli,58,35,169,6,62,10.333333333333334,419145
V Kohli,3,4,125,6,92,15.0,419151
V Kohli,14,13,131,5,101,10.833333333333334,419154
V Kohli,37,24,129,7,72,11.333333333333334,419157
V Kohli,8,6,138,6,79,9.833333333333334,419162
V Kohli,23,18,147,3,2,1.5,501200
V Kohli,12,19,125,3,0,0.3333333333333333,501205
V Kohli,71,50,132,4,13,3.1666666666666665,501208
V Kohli,35,28,153,4,16,1.6666666666666665,501211
V Kohli,30,23,170,3,122,12.333333333333334,501222
V Kohli,56,38,143,3,0,0.5,501227
V Kohli,67,42,179,3,57,6.833333333333333,501232
V Kohli,27,31,199,3,40,5.0,501244
V Kohli,27,33,117,3,59,4.0,501247
V Kohli,39,34,147,3,65,6.833333333333333,501252
V Kohli,15,15,99,3,44,2.8333333333333335,501255
V Kohli,11,11,112,3,1,2.166666666666667,501260
V Kohli,31,29,119,3,0,0.6666666666666666,501266
V Kohli,70,44,161,3,25,3.6666666666666665,501268
V Kohli,8,12,165,3,103,10.833333333333334,501270
V Kohli,35,32,141,3,1,0.8333333333333334,501271
V Kohli,8,8,151,3,36,4.166666666666667,548310
V Kohli,6,14,113,3,7,1.8333333333333335,548315
V Kohli,57,46,189,3,51,5.666666666666667,548318
V Kohli,22,18,133,3,42,4.833333333333333,548324
V Kohli,16,19,178,4,38,6.166666666666667,548327
V Kohli,4,4,158,3,3,1.5,548331
V Kohli,16,16,165,1,0,0.16666666666666666,548336
V Kohli,18,19,138,3,2,1.1666666666666667,548344
V Kohli,45,42,152,3,7,1.6666666666666665,548350
V Kohli,9,9,179,3,88,11.0,548356
V Kohli,36,25,131,3,46,8.666666666666666,548360
V Kohli,9,12,163,3,73,8.666666666666666,548362
V Kohli,3,1,152,3,8,2.5,548367
V Kohli,73,52,205,3,11,2.5,548372
V Kohli,42,40,120,3,30,3.0,548376
V Kohli,24,14,140,3,3,2.5,597999
V Kohli,46,44,122,3,3,1.3333333333333333,598004
V Kohli,34,26,141,3,11,2.8333333333333335,598008
V Kohli,57,46,156,3,5,2.0,598012
V Kohli,65,50,148,3,19,3.1666666666666665,598017
V Kohli,1,4,107,3,46,6.833333333333333,598023
V Kohli,11,9,247,3,155,13.833333333333334,598027
V Kohli,1,4,124,3,30,6.0,598033
V Kohli,32,35,160,3,41,4.166666666666667,598036
V Kohli,25,18,175,3,34,6.666666666666667,598042
V Kohli,56,41,160,3,22,4.333333333333333,598045
V Kohli,93,47,157,3,39,5.333333333333333,598048
V Kohli,99,57,178,3,6,2.1666666666666665,598054
V Kohli,17,14,112,3,14,4.666666666666667,598057
V Kohli,14,14,178,3,94,11.5,598064
V Kohli,56,29,101,1,0,0.16666666666666666,598068
V Kohli,49,38,138,3,6,2.0,729281
V Kohli,0,2,114,3,16,3.1666666666666665,729287
V Kohli,31,23,138,3,61,7.833333333333333,729299
V Kohli,21,25,66,3,1,0.8333333333333334,729305
V Kohli,4,2,113,3,21,1.5,729313
V Kohli,0,5,153,3,4,1.3333333333333333,733977
V Kohli,35,28,158,3,50,5.333333333333333,733983
V Kohli,0,1,154,3,8,2.3333333333333335,733991
V Kohli,4,9,183,1,0,0.16666666666666666,733999
V Kohli,10,11,177,3,33,5.666666666666667,734005
V Kohli,27,29,129,3,14,3.6666666666666665,734013
V Kohli,67,41,153,3,4,1.0,734021
V Kohli,38,31,153,3,7,2.1666666666666665,734027
V Kohli,73,49,148,4,31,5.0,734035
V Kohli,13,15,171,2,0,0.16666666666666666,829713
V Kohli,41,37,150,2,0,0.16666666666666666,829719
V Kohli,18,18,175,3,23,5.166666666666667,829737
V Kohli,51,42,148,3,30,3.6666666666666665,829745
V Kohli,62,46,129,2,0,0.16666666666666666,829749
V Kohli,35,23,97,2,0,0.16666666666666666,829757
V Kohli,1,4,182,2,0,0.16666666666666666,829763
V Kohli,34,20,111,2,0,0.16666666666666666,829771
V Kohli,48,44,122,2,0,0.16666666666666666,829779
V Kohli,32,30,214,2,0,0.16666666666666666,829785
V Kohli,82,50,227,2,0,0.16666666666666666,829795
V Kohli,19,9,75,2,0,0.16666666666666666,829803
V Kohli,44,19,82,2,0,0.16666666666666666,829807
V Kohli,1,2,2,1,0,0.16666666666666666,829813
V Kohli,12,18,168,2,0,0.16666666666666666,829819
V Kohli,12,9,132,2,0,0.16666666666666666,829821
V Kohli,75,51,216,2,0,0.16666666666666666,980907
V Kohli,79,48,182,2,0,0.16666666666666666,980921
V Kohli,33,30,157,1,0,0.16666666666666666,980927
V Kohli,80,62,173,1,0,0.16666666666666666,980931
V Kohli,100,63,177,1,0,0.16666666666666666,980937
V Kohli,14,17,176,1,0,0.16666666666666666,980953
V Kohli,52,44,180,3,8,1.6666666666666665,980959
V Kohli,108,58,188,1,0,0.16666666666666666,980969
V Kohli,20,21,171,1,0,0.16666666666666666,980977
V Kohli,7,7,144,1,0,0.16666666666666666,980981
V Kohli,109,55,240,2,0,0.16666666666666666,980987
V Kohli,75,51,182,2,0,0.16666666666666666,980995
V Kohli,106,48,196,2,0,0.16666666666666666,980999
V Kohli,54,45,129,2,0,0.16666666666666666,981011
V Kohli,0,2,142,2,0,0.16666666666666666,981013
V Kohli,54,35,191,2,0,0.16666666666666666,981019
V Kohli,62,47,130,2,0,0.16666666666666666,1082602
V Kohli,28,19,126,1,0,0.16666666666666666,1082607
V Kohli,64,50,209,2,0,0.16666666666666666,1082610
V Kohli,0,1,42,2,0,0.16666666666666666,1082617
V Kohli,10,13,122,2,0,0.16666666666666666,1082621
V Kohli,55,48,92,2,0,0.16666666666666666,1082624
V Kohli,20,14,158,1,0,0.16666666666666666,1082628
V Kohli,6,6,112,3,1,0.8333333333333334,1082633
V Kohli,5,9,155,3,0,0.3333333333333333,1082636
V Kohli,58,45,152,3,29,5.0,1082646
V Kohli,31,33,170,3,18,1.8333333333333335,1136563
V Kohli,21,16,155,3,1,0.5,1136568
V Kohli,57,30,192,3,4,0.8333333333333334,1136571
V Kohli,91,61,159,1,0,0.16666666666666666,1136574
V Kohli,30,26,172,3,8,2.1666666666666665,1136579
V Kohli,18,15,197,2,0,0.16666666666666666,1136584
V Kohli,68,44,165,3,64,8.333333333333334,1136589
V Kohli,32,26,149,4,58,8.833333333333334,1136591
V Kohli,8,11,123,3,7,1.6666666666666665,1136595
V Kohli,39,30,136,3,23,3.0,1136599
V Kohli,70,40,176,3,2,1.3333333333333333,1136605
V Kohli,48,27,88,1,0,0.16666666666666666,1136608
V Kohli,12,11,214,2,0,0.16666666666666666,1136611
V Kohli,4,9,131,1,0,0.16666666666666666,1136613
V Kohli,6,11,66,1,0,0.16666666666666666,1175356
V Kohli,46,32,176,3,27,3.5,1175362
V Kohli,3,10,105,3,13,2.1666666666666665,1175366
V Kohli,23,25,152,1,0,0.16666666666666666,1175369
V Kohli,84,49,200,2,0,0.16666666666666666,1175372
V Kohli,41,33,144,2,0,0.16666666666666666,1178395
V Kohli,67,53,173,2,0,0.16666666666666666,1178403
V Kohli,8,9,163,2,0,0.16666666666666666,1178406
V Kohli,100,58,207,2,0,0.16666666666666666,1178410
V Kohli,9,8,157,2,0,0.16666666666666666,1178414
V Kohli,13,8,191,2,0,0.16666666666666666,1178417
V Kohli,23,17,166,2,0,0.16666666666666666,1178421
V Kohli,25,7,59,1,0,0.16666666666666666,1178424
V Kohli,16,7,169,2,0,0.16666666666666666,1178429
V Kohli,18,17,80,4,41,7.0,1216494
V Kohli,9,14,161,3,71,8.0,1216499
V Kohli,7,7,109,3,13,3.0,1216502
V Kohli,29,24,148,3,24,4.333333333333333,1216505
V Kohli,1,5,100,4,2,1.6666666666666665,1216510
V Kohli,72,53,155,3,25,2.6666666666666665,1216514
V Kohli,43,39,126,3,17,3.1666666666666665,1216519
V Kohli,43,32,165,3,21,3.6666666666666665,1216522
V Kohli,88,51,155,3,11,3.0,1216525
V Kohli,48,39,159,3,33,4.333333333333333,1216531
V Kohli,14,13,152,3,79,11.166666666666666,1216534
V Kohli,33,28,181,3,65,8.0,1216540
V Kohli,49,42,133,3,26,4.166666666666667,1216544
V Kohli,3,11,191,3,75,9.166666666666666,1216547
V Kohli,6,7,126,1,0,0.16666666666666666,1237178
V Kohli,33,29,147,2,0,0.16666666666666666,1254058
V Kohli,33,29,139,1,0,0.16666666666666666,1254063
V Kohli,5,5,195,1,0,0.16666666666666666,1254067
V Kohli,72,47,173,1,0,0.16666666666666666,1254073
V Kohli,8,7,114,1,0,0.16666666666666666,1254076
V Kohli,12,11,169,1,0,0.16666666666666666,1254079
V Kohli,35,34,134,1,0,0.16666666666666666,1254083
V Kohli,5,4,84,1,0,0.16666666666666666,1254087
V Kohli,25,24,154,1,0,0.16666666666666666,1254090
V Kohli,5,4,134,1,0,0.16666666666666666,1254095
V Kohli,4,8,159,1,0,0.16666666666666666,1254101
V Kohli,25,20,145,1,0,0.16666666666666666,1254103
V Kohli,51,42,154,1,0,0.16666666666666666,1254108
V Kohli,53,41,151,1,0,0.16666666666666666,1254113
V Kohli,35,32,120,2,0,0.16666666666666666,1254115
V Kohli,41,29,182,3,34,7.166666666666667,1304049
V Kohli,12,7,117,3,1,0.6666666666666666,1304052
V Kohli,5,6,159,3,53,7.166666666666667,1304059
V Kohli,48,36,145,3,45,8.333333333333334,1304064
V Kohli,1,3,183,3,14,3.0,1304068
V Kohli,12,14,179,3,4,1.3333333333333333,1304073
V Kohli,0,1,172,3,4,1.1666666666666667,1304077
V Kohli,0,1,56,3,5,1.5,1304082
V Kohli,9,10,104,1,0,0.16666666666666666,1304085
V Kohli,58,53,163,1,0,0.16666666666666666,1304089
V Kohli,30,33,161,1,0,0.16666666666666666,1304095
V Kohli,0,1,184,1,0,0.16666666666666666,1304100
V Kohli,20,14,145,1,0,0.16666666666666666,1304106
V Kohli,73,54,159,1,0,0.16666666666666666,1304113
V Kohli,25,24,196,1,0,0.16666666666666666,1312198
V Kohli,7,8,142,1,0,0.16666666666666666,1312199
V Kohli,82,49,167,1,0,0.16666666666666666,1359479
V Kohli,21,18,117,1,0,0.16666666666666666,1359483
V Kohli,61,44,200,1,0,0.16666666666666666,1359489
V Kohli,50,34,162,1,0,0.16666666666666666,1359494
V Kohli,6,4,207,1,0,0.16666666666666666,1359498
V Kohli,59,47,162,1,0,0.16666666666666666,1359501
V Kohli,0,1,176,1,0,0.16666666666666666,1359506
V Kohli,54,37,173,1,0,0.16666666666666666,1359510
V Kohli,31,30,124,1,0,0.16666666666666666,1359517
V Kohli,55,46,173,1,0,0.16666666666666666,1359524
V Kohli,1,4,193,1,0,0.16666666666666666,1359528
V Kohli,18,19,166,1,0,0.16666666666666666,1359534
V Kohli,100,63,180,1,0,0.16666666666666666,1359539
V Kohli,101,61,190,1,0,0.16666666666666666,1359544
V Kohli,21,20,160,1,0,0.16666666666666666,1422119
V Kohli,77,49,160,1,0,0.16666666666666666,1422124
V Kohli,83,59,178,1,0,0.16666666666666666,1422128
V Kohli,22,16,142,1,0,0.16666666666666666,1422133
V Kohli,113,72,172,1,0,0.16666666666666666,1422137
V Kohli,3,9,186,1,0,0.16666666666666666,1426263
V Kohli,42,20,248,1,0,0.16666666666666666,1426268
V Kohli,18,7,212,1,0,0.16666666666666666,1426274
V Kohli,51,43,199,1,0,0.16666666666666666,1426279
V Kohli,70,44,188,1,0,0.16666666666666666,1426283
V Kohli,42,27,150,1,0,0.16666666666666666,1426290
V Kohli,92,47,229,1,0,0.16666666666666666,1426296
V Kohli,27,13,177,1,0,0.16666666666666666,1426300
V Kohli,47,29,210,1,0,0.16666666666666666,1426306
V Kohli,33,24,168,1,0,0.16666666666666666,1426310
JH Kallis,8,7,63,4,4,2.5,335982
JH Kallis,25,24,161,4,66,9.166666666666666,335985
JH Kallis,11,10,128,4,14,2.5,335992
JH Kallis,14,10,158,4,97,11.166666666666666,335996
JH Kallis,54,44,168,4,44,4.5,335998
JH Kallis,31,25,168,1,0,0.16666666666666666,336002
JH Kallis,0,3,116,4,0,1.1666666666666667,336006
JH Kallis,20,29,126,4,2,1.5,336023
JH Kallis,25,21,145,1,0,0.16666666666666666,336026
JH Kallis,5,5,122,1,0,0.16666666666666666,336029
JH Kallis,6,5,151,4,82,11.166666666666666,336034
JH Kallis,24,19,82,3,0,0.6666666666666666,392185
JH Kallis,15,14,153,3,0,0.3333333333333333,392188
JH Kallis,62,46,160,3,6,1.3333333333333333,392191
JH Kallis,0,1,137,1,0,0.16666666666666666,392194
JH Kallis,23,25,134,1,0,0.16666666666666666,392199
JH Kallis,27,22,139,4,26,4.833333333333333,392204
JH Kallis,69,59,142,1,0,0.16666666666666666,392208
JH Kallis,9,13,99,1,0,0.16666666666666666,392213
JH Kallis,12,10,127,1,0,0.16666666666666666,392218
JH Kallis,32,34,161,2,0,0.16666666666666666,392221
JH Kallis,0,1,124,2,0,0.16666666666666666,392224
JH Kallis,58,56,131,2,0,0.16666666666666666,392232
JH Kallis,5,7,168,1,0,0.16666666666666666,392236
JH Kallis,9,7,137,1,0,0.16666666666666666,392238
JH Kallis,15,17,127,1,0,0.16666666666666666,392239
JH Kallis,64,51,129,1,0,0.16666666666666666,419109
JH Kallis,89,54,194,2,0,0.16666666666666666,419112
JH Kallis,44,34,86,2,0,0.16666666666666666,419115
JH Kallis,66,55,153,2,0,0.16666666666666666,419119
JH Kallis,19,16,157,2,0,0.16666666666666666,419123
JH Kallis,26,28,149,2,0,0.16666666666666666,419128
JH Kallis,52,49,156,2,0,0.16666666666666666,419133
JH Kallis,9,10,173,2,0,0.16666666666666666,419136
JH Kallis,50,41,141,1,0,0.16666666666666666,419140
JH Kallis,68,44,169,2,0,0.16666666666666666,419145
JH Kallis,8,11,151,2,0,0.16666666666666666,419148
JH Kallis,27,37,125,2,0,0.16666666666666666,419151
JH Kallis,0,3,131,2,0,0.16666666666666666,419154
JH Kallis,14,15,129,2,0,0.16666666666666666,419157
JH Kallis,11,9,138,1,0,0.16666666666666666,419162
JH Kallis,19,32,83,1,0,0.16666666666666666,419164
JH Kallis,54,42,143,2,0,0.16666666666666666,501198
JH Kallis,53,45,153,1,0,0.16666666666666666,501203
JH Kallis,80,65,152,2,0,0.16666666666666666,501209
JH Kallis,0,2,70,1,0,0.16666666666666666,501214
JH Kallis,6,9,115,2,0,0.16666666666666666,501219
JH Kallis,40,42,157,1,0,0.16666666666666666,501222
JH Kallis,11,11,140,1,0,0.16666666666666666,501230
JH Kallis,1,4,108,1,0,0.16666666666666666,501234
JH Kallis,30,31,158,2,0,0.16666666666666666,501239
JH Kallis,45,41,136,1,0,0.16666666666666666,501242
JH Kallis,21,23,57,2,0,0.16666666666666666,501245
JH Kallis,17,14,82,1,0,0.16666666666666666,501255
JH Kallis,59,42,169,1,0,0.16666666666666666,501267
JH Kallis,7,7,141,2,0,0.16666666666666666,501269
JH Kallis,4,4,90,2,0,0.16666666666666666,548307
JH Kallis,5,8,135,1,0,0.16666666666666666,548312
JH Kallis,22,23,159,1,0,0.16666666666666666,548315
JH Kallis,31,38,125,1,0,0.16666666666666666,548320
JH Kallis,1,5,123,1,0,0.16666666666666666,548323
JH Kallis,30,23,122,4,70,10.0,548328
JH Kallis,23,24,118,4,41,7.166666666666667,548335
JH Kallis,41,27,185,3,92,10.666666666666666,548344
JH Kallis,26,30,127,3,13,3.0,548347
JH Kallis,1,4,131,4,100,13.833333333333334,548353
JH Kallis,30,27,138,3,67,7.166666666666667,548357
JH Kallis,79,60,150,3,1,0.6666666666666666,548363
JH Kallis,4,9,155,3,98,11.666666666666666,548368
JH Kallis,0,1,125,3,6,1.5,548370
JH Kallis,12,17,127,3,21,4.666666666666667,548375
JH Kallis,30,33,158,3,46,6.0,548378
JH Kallis,69,49,182,3,3,1.1666666666666667,548381
JH Kallis,23,20,123,3,5,1.8333333333333335,597998
JH Kallis,0,1,114,3,15,2.5,598005
JH Kallis,16,19,148,3,2,1.1666666666666667,598008
JH Kallis,41,27,172,3,56,7.833333333333333,598013
JH Kallis,1,6,141,3,0,0.3333333333333333,598016
JH Kallis,0,0,0,3,43,6.0,598022
JH Kallis,37,38,152,3,24,1.5,598029
JH Kallis,37,33,138,4,10,1.6666666666666665,598031
JH Kallis,19,20,166,4,49,6.166666666666667,598034
JH Kallis,12,15,129,4,15,2.6666666666666665,598040
JH Kallis,33,30,123,3,38,5.833333333333333,598043
JH Kallis,24,26,96,3,0,0.8333333333333334,598050
JH Kallis,2,6,141,3,43,5.5,598053
JH Kallis,41,45,111,3,0,0.5,598057
JH Kallis,1,7,148,3,5,2.166666666666667,598061
JH Kallis,24,29,116,3,20,4.666666666666667,598069
JH Kallis,72,46,155,2,0,0.16666666666666666,729279
JH Kallis,0,1,148,1,0,0.16666666666666666,729289
JH Kallis,43,42,143,1,0,0.16666666666666666,729299
JH Kallis,9,11,99,2,0,0.16666666666666666,729307
JH Kallis,13,16,141,3,18,3.8333333333333335,729315
JH Kallis,4,6,109,3,14,2.5,733971
JH Kallis,10,6,149,4,139,17.5,733985
CL White,6,10,63,5,17,5.0,335982
CL White,31,23,168,5,77,11.333333333333334,336002
CL White,0,1,116,3,0,1.0,336006
CL White,29,15,117,5,46,9.333333333333334,336010
CL White,22,19,107,5,39,7.333333333333333,336012
CL White,10,14,128,4,35,5.166666666666667,336016
CL White,10,16,126,5,4,2.6666666666666665,336023
CL White,1,2,145,6,93,15.333333333333334,336026
CL White,21,13,156,6,112,15.666666666666666,419133
CL White,6,3,173,6,160,18.166666666666668,419136
CL White,4,11,141,2,0,0.16666666666666666,419140
CL White,13,3,169,7,148,19.0,419145
CL White,4,3,125,7,95,15.666666666666666,419151
CL White,31,25,163,4,103,12.166666666666666,501216
CL White,1,7,123,4,41,5.833333333333333,501224
CL White,31,34,122,5,16,5.5,501229
CL White,13,18,141,5,105,13.5,501236
CL White,13,13,144,4,41,6.0,501239
CL White,15,12,182,4,142,16.333333333333332,501264
CL White,23,16,115,4,41,6.5,548311
CL White,30,22,133,6,80,12.666666666666666,548314
CL White,65,40,185,4,33,6.0,548329
CL White,10,9,122,4,77,11.833333333333334,548335
CL White,78,46,166,3,35,4.166666666666667,548341
CL White,0,1,95,4,39,7.5,548346
CL White,74,45,169,3,0,0.3333333333333333,548348
CL White,77,53,146,3,9,1.8333333333333335,548352
CL White,45,24,175,3,83,12.0,548356
CL White,8,14,133,4,30,5.166666666666667,548359
CL White,63,40,177,4,46,7.166666666666667,548366
CL White,1,4,119,4,78,12.0,548373
CL White,1,5,122,4,18,3.8333333333333335,548376
CL White,10,18,123,4,57,10.0,598000
CL White,5,9,114,3,4,1.3333333333333333,598004
CL White,4,8,112,5,52,11.166666666666666,598010
CL White,34,31,120,2,0,0.16666666666666666,598013
CL White,0,1,114,4,14,3.0,598018
CL White,16,23,121,4,48,8.0,598021
CL White,2,3,151,4,10,2.1666666666666665,598030
CL White,52,34,155,4,50,8.0,598048
CL White,10,8,146,4,32,5.666666666666667,598056
CL White,43,23,171,4,106,13.0,598060
CL White,0,1,121,4,3,2.1666666666666665,598065
CL White,2,4,123,4,92,13.666666666666666,598069
CL White,31,28,126,4,3,2.6666666666666665,598071
MV Boucher,7,9,63,6,17,5.5,335982
MV Boucher,39,19,161,6,103,13.833333333333334,335985
MV Boucher,4,10,128,6,61,7.5,335992
MV Boucher,4,6,158,5,122,14.333333333333334,335996
MV Boucher,31,17,168,6,123,15.666666666666666,335998
MV Boucher,50,40,117,3,16,3.6666666666666665,336010
MV Boucher,18,15,107,1,0,0.16666666666666666,336012
MV Boucher,39,32,128,6,67,10.333333333333334,336016
MV Boucher,17,15,122,6,38,10.166666666666666,336029
MV Boucher,16,14,151,7,107,14.5,336034
MV Boucher,36,28,137,6,72,11.166666666666666,392194
MV Boucher,25,13,134,5,98,15.833333333333334,392199
MV Boucher,2,4,139,7,76,12.166666666666666,392204
MV Boucher,6,8,99,6,35,8.333333333333334,392213
MV Boucher,48,33,127,6,53,10.0,392218
MV Boucher,7,9,161,6,115,15.833333333333334,392221
MV Boucher,5,5,124,6,83,14.5,392224
MV Boucher,9,8,131,5,100,15.0,392232
MV Boucher,5,6,127,7,94,14.5,392239
MV Boucher,11,7,157,7,105,17.0,419123
MV Boucher,2,3,149,7,108,15.0,419128
MV Boucher,0,0,0,6,154,19.833333333333332,501239
MV Boucher,5,4,136,6,129,18.833333333333332,501242
MV Boucher,1,2,82,6,80,12.5,501255
B Akhil,0,2,63,7,28,8.0,335982
B Akhil,3,5,161,7,157,18.833333333333332,335985
B Akhil,2,3,158,10,155,19.0,335996
B Akhil,27,7,168,7,138,17.5,336002
B Akhil,5,4,107,7,70,12.5,336012
B Akhil,3,3,145,7,96,16.166666666666668,336026
B Akhil,6,7,122,7,73,15.166666666666666,336029
B Akhil,9,9,129,7,62,12.0,392182
B Akhil,8,4,137,7,128,19.166666666666668,392194
B Akhil,0,2,124,8,100,17.166666666666668,392224
B Akhil,13,9,111,7,69,13.333333333333334,501233
AA Noffke,9,10,63,8,28,8.5,335982
P Kumar,18,15,63,9,31,9.166666666666666,335982
P Kumar,34,30,128,7,73,9.833333333333334,335992
P Kumar,6,5,158,8,137,16.833333333333332,335996
P Kumar,6,5,168,1,0,0.16666666666666666,335998
P Kumar,0,2,116,7,88,15.666666666666666,336006
P Kumar,4,2,117,6,89,14.333333333333334,336010
P Kumar,8,11,107,8,76,13.333333333333334,336012
P Kumar,5,7,128,7,95,15.166666666666666,336016
P Kumar,0,1,126,8,67,13.833333333333334,336023
P Kumar,2,5,145,8,113,17.833333333333332,336026
P Kumar,21,11,122,8,93,17.0,336029
P Kumar,8,4,151,8,130,18.666666666666668,336034
P Kumar,8,10,129,8,85,15.833333333333334,392182
P Kumar,0,3,82,1,0,0.16666666666666666,392185
P Kumar,14,6,153,9,128,17.833333333333332,392188
P Kumar,13,7,160,8,135,17.833333333333332,392191
P Kumar,9,7,139,9,124,17.833333333333332,392204
P Kumar,7,4,99,9,79,16.833333333333332,392213
P Kumar,12,6,124,9,103,17.666666666666668,392224
P Kumar,2,3,127,9,102,16.0,392239
P Kumar,3,5,129,9,107,18.166666666666668,419109
P Kumar,0,1,149,9,122,17.0,419128
P Kumar,0,0,0,8,157,19.833333333333332,419145
P Kumar,1,2,138,8,100,13.833333333333334,419162
P Kumar,3,5,101,9,72,17.333333333333332,501202
P Kumar,2,2,113,8,111,19.833333333333332,501234
P Kumar,2,3,124,10,120,19.333333333333332,501237
P Kumar,15,7,114,10,99,18.5,501244
P Kumar,3,5,115,9,110,18.833333333333332,501248
P Kumar,2,2,141,9,133,19.166666666666668,501251
P Kumar,0,7,112,10,99,16.0,501264
P Kumar,10,6,150,10,133,18.5,548309
P Kumar,1,2,132,10,119,19.166666666666668,548313
P Kumar,0,1,127,9,97,18.0,548323
P Kumar,6,6,151,9,143,18.833333333333332,548343
P Kumar,7,7,122,10,113,18.5,548354
P Kumar,8,5,132,9,114,17.333333333333332,548369
P Kumar,3,2,133,10,118,19.166666666666668,548374
P Kumar,3,5,130,10,126,18.0,598007
P Kumar,15,7,113,10,98,17.666666666666668,598014
P Kumar,1,2,151,10,145,19.333333333333332,598016
P Kumar,3,6,116,11,108,18.333333333333332,598021
P Kumar,22,14,155,10,121,17.0,598037
P Kumar,1,3,112,8,96,17.5,598056
P Kumar,0,1,176,9,176,20.0,598066
P Kumar,1,2,171,9,162,19.333333333333332,734045
P Kumar,1,1,159,9,155,19.5,829731
P Kumar,0,2,131,8,123,18.333333333333332,829751
P Kumar,12,16,128,9,78,14.333333333333334,829781
P Kumar,4,6,107,10,81,16.666666666666668,829815
P Kumar,0,2,136,8,120,18.5,980917
P Kumar,1,1,130,9,128,19.666666666666668,980929
P Kumar,0,0,0,9,186,20.0,980949
P Kumar,15,13,127,9,83,15.0,980955
P Kumar,6,4,121,8,101,18.333333333333332,980967
P Kumar,1,4,91,8,63,11.5,980987
P Kumar,1,2,147,9,135,18.666666666666668,981013
P Kumar,7,7,132,8,112,17.5,1082596
P Kumar,1,2,148,10,147,19.0,1082643
Z Khan,3,8,63,10,43,11.333333333333334,335982
Z Khan,16,17,128,9,86,14.166666666666666,335992
Z Khan,8,6,158,9,143,17.5,335996
Z Khan,0,1,116,9,92,16.333333333333332,336006
Z Khan,1,4,128,9,120,18.5,336016
Z Khan,1,5,126,9,67,14.0,336023
Z Khan,4,1,145,9,117,19.0,336026
Z Khan,0,0,0,9,145,19.833333333333332,336034
Z Khan,2,3,162,8,154,19.166666666666668,392181
Z Khan,4,6,142,8,130,18.5,392192
Z Khan,0,0,0,9,102,20.0,392200
Z Khan,2,2,134,8,117,19.166666666666668,392203
Z Khan,0,0,0,9,195,20.0,419107
Z Khan,23,9,137,10,111,18.0,419119
Z Khan,0,1,150,10,150,20.166666666666668,419146
Z Khan,1,3,134,9,130,19.0,419165
Z Khan,0,3,132,3,8,2.1666666666666665,501208
Z Khan,21,21,141,9,87,13.166666666666666,501271
Z Khan,11,7,113,10,98,18.166666666666668,548315
Z Khan,0,0,0,10,183,20.0,548318
Z Khan,0,3,133,9,104,15.833333333333334,548324
Z Khan,1,3,152,8,115,18.0,548367
Z Khan,0,4,120,7,101,16.166666666666668,548376
Z Khan,0,2,103,8,91,16.833333333333332,729287
Z Khan,7,3,140,9,127,19.166666666666668,729303
Z Khan,0,0,0,9,112,20.0,729309
Z Khan,1,2,148,9,147,19.333333333333332,729317
Z Khan,4,9,86,11,80,15.833333333333334,980903
Z Khan,2,4,123,11,120,18.166666666666668,980993
Z Khan,1,1,137,11,134,19.666666666666668,1082595
Z Khan,2,11,63,11,55,10.833333333333334,1082635
Z Khan,1,1,143,11,142,19.5,1082646
SB Joshi,3,6,63,11,54,13.333333333333334,335982
SB Joshi,3,8,128,8,74,11.833333333333334,335992
PA Patel,15,10,230,1,0,0.16666666666666666,335983
PA Patel,14,11,185,1,0,0.16666666666666666,335989
PA Patel,21,27,133,1,0,0.16666666666666666,335993
PA Patel,21,17,174,1,0,0.16666666666666666,335996
PA Patel,21,20,158,1,0,0.16666666666666666,336001
PA Patel,0,1,102,1,0,0.16666666666666666,336005
PA Patel,4,6,134,1,0,0.16666666666666666,336007
PA Patel,19,28,51,1,0,0.16666666666666666,336025
PA Patel,20,28,96,1,0,0.16666666666666666,336029
PA Patel,53,39,185,1,0,0.16666666666666666,336033
PA Patel,20,27,137,1,0,0.16666666666666666,336037
PA Patel,51,48,112,1,0,0.16666666666666666,336039
PA Patel,38,33,156,1,0,0.16666666666666666,336040
PA Patel,0,2,137,1,0,0.16666666666666666,392181
PA Patel,30,26,166,1,0,0.16666666666666666,392185
PA Patel,16,15,165,1,0,0.16666666666666666,392189
PA Patel,0,2,157,1,0,0.16666666666666666,392196
PA Patel,3,11,158,1,0,0.16666666666666666,392202
PA Patel,0,1,125,1,0,0.16666666666666666,392227
PA Patel,25,19,168,1,0,0.16666666666666666,392231
PA Patel,32,23,109,2,0,0.16666666666666666,392234
PA Patel,36,27,140,1,0,0.16666666666666666,392238
PA Patel,6,6,180,1,0,0.16666666666666666,419116
PA Patel,57,58,123,1,0,0.16666666666666666,419121
PA Patel,1,3,124,1,0,0.16666666666666666,419123
PA Patel,8,12,166,1,0,0.16666666666666666,419125
PA Patel,1,4,144,7,136,18.833333333333332,501200
PA Patel,21,19,136,3,0,0.3333333333333333,501207
PA Patel,34,26,132,3,38,4.666666666666667,501215
PA Patel,9,11,124,3,47,7.166666666666667,501219
PA Patel,32,34,100,3,20,3.6666666666666665,501225
PA Patel,0,3,67,3,0,0.8333333333333334,501229
PA Patel,1,3,111,3,9,2.1666666666666665,501233
PA Patel,37,31,117,3,45,5.333333333333333,501238
PA Patel,21,16,149,3,5,2.0,501242
PA Patel,19,13,115,3,42,5.666666666666667,501247
PA Patel,0,1,155,6,142,18.333333333333332,501254
PA Patel,21,14,89,3,23,1.6666666666666665,501258
PA Patel,6,7,132,1,0,0.16666666666666666,501261
PA Patel,20,17,115,3,29,4.166666666666667,548311
PA Patel,1,5,133,1,0,0.16666666666666666,548314
PA Patel,44,26,150,3,10,2.5,548321
PA Patel,0,0,0,6,177,19.833333333333332,548329
PA Patel,23,19,122,3,36,6.0,548335
PA Patel,24,18,166,1,0,0.16666666666666666,548341
PA Patel,19,18,95,1,0,0.16666666666666666,548346
PA Patel,0,1,169,1,0,0.16666666666666666,548348
PA Patel,1,5,146,1,0,0.16666666666666666,548352
PA Patel,17,13,133,3,10,2.0,548359
PA Patel,18,16,177,2,0,0.16666666666666666,548366
PA Patel,10,5,119,6,93,16.0,548373
PA Patel,16,21,122,6,49,11.333333333333334,548376
PA Patel,19,18,123,2,0,0.16666666666666666,598000
PA Patel,2,4,114,2,0,0.16666666666666666,598004
PA Patel,19,19,112,2,0,0.16666666666666666,598010
PA Patel,27,31,120,1,0,0.16666666666666666,598013
PA Patel,12,9,114,1,0,0.16666666666666666,598018
PA Patel,14,18,78,1,0,0.16666666666666666,598044
PA Patel,20,19,155,2,0,0.16666666666666666,598048
PA Patel,44,30,142,1,0,0.16666666666666666,598051
PA Patel,61,47,146,1,0,0.16666666666666666,598056
PA Patel,26,14,171,1,0,0.16666666666666666,598060
PA Patel,2,6,121,1,0,0.16666666666666666,598065
PA Patel,47,37,123,1,0,0.16666666666666666,598069
PA Patel,1,3,126,1,0,0.16666666666666666,598071
PA Patel,37,28,138,1,0,0.16666666666666666,729281
PA Patel,57,45,114,2,0,0.16666666666666666,729287
PA Patel,21,19,138,1,0,0.16666666666666666,729299
PA Patel,1,1,66,1,0,0.16666666666666666,729305
PA Patel,2,7,113,2,0,0.16666666666666666,729313
PA Patel,3,5,153,2,0,0.16666666666666666,733977
PA Patel,26,19,158,2,0,0.16666666666666666,733983
PA Patel,13,14,154,2,0,0.16666666666666666,733991
PA Patel,2,1,183,7,180,19.833333333333332,733999
PA Patel,29,28,177,2,0,0.16666666666666666,734005
PA Patel,10,14,129,2,0,0.16666666666666666,734013
PA Patel,4,4,153,2,0,0.16666666666666666,734021
PA Patel,16,11,159,2,0,0.16666666666666666,829721
PA Patel,0,1,176,2,0,0.16666666666666666,829729
PA Patel,12,13,192,2,0,0.16666666666666666,829737
PA Patel,28,19,142,2,0,0.16666666666666666,829747
PA Patel,17,17,147,2,0,0.16666666666666666,829751
PA Patel,23,14,174,2,0,0.16666666666666666,829769
PA Patel,59,36,167,2,0,0.16666666666666666,829775
PA Patel,13,13,144,2,0,0.16666666666666666,829783
PA Patel,45,32,157,2,0,0.16666666666666666,829789
PA Patel,19,11,192,1,0,0.16666666666666666,829795
PA Patel,21,14,159,2,0,0.16666666666666666,829805
PA Patel,51,37,106,2,0,0.16666666666666666,829815
PA Patel,35,25,178,2,0,0.16666666666666666,829817
PA Patel,0,3,196,2,0,0.16666666666666666,829823
PA Patel,23,20,178,2,0,0.16666666666666666,980909
PA Patel,34,29,133,2,0,0.16666666666666666,980917
PA Patel,10,12,134,2,0,0.16666666666666666,980923
PA Patel,5,6,166,2,0,0.16666666666666666,980927
PA Patel,1,4,151,2,0,0.16666666666666666,980933
PA Patel,81,57,184,2,0,0.16666666666666666,980941
PA Patel,1,2,173,2,0,0.16666666666666666,980947
PA Patel,21,15,155,2,0,0.16666666666666666,980957
PA Patel,0,4,86,2,0,0.16666666666666666,980973
PA Patel,1,2,141,2,0,0.16666666666666666,980981
PA Patel,19,14,176,1,0,0.16666666666666666,1082592
PA Patel,30,27,168,1,0,0.16666666666666666,1082597
PA Patel,39,24,155,1,0,0.16666666666666666,1082600
PA Patel,3,8,132,1,0,0.16666666666666666,1082602
PA Patel,0,2,164,1,0,0.16666666666666666,1082606
PA Patel,37,18,191,1,0,0.16666666666666666,1082612
PA Patel,8,11,126,1,0,0.16666666666666666,1082614
PA Patel,33,27,151,1,0,0.16666666666666666,1082618
PA Patel,70,44,152,1,0,0.16666666666666666,1082625
PA Patel,0,1,158,1,0,0.16666666666666666,1082628
PA Patel,25,22,193,2,0,0.16666666666666666,1082635
PA Patel,23,17,128,2,0,0.16666666666666666,1082638
PA Patel,38,23,215,2,0,0.16666666666666666,1082641
PA Patel,52,40,133,2,0,0.16666666666666666,1082647
PA Patel,14,9,103,2,0,0.16666666666666666,1082649
PA Patel,4,6,121,2,0,0.16666666666666666,1082650
PA Patel,53,41,123,1,0,0.16666666666666666,1136595
PA Patel,20,13,136,2,0,0.16666666666666666,1136599
PA Patel,6,8,176,1,0,0.16666666666666666,1136605
PA Patel,40,22,88,2,0,0.16666666666666666,1136608
PA Patel,1,4,214,1,0,0.16666666666666666,1136611
PA Patel,33,21,131,2,0,0.16666666666666666,1136613
PA Patel,29,35,66,2,0,0.16666666666666666,1175356
PA Patel,31,22,176,1,0,0.16666666666666666,1175362
PA Patel,11,8,105,1,0,0.16666666666666666,1175366
PA Patel,66,40,152,2,0,0.16666666666666666,1175369
PA Patel,25,24,200,1,0,0.16666666666666666,1175372
PA Patel,9,9,144,1,0,0.16666666666666666,1178395
PA Patel,19,9,173,1,0,0.16666666666666666,1178403
PA Patel,28,20,163,1,0,0.16666666666666666,1178406
PA Patel,11,11,207,1,0,0.16666666666666666,1178410
PA Patel,53,37,157,1,0,0.16666666666666666,1178414
PA Patel,43,22,191,1,0,0.16666666666666666,1178417
PA Patel,39,20,166,1,0,0.16666666666666666,1178421
PA Patel,8,5,59,6,44,3.0,1178424
PA Patel,0,3,169,1,0,0.16666666666666666,1178429
ML Hayden,21,16,230,2,0,0.16666666666666666,335983
ML Hayden,76,44,185,2,0,0.16666666666666666,335989
ML Hayden,69,48,133,2,0,0.16666666666666666,335993
ML Hayden,13,19,174,2,0,0.16666666666666666,335996
ML Hayden,44,35,137,2,0,0.16666666666666666,392181
ML Hayden,65,35,166,2,0,0.16666666666666666,392185
ML Hayden,57,27,165,2,0,0.16666666666666666,392189
ML Hayden,48,33,157,2,0,0.16666666666666666,392196
ML Hayden,1,2,158,2,0,0.16666666666666666,392202
ML Hayden,30,19,154,2,0,0.16666666666666666,392206
ML Hayden,43,26,168,2,0,0.16666666666666666,392209
ML Hayden,89,58,179,2,0,0.16666666666666666,392214
ML Hayden,48,44,131,2,0,0.16666666666666666,392217
ML Hayden,60,38,125,2,0,0.16666666666666666,392224
ML Hayden,60,57,125,2,0,0.16666666666666666,392227
ML Hayden,26,19,140,2,0,0.16666666666666666,392238
ML Hayden,17,11,156,2,0,0.16666666666666666,419110
ML Hayden,1,8,161,2,0,0.16666666666666666,419113
ML Hayden,93,43,180,2,0,0.16666666666666666,419116
ML Hayden,33,23,123,2,0,0.16666666666666666,419121
ML Hayden,32,28,124,2,0,0.16666666666666666,419123
ML Hayden,20,12,166,2,0,0.16666666666666666,419125
ML Hayden,19,14,154,2,0,0.16666666666666666,419129
ML Hayden,12,14,144,2,0,0.16666666666666666,419133
ML Hayden,34,21,240,2,0,0.16666666666666666,419137
ML Hayden,35,31,147,2,0,0.16666666666666666,419142
ML Hayden,19,18,130,2,0,0.16666666666666666,419147
ML Hayden,0,2,128,2,0,0.16666666666666666,419153
ML Hayden,1,5,103,2,0,0.16666666666666666,419155
ML Hayden,5,8,184,2,0,0.16666666666666666,419159
ML Hayden,8,9,126,2,0,0.16666666666666666,419163
ML Hayden,17,31,157,2,0,0.16666666666666666,419165
MEK Hussey,116,54,230,3,20,3.0,335983
MEK Hussey,5,9,185,3,29,3.3333333333333335,335989
MEK Hussey,47,37,174,3,20,4.166666666666667,335996
MEK Hussey,14,15,147,5,103,14.0,419142
MEK Hussey,8,11,130,5,79,11.833333333333334,419147
MEK Hussey,15,18,103,5,21,3.8333333333333335,419155
MEK Hussey,83,56,179,1,0,0.16666666666666666,501211
MEK Hussey,8,10,128,1,0,0.16666666666666666,501215
MEK Hussey,41,33,145,1,0,0.16666666666666666,501221
MEK Hussey,61,48,138,2,0,0.16666666666666666,501226
MEK Hussey,9,17,137,1,0,0.16666666666666666,501228
MEK Hussey,46,41,156,2,0,0.16666666666666666,501236
MEK Hussey,79,55,145,1,0,0.16666666666666666,501240
MEK Hussey,15,26,108,1,0,0.16666666666666666,501245
MEK Hussey,46,30,188,1,0,0.16666666666666666,501249
MEK Hussey,5,4,170,1,0,0.16666666666666666,501253
MEK Hussey,32,37,148,1,0,0.16666666666666666,501261
MEK Hussey,4,7,118,1,0,0.16666666666666666,501266
MEK Hussey,0,4,168,1,0,0.16666666666666666,501268
MEK Hussey,63,45,196,1,0,0.16666666666666666,501271
MEK Hussey,18,19,133,2,0,0.16666666666666666,548347
MEK Hussey,19,32,114,1,0,0.16666666666666666,548361
MEK Hussey,38,32,114,1,0,0.16666666666666666,548364
MEK Hussey,56,39,155,1,0,0.16666666666666666,548368
MEK Hussey,7,10,116,2,0,0.16666666666666666,548371
MEK Hussey,49,39,182,2,0,0.16666666666666666,548379
MEK Hussey,20,22,216,2,0,0.16666666666666666,548380
MEK Hussey,54,43,183,1,0,0.16666666666666666,548381
MEK Hussey,20,23,132,1,0,0.16666666666666666,598002
MEK Hussey,86,54,136,2,0,0.16666666666666666,598007
MEK Hussey,6,16,156,1,0,0.16666666666666666,598012
MEK Hussey,65,50,160,1,0,0.16666666666666666,598020
MEK Hussey,40,51,118,1,0,0.16666666666666666,598022
MEK Hussey,88,51,179,2,0,0.16666666666666666,598026
MEK Hussey,45,26,154,1,0,0.16666666666666666,598030
MEK Hussey,95,59,197,2,0,0.16666666666666666,598034
MEK Hussey,5,8,160,1,0,0.16666666666666666,598038
MEK Hussey,35,29,183,2,0,0.16666666666666666,598041
MEK Hussey,22,26,70,1,0,0.16666666666666666,598046
MEK Hussey,66,41,208,1,0,0.16666666666666666,598051
MEK Hussey,40,40,133,1,0,0.16666666666666666,598058
MEK Hussey,26,26,158,1,0,0.16666666666666666,598062
MEK Hussey,6,5,80,1,0,0.16666666666666666,598068
MEK Hussey,86,58,191,1,0,0.16666666666666666,598070
MEK Hussey,1,2,116,1,0,0.16666666666666666,598073
MEK Hussey,3,13,117,1,0,0.16666666666666666,729279
MEK Hussey,16,15,103,1,0,0.16666666666666666,729287
MEK Hussey,1,7,140,1,0,0.16666666666666666,729303
MEK Hussey,10,18,113,5,35,6.833333333333333,729309
MEK Hussey,56,39,172,1,0,0.16666666666666666,734017
MEK Hussey,6,13,149,2,0,0.16666666666666666,734025
MEK Hussey,56,33,164,2,0,0.16666666666666666,734031
MEK Hussey,22,11,188,2,0,0.16666666666666666,734041
MEK Hussey,39,33,171,2,0,0.16666666666666666,734045
MEK Hussey,1,4,128,1,0,0.16666666666666666,829809
MEK Hussey,16,11,154,2,0,0.16666666666666666,829817
MEK Hussey,56,46,133,2,0,0.16666666666666666,829821
MEK Hussey,4,9,153,2,0,0.16666666666666666,829823
MS Dhoni,2,3,230,4,50,6.5,335983
MS Dhoni,30,16,185,5,127,15.166666666666666,335989
MS Dhoni,43,27,133,3,54,8.5,335993
MS Dhoni,65,30,174,5,80,12.166666666666666,335996
MS Dhoni,32,27,158,4,55,8.333333333333334,336001
MS Dhoni,1,7,102,6,32,6.0,336005
MS Dhoni,23,31,134,6,35,7.0,336007
MS Dhoni,33,33,177,3,58,6.333333333333333,336009
MS Dhoni,60,43,165,5,54,7.166666666666667,336013
MS Dhoni,43,35,144,6,45,9.0,336018
MS Dhoni,4,8,96,3,49,9.333333333333334,336029
MS Dhoni,12,8,185,5,149,15.166666666666666,336033
MS Dhoni,37,25,137,4,53,8.666666666666666,336037
MS Dhoni,29,17,156,5,91,12.833333333333334,336040
MS Dhoni,36,26,137,5,62,10.0,392181
MS Dhoni,16,14,166,4,95,10.5,392185
MS Dhoni,5,7,165,4,78,8.166666666666666,392189
MS Dhoni,22,22,157,4,59,7.0,392196
MS Dhoni,22,19,158,6,87,13.0,392202
MS Dhoni,6,7,154,6,123,15.0,392206
MS Dhoni,58,37,168,3,58,7.0,392209
MS Dhoni,56,27,179,4,75,9.333333333333334,392214
MS Dhoni,18,20,125,4,47,5.833333333333333,392224
MS Dhoni,23,22,125,5,58,11.0,392227
MS Dhoni,40,28,168,4,65,9.333333333333334,392231
MS Dhoni,2,2,109,5,66,9.666666666666666,392234
MS Dhoni,28,30,140,3,60,7.166666666666667,392238
MS Dhoni,42,29,156,6,32,5.666666666666667,419110
MS Dhoni,66,33,161,5,53,9.333333333333334,419113
MS Dhoni,21,19,154,4,74,8.833333333333334,419129
MS Dhoni,14,19,144,4,102,11.0,419133
MS Dhoni,0,1,240,5,230,19.5,419137
MS Dhoni,31,18,147,4,55,9.166666666666666,419142
MS Dhoni,7,13,130,4,63,8.0,419147
MS Dhoni,0,2,103,3,7,1.6666666666666665,419155
MS Dhoni,54,29,184,5,85,9.833333333333334,419159
MS Dhoni,30,32,126,5,26,5.0,419163
MS Dhoni,22,15,157,5,64,11.5,419165
MS Dhoni,29,21,150,4,77,10.666666666666666,501198
MS Dhoni,42,19,182,5,120,15.0,501206
MS Dhoni,22,16,179,4,94,11.0,501211
MS Dhoni,14,13,128,5,94,13.5,501215
MS Dhoni,3,6,145,5,94,11.5,501221
MS Dhoni,26,21,138,4,65,10.166666666666666,501226
MS Dhoni,21,21,156,4,73,12.666666666666666,501236
MS Dhoni,41,19,188,4,129,15.0,501249
MS Dhoni,63,31,170,5,68,10.5,501253
MS Dhoni,9,6,148,6,96,14.666666666666666,501261
MS Dhoni,70,40,118,6,19,5.833333333333333,501266
MS Dhoni,29,19,168,5,65,11.166666666666666,501268
MS Dhoni,22,13,196,3,152,15.0,501271
MS Dhoni,4,6,100,7,74,12.833333333333334,548306
MS Dhoni,7,9,182,6,90,12.5,548311
MS Dhoni,11,18,104,7,61,10.5,548316
MS Dhoni,40,23,198,4,87,10.666666666666666,548318
MS Dhoni,25,27,147,4,65,9.333333333333334,548322
MS Dhoni,28,12,161,4,114,16.0,548330
MS Dhoni,15,12,145,4,114,16.333333333333332,548332
MS Dhoni,1,4,143,6,84,12.833333333333334,548343
MS Dhoni,34,30,133,5,71,10.333333333333334,548347
MS Dhoni,33,27,151,4,76,9.833333333333334,548352
MS Dhoni,25,15,164,5,107,14.333333333333334,548355
MS Dhoni,10,16,114,5,52,11.5,548361
MS Dhoni,28,21,155,5,105,13.5,548368
MS Dhoni,6,16,116,4,18,4.666666666666667,548371
MS Dhoni,51,20,182,5,91,13.5,548379
MS Dhoni,23,10,216,4,136,13.833333333333334,548380
MS Dhoni,14,9,183,4,154,17.333333333333332,548381
MS Dhoni,51,26,132,6,56,10.5,598002
MS Dhoni,32,22,156,5,63,10.666666666666666,598012
MS Dhoni,10,13,133,6,85,13.166666666666666,598015
MS Dhoni,44,23,160,4,85,13.0,598020
MS Dhoni,9,7,118,5,38,9.166666666666666,598022
MS Dhoni,21,16,179,4,109,12.833333333333334,598026
MS Dhoni,67,36,154,4,72,9.5,598030
MS Dhoni,18,12,197,4,157,16.0,598034
MS Dhoni,45,16,160,5,100,15.666666666666666,598038
MS Dhoni,2,2,183,4,80,11.333333333333334,598041
MS Dhoni,10,12,70,7,32,6.833333333333333,598046
MS Dhoni,2,2,208,4,170,17.5,598051
MS Dhoni,2,3,133,4,80,12.333333333333334,598058
MS Dhoni,58,35,158,4,61,9.5,598062
MS Dhoni,24,10,80,5,28,4.166666666666667,598068
MS Dhoni,63,45,116,7,32,6.833333333333333,598073
MS Dhoni,26,11,190,4,146,16.666666666666668,729283
MS Dhoni,32,15,171,5,104,14.833333333333334,729293
MS Dhoni,5,8,127,5,63,8.5,729297
MS Dhoni,14,10,135,5,111,16.166666666666668,729303
MS Dhoni,13,14,142,4,111,14.166666666666666,729311
MS Dhoni,22,17,142,4,89,10.833333333333334,733971
MS Dhoni,12,5,170,4,157,18.833333333333332,733981
MS Dhoni,23,20,183,6,95,12.166666666666666,733987
MS Dhoni,22,12,149,5,114,15.666666666666666,733995
MS Dhoni,26,16,141,6,100,15.0,734003
MS Dhoni,7,6,132,5,100,14.833333333333334,734013
MS Dhoni,21,14,151,5,120,16.666666666666668,734023
MS Dhoni,57,41,177,5,73,8.833333333333334,734029
MS Dhoni,49,28,155,4,84,9.666666666666666,734035
MS Dhoni,42,30,182,7,128,12.333333333333334,734047
MS Dhoni,30,27,136,6,87,12.5,829707
MS Dhoni,53,29,190,4,117,13.666666666666666,829711
MS Dhoni,1,4,145,6,61,6.0,829723
MS Dhoni,3,6,177,5,135,12.5,829729
MS Dhoni,31,37,150,6,65,9.333333333333334,829735
MS Dhoni,13,13,171,4,64,9.0,829745
MS Dhoni,41,27,180,4,107,12.333333333333334,829753
MS Dhoni,3,6,122,5,63,9.833333333333334,829765
MS Dhoni,20,16,163,5,65,8.0,829773
MS Dhoni,29,18,143,5,94,14.333333333333334,829779
MS Dhoni,39,32,152,5,60,9.333333333333334,829789
MS Dhoni,13,7,149,6,121,17.5,829797
MS Dhoni,27,24,112,5,46,9.5,829801
MS Dhoni,25,16,128,5,96,13.833333333333334,829809
MS Dhoni,0,1,154,5,81,10.5,829817
MS Dhoni,26,29,133,5,58,9.833333333333334,829821
MS Dhoni,18,13,153,4,83,12.0,829823
MS Dhoni,22,10,161,5,131,15.833333333333334,980911
MS Dhoni,1,2,141,6,128,18.0,980919
MS Dhoni,41,38,165,5,17,2.8333333333333335,980931
MS Dhoni,23,12,154,6,117,17.333333333333332,980939
MS Dhoni,5,4,81,4,68,9.333333333333334,980943
MS Dhoni,30,18,188,4,119,14.0,980949
MS Dhoni,24,24,151,5,101,12.333333333333334,980957
MS Dhoni,27,20,153,4,99,13.5,980965
MS Dhoni,9,8,184,4,127,14.5,980969
MS Dhoni,30,20,130,6,77,13.5,980979
MS Dhoni,8,22,97,6,70,10.666666666666666,980989
MS Dhoni,64,32,165,5,74,11.666666666666666,981005
MS Dhoni,12,12,183,5,139,15.5,1082592
MS Dhoni,5,11,157,5,48,8.5,1082594
MS Dhoni,11,14,103,6,49,6.833333333333333,1082599
MS Dhoni,5,8,166,6,104,12.333333333333334,1082603
MS Dhoni,28,25,148,4,63,8.5,1082607
MS Dhoni,61,34,176,4,86,11.0,1082615
MS Dhoni,7,11,156,4,91,11.666666666666666,1082618
MS Dhoni,23,11,175,4,109,13.666666666666666,1082620
MS Dhoni,21,17,153,5,107,14.0,1082624
MS Dhoni,26,33,160,6,40,5.666666666666667,1082629
MS Dhoni,5,9,150,6,124,13.666666666666666,1082631
MS Dhoni,31,21,141,5,96,14.666666666666666,1082634
MS Dhoni,5,5,151,6,121,16.0,1082642
MS Dhoni,40,26,151,5,87,12.833333333333334,1082647
MS Dhoni,10,13,119,4,65,12.0,1082650
MS Dhoni,5,5,162,5,42,6.666666666666667,1136561
MS Dhoni,25,28,192,4,85,8.666666666666666,1136565
MS Dhoni,79,44,180,5,51,6.833333333333333,1136572
MS Dhoni,5,3,198,4,128,12.166666666666666,1136577
MS Dhoni,25,12,178,5,140,16.833333333333332,1136580
MS Dhoni,70,34,196,6,72,9.166666666666666,1136584
MS Dhoni,26,21,162,4,94,11.5,1136587
MS Dhoni,51,22,203,5,124,14.0,1136590
MS Dhoni,43,25,170,5,100,11.833333333333334,1136593
MS Dhoni,31,22,121,5,76,11.333333333333334,1136595
MS Dhoni,33,23,164,4,99,11.666666666666666,1136603
MS Dhoni,20,14,179,4,137,14.333333333333334,1136606
MS Dhoni,17,23,126,4,69,10.166666666666666,1136612
MS Dhoni,16,7,150,7,106,16.333333333333332,1136616
MS Dhoni,9,18,135,5,23,3.8333333333333335,1136617
MS Dhoni,32,35,142,5,93,10.5,1175360
MS Dhoni,73,45,166,5,27,5.0,1175367
MS Dhoni,12,21,117,5,31,5.166666666666667,1175370
MS Dhoni,37,23,155,4,97,13.666666666666666,1178393
MS Dhoni,58,43,145,6,24,6.0,1178400
MS Dhoni,16,13,160,6,80,11.333333333333334,1178404
MS Dhoni,78,47,142,6,22,6.0,1178414
MS Dhoni,38,21,166,4,83,13.666666666666666,1178425
MS Dhoni,10,12,168,4,148,16.833333333333332,1178430
MS Dhoni,37,28,126,6,62,12.333333333333334,1181764
MS Dhoni,9,9,140,5,121,16.166666666666668,1181767
MS Dhoni,2,8,139,5,70,10.666666666666666,1181768
MS Dhoni,0,2,158,7,145,18.5,1216492
MS Dhoni,29,17,194,7,109,14.0,1216496
MS Dhoni,11,12,153,4,96,12.333333333333334,1216501
MS Dhoni,3,5,175,5,108,14.833333333333334,1216509
MS Dhoni,47,36,146,5,32,6.166666666666667,1216516
MS Dhoni,16,16,102,5,3,2.0,1216521
MS Dhoni,10,6,127,5,85,14.5,1216525
MS Dhoni,21,13,162,5,113,15.5,1216528
MS Dhoni,28,28,120,5,52,8.5,1216533
MS Dhoni,1,4,167,4,112,13.833333333333334,1216536
MS Dhoni,15,12,126,6,95,15.833333333333334,1216539
MS Dhoni,19,21,148,4,113,13.666666666666666,1216544
MS Dhoni,0,2,172,7,122,15.333333333333334,1254059
MS Dhoni,18,17,173,7,115,14.333333333333334,1254069
MS Dhoni,17,8,204,4,154,16.666666666666668,1254072
MS Dhoni,2,3,178,6,137,17.666666666666668,1254076
MS Dhoni,14,11,136,6,106,16.0,1254091
MS Dhoni,12,15,125,6,39,8.666666666666666,1254094
MS Dhoni,1,4,167,6,134,17.166666666666668,1254098
MS Dhoni,3,5,145,6,5,3.1666666666666665,1254104
MS Dhoni,18,27,121,6,49,8.666666666666666,1254110
MS Dhoni,11,9,151,6,128,15.833333333333334,1254113
MS Dhoni,18,6,169,7,146,18.333333333333332,1254114
MS Dhoni,44,37,119,7,57,11.0,1304047
MS Dhoni,16,6,196,7,175,18.5,1304053
MS Dhoni,22,27,119,7,35,7.666666666666667,1304057
MS Dhoni,3,6,149,7,110,15.666666666666666,1304063
MS Dhoni,0,0,0,6,188,19.166666666666668,1304068
MS Dhoni,28,13,148,7,97,15.0,1304079
MS Dhoni,12,8,160,7,138,18.0,1304084
MS Dhoni,8,7,193,3,173,18.0,1304092
MS Dhoni,2,3,156,7,122,16.166666666666668,1304095
MS Dhoni,21,8,195,5,159,17.333333333333332,1304101
MS Dhoni,36,33,82,6,14,4.333333333333333,1304105
MS Dhoni,7,10,126,6,110,16.666666666666668,1304108
MS Dhoni,26,28,145,6,93,10.5,1304114
MS Dhoni,14,7,170,8,146,17.833333333333332,1359475
MS Dhoni,12,3,200,8,186,19.333333333333332,1359480
MS Dhoni,32,17,162,8,107,15.166666666666666,1359491
MS Dhoni,1,1,217,8,215,20.5,1359498
MS Dhoni,2,2,232,6,230,19.833333333333332,1359507
MS Dhoni,13,4,192,6,178,19.333333333333332,1359515
MS Dhoni,2,3,135,6,125,16.666666666666668,1359523
MS Dhoni,20,9,152,8,116,16.5,1359529
MS Dhoni,2,2,137,8,135,19.833333333333332,1359535
MS Dhoni,3,3,211,4,188,18.166666666666668,1359541
MS Dhoni,1,2,167,7,145,18.166666666666668,1370350
MS Dhoni,0,1,166,6,144,12.833333333333334,1370353
MS Dhoni,37,16,157,8,110,16.333333333333332,1422131
MS Dhoni,1,2,163,7,158,19.666666666666668,1422136
MS Dhoni,1,3,136,5,130,17.0,1426260
MS Dhoni,20,4,198,6,178,19.833333333333332,1426267
MS Dhoni,28,9,172,8,140,18.0,1426272
MS Dhoni,4,1,206,6,201,19.833333333333332,1426277
MS Dhoni,5,2,203,5,191,19.5,1426284
MS Dhoni,14,11,140,7,125,18.5,1426287
MS Dhoni,0,1,161,9,147,18.833333333333332,1426291
MS Dhoni,26,11,189,8,158,17.0,1426297
MS Dhoni,25,12,172,8,112,15.166666666666666,1426306
SK Raina,32,13,230,5,55,7.333333333333333,335983
SK Raina,53,37,185,4,34,4.833333333333333,335989
SK Raina,28,17,174,4,39,6.666666666666667,335996
SK Raina,3,4,158,6,126,17.333333333333332,336001
SK Raina,27,27,102,4,1,1.0,336005
SK Raina,32,21,134,4,10,3.8333333333333335,336007
SK Raina,1,2,177,4,91,9.666666666666666,336009
SK Raina,25,16,165,3,8,1.1666666666666667,336013
SK Raina,1,6,144,3,18,3.0,336018
SK Raina,21,20,96,4,54,11.166666666666666,336029
SK Raina,45,24,185,3,12,1.8333333333333335,336033
SK Raina,54,43,137,3,24,3.5,336037
SK Raina,55,34,112,3,13,2.5,336039
SK Raina,43,30,156,3,37,5.5,336040
SK Raina,8,9,137,3,0,0.5,392181
SK Raina,28,29,166,3,95,10.333333333333334,392185
SK Raina,41,26,165,3,51,5.666666666666667,392189
SK Raina,25,19,157,3,0,0.5,392196
SK Raina,97,54,158,3,4,1.3333333333333333,392202
SK Raina,32,21,154,3,34,5.0,392206
SK Raina,32,19,168,4,90,12.333333333333334,392209
SK Raina,32,20,179,3,0,0.3333333333333333,392214
SK Raina,13,11,131,3,18,3.1666666666666665,392217
SK Raina,13,10,125,3,31,3.6666666666666665,392224
SK Raina,20,12,125,3,0,0.3333333333333333,392227
SK Raina,52,36,168,3,46,6.5,392231
SK Raina,20,21,109,3,40,5.0,392234
SK Raina,20,19,140,4,68,8.833333333333334,392238
SK Raina,6,3,156,3,12,2.3333333333333335,419110
SK Raina,18,20,161,3,16,3.3333333333333335,419113
SK Raina,49,34,180,4,61,7.166666666666667,419116
SK Raina,15,11,123,3,58,8.833333333333334,419121
SK Raina,9,7,124,4,49,9.5,419123
SK Raina,83,51,166,3,27,3.6666666666666665,419125
SK Raina,14,12,154,3,24,3.8333333333333335,419129
SK Raina,32,32,144,3,59,7.0,419133
SK Raina,13,7,240,3,62,6.0,419137
SK Raina,23,18,147,3,20,4.166666666666667,419142
SK Raina,52,42,130,3,39,4.833333333333333,419147
SK Raina,78,39,128,3,1,0.8333333333333334,419153
SK Raina,15,19,103,4,11,2.5,419155
SK Raina,46,27,184,3,13,3.0,419159
SK Raina,2,4,126,3,10,2.1666666666666665,419163
SK Raina,57,35,157,3,42,7.5,419165
SK Raina,33,29,150,3,5,1.1666666666666667,501198
SK Raina,0,1,182,3,0,0.3333333333333333,501206
SK Raina,29,16,179,3,50,6.666666666666667,501211
SK Raina,50,40,128,3,10,2.6666666666666665,501215
SK Raina,5,4,145,3,27,3.8333333333333335,501221
SK Raina,2,4,138,3,63,9.5,501226
SK Raina,34,25,137,4,73,12.0,501228
SK Raina,59,35,156,3,13,3.8333333333333335,501236
SK Raina,61,51,145,3,8,2.0,501240
SK Raina,4,9,108,3,7,4.0,501245
SK Raina,43,27,188,3,74,9.5,501249
SK Raina,14,10,170,3,6,1.1666666666666667,501253
SK Raina,19,13,148,3,19,3.1666666666666665,501261
SK Raina,4,6,118,3,6,2.3333333333333335,501266
SK Raina,72,48,168,3,1,1.1666666666666667,501268
SK Raina,8,5,196,4,180,18.333333333333332,501271
SK Raina,36,26,100,3,3,1.0,548306
SK Raina,16,12,182,3,2,1.0,548311
SK Raina,17,16,104,3,0,0.3333333333333333,548316
SK Raina,23,14,198,3,55,7.0,548318
SK Raina,19,18,147,3,43,6.333333333333333,548322
SK Raina,0,2,161,3,114,15.666666666666666,548330
SK Raina,26,24,145,3,55,7.666666666666667,548332
SK Raina,15,17,143,3,47,5.666666666666667,548343
SK Raina,44,34,133,3,5,1.8333333333333335,548347
SK Raina,32,24,151,3,15,2.5,548352
SK Raina,36,21,164,3,45,5.5,548355
SK Raina,23,17,114,3,1,1.1666666666666667,548361
SK Raina,28,20,114,3,74,10.333333333333334,548364
SK Raina,8,10,155,3,92,10.5,548368
SK Raina,17,13,116,3,15,3.1666666666666665,548371
SK Raina,0,1,182,3,1,1.3333333333333333,548379
SK Raina,27,17,216,3,67,8.333333333333334,548380
SK Raina,73,38,183,3,83,10.5,548381
SK Raina,10,7,132,3,10,2.1666666666666665,598002
SK Raina,30,22,156,3,3,2.3333333333333335,598012
SK Raina,8,10,133,3,0,0.5,598015
SK Raina,30,32,160,3,29,4.666666666666667,598020
SK Raina,7,8,118,4,29,7.5,598022
SK Raina,51,35,179,3,22,2.6666666666666665,598026
SK Raina,16,13,154,3,62,7.666666666666667,598030
SK Raina,44,25,197,3,102,10.333333333333334,598034
SK Raina,63,50,160,3,5,2.6666666666666665,598038
SK Raina,100,53,183,3,27,4.0,598041
SK Raina,0,1,70,3,9,2.3333333333333335,598046
SK Raina,97,51,208,3,44,5.5,598051
SK Raina,1,2,133,3,77,11.666666666666666,598058
SK Raina,7,11,158,3,54,7.5,598062
SK Raina,0,1,80,3,11,1.6666666666666665,598068
SK Raina,82,42,191,3,51,7.5,598070
SK Raina,0,1,116,3,2,0.8333333333333334,598073
SK Raina,24,19,190,3,111,12.833333333333334,729283
SK Raina,56,41,171,3,22,3.5,729293
SK Raina,4,9,127,3,34,5.666666666666667,729297
SK Raina,1,4,135,3,55,6.5,729303
SK Raina,14,10,142,3,82,11.0,729311
SK Raina,31,25,142,3,20,2.6666666666666665,733971
SK Raina,47,27,170,3,74,11.5,733981
SK Raina,35,27,183,3,4,1.0,733987
SK Raina,19,11,149,3,27,4.666666666666667,733995
SK Raina,2,3,141,3,19,2.3333333333333335,734003
SK Raina,62,48,132,3,28,4.5,734013
SK Raina,65,52,151,3,5,1.5,734023
SK Raina,4,7,177,3,33,3.6666666666666665,734029
SK Raina,18,18,155,3,56,4.5,734035
SK Raina,54,32,167,3,58,6.5,734045
SK Raina,83,24,182,3,1,0.5,734047
SK Raina,4,7,136,3,16,1.5,829707
SK Raina,14,12,190,3,62,8.333333333333334,829711
SK Raina,8,10,145,3,0,0.3333333333333333,829723
SK Raina,43,28,177,3,101,7.5,829729
SK Raina,4,8,150,3,15,2.5,829735
SK Raina,62,32,171,3,8,2.0,829745
SK Raina,29,25,180,3,50,4.833333333333333,829753
SK Raina,17,21,122,3,39,4.833333333333333,829765
SK Raina,23,15,163,3,13,2.0,829773
SK Raina,52,46,143,3,0,1.1666666666666667,829779
SK Raina,10,10,152,3,39,5.0,829789
SK Raina,3,6,149,3,12,2.8333333333333335,829797
SK Raina,11,8,112,3,16,6.166666666666667,829801
SK Raina,41,34,128,4,10,2.0,829809
SK Raina,25,20,154,4,44,5.333333333333333,829817
SK Raina,0,2,133,4,58,9.5,829821
SK Raina,28,19,153,3,20,4.833333333333333,829823
SK Raina,20,9,156,3,1,1.1666666666666667,980905
SK Raina,24,24,148,3,79,8.666666666666666,980911
SK Raina,27,22,136,3,12,1.6666666666666665,980917
SK Raina,75,51,130,3,0,0.8333333333333334,980929
SK Raina,28,24,163,3,41,5.5,980937
SK Raina,2,5,169,3,111,10.833333333333334,980945
SK Raina,34,28,189,3,89,8.333333333333334,980949
SK Raina,18,15,127,3,12,1.8333333333333335,980955
SK Raina,24,20,143,4,16,3.3333333333333335,980961
SK Raina,20,10,121,3,2,2.8333333333333335,980967
SK Raina,14,18,159,3,37,5.666666666666667,980975
SK Raina,53,36,108,3,0,0.3333333333333333,981001
SK Raina,58,36,167,3,0,0.5,981007
SK Raina,1,9,147,3,1,1.3333333333333333,981013
SK Raina,1,5,157,3,6,1.1666666666666667,981017
SK Raina,68,51,179,3,21,3.3333333333333335,1082593
SK Raina,5,8,132,3,34,5.0,1082596
SK Raina,35,22,167,3,92,9.166666666666666,1082603
SK Raina,24,28,157,3,0,0.6666666666666666,1082606
SK Raina,23,8,184,3,1,1.5,1082610
SK Raina,84,46,183,3,40,3.8333333333333335,1082613
SK Raina,32,24,155,3,6,1.1666666666666667,1082616
SK Raina,34,28,127,3,18,2.6666666666666665,1082621
SK Raina,1,3,141,3,18,2.1666666666666665,1082625
SK Raina,8,8,154,3,54,6.166666666666667,1082629
SK Raina,77,43,203,3,10,1.3333333333333333,1082632
SK Raina,39,25,186,3,89,9.5,1082637
SK Raina,6,5,184,3,18,3.3333333333333335,1082640
SK Raina,2,5,148,3,108,11.0,1082643
SK Raina,4,6,162,3,27,3.8333333333333335,1136561
SK Raina,14,12,192,3,75,6.0,1136565
SK Raina,46,29,198,3,49,4.666666666666667,1136577
SK Raina,54,43,178,3,13,3.6666666666666665,1136580
SK Raina,11,9,196,3,8,1.1666666666666667,1136584
SK Raina,75,47,162,3,26,4.5,1136587
SK Raina,1,2,203,3,98,11.166666666666666,1136590
SK Raina,31,26,170,3,48,5.333333333333333,1136593
SK Raina,25,21,121,3,17,3.1666666666666665,1136595
SK Raina,52,34,164,3,19,2.3333333333333335,1136603
SK Raina,2,3,179,3,134,13.666666666666666,1136606
SK Raina,15,18,126,3,45,7.0,1136612
SK Raina,61,48,150,3,3,1.5,1136616
SK Raina,22,13,135,3,0,1.0,1136617
SK Raina,32,24,175,3,15,4.166666666666667,1136620
SK Raina,18,20,65,3,7,2.3333333333333335,1175356
SK Raina,30,16,142,3,21,2.8333333333333335,1175360
SK Raina,36,32,166,3,1,2.1666666666666665,1175367
SK Raina,16,15,117,3,1,0.8333333333333334,1175370
SK Raina,17,20,155,3,55,7.5,1178393
SK Raina,14,13,102,3,18,2.5,1178398
SK Raina,4,4,145,3,0,0.8333333333333334,1178400
SK Raina,58,42,160,3,29,3.3333333333333335,1178404
SK Raina,13,13,125,3,76,10.0,1178408
SK Raina,0,1,142,3,6,1.0,1178414
SK Raina,38,24,167,3,3,2.6666666666666665,1178416
SK Raina,2,4,101,3,9,1.0,1178419
SK Raina,59,37,166,3,4,3.5,1178425
SK Raina,53,38,168,3,28,4.5,1178430
SK Raina,5,6,126,3,6,2.3333333333333335,1181764
SK Raina,11,13,140,3,76,10.5,1181767
SK Raina,8,14,139,3,33,4.166666666666667,1181768
SK Raina,54,36,172,4,5,2.3333333333333335,1254059
SK Raina,8,9,100,4,84,12.666666666666666,1254065
SK Raina,18,15,173,4,45,5.833333333333333,1254069
SK Raina,24,18,178,3,70,9.333333333333334,1254076
SK Raina,17,15,170,5,146,15.166666666666666,1254080
SK Raina,2,4,202,4,110,11.0,1254084
SK Raina,3,5,184,3,47,7.0,1254089
SK Raina,2,3,136,4,102,14.833333333333334,1254091
SK Raina,11,6,167,5,117,14.5,1254098
SK Raina,4,6,145,5,1,2.1666666666666665,1254104
SK Raina,17,10,151,5,113,14.166666666666666,1254113
JDP Oram,13,10,230,6,120,12.5,335983
JDP Oram,5,2,185,6,172,19.166666666666668,335989
JDP Oram,0,0,0,6,174,20.0,335996
JDP Oram,8,6,137,6,81,12.833333333333334,392181
JDP Oram,41,28,157,5,95,12.666666666666666,392196
JDP Oram,2,6,158,5,84,11.333333333333334,392202
JDP Oram,3,7,154,7,127,15.5,392206
JDP Oram,1,2,131,5,116,17.166666666666668,392217
JDP Oram,7,15,125,5,89,12.333333333333334,392224
JDP Oram,17,21,109,6,68,10.0,392234
JDP Oram,9,7,140,6,122,17.5,392238
JDP Oram,0,3,94,7,66,9.833333333333334,501258
S Badrinath,31,14,230,7,157,15.666666666666666,335983
S Badrinath,2,1,185,7,183,20.0,335989
S Badrinath,11,5,158,7,134,18.5,336001
S Badrinath,15,14,102,5,6,3.0,336005
S Badrinath,0,4,134,5,26,5.833333333333333,336007
S Badrinath,8,5,177,7,156,18.333333333333332,336009
S Badrinath,64,47,165,4,17,2.5,336013
S Badrinath,53,33,144,4,28,6.0,336018
S Badrinath,1,3,96,5,73,13.5,336029
S Badrinath,1,2,185,6,174,17.833333333333332,336033
S Badrinath,6,2,156,7,141,19.333333333333332,336040
S Badrinath,0,2,137,7,93,14.666666666666666,392181
S Badrinath,7,8,165,7,142,16.166666666666668,392189
S Badrinath,8,9,157,7,122,17.0,392196
S Badrinath,29,27,158,4,17,3.6666666666666665,392202
S Badrinath,45,34,154,4,44,5.833333333333333,392206
S Badrinath,0,1,179,1,0,0.16666666666666666,392214
S Badrinath,59,41,131,4,35,6.166666666666667,392217
S Badrinath,2,9,125,6,97,13.5,392224
S Badrinath,22,23,125,4,23,4.0,392227
S Badrinath,4,9,109,4,54,7.0,392234
S Badrinath,1,1,140,7,134,19.5,392238
S Badrinath,5,12,156,4,18,2.8333333333333335,419110
S Badrinath,43,33,161,4,51,8.833333333333334,419113
S Badrinath,14,15,180,3,20,2.3333333333333335,419116
S Badrinath,2,2,123,5,87,13.166666666666666,419121
S Badrinath,31,17,124,6,62,11.833333333333334,419123
S Badrinath,55,45,166,4,33,5.166666666666667,419125
S Badrinath,25,27,154,5,78,9.833333333333334,419129
S Badrinath,7,6,144,6,136,17.666666666666668,419133
S Badrinath,4,1,240,6,236,19.833333333333332,419137
S Badrinath,30,21,147,6,103,14.166666666666666,419142
S Badrinath,6,6,130,6,105,15.0,419147
S Badrinath,29,28,103,6,47,8.333333333333334,419155
S Badrinath,53,36,184,4,26,4.333333333333333,419159
S Badrinath,37,41,126,4,23,3.3333333333333335,419163
S Badrinath,14,11,157,4,45,8.833333333333334,419165
S Badrinath,66,56,182,4,0,0.5,501206
S Badrinath,5,3,179,6,172,19.333333333333332,501211
S Badrinath,19,17,128,4,46,7.5,501215
S Badrinath,71,48,145,4,34,5.0,501221
S Badrinath,11,7,138,6,120,17.5,501226
S Badrinath,63,44,137,3,16,4.5,501228
S Badrinath,5,2,156,6,148,19.333333333333332,501236
S Badrinath,54,41,108,4,12,6.0,501245
S Badrinath,53,42,170,4,41,5.666666666666667,501253
S Badrinath,13,10,148,4,40,5.833333333333333,501261
S Badrinath,0,10,118,4,14,3.6666666666666665,501266
S Badrinath,34,32,168,4,5,1.6666666666666665,501268
S Badrinath,0,0,0,6,190,19.833333333333332,501271
S Badrinath,10,16,100,6,70,11.5,548306
S Badrinath,25,20,182,4,41,5.666666666666667,548311
S Badrinath,15,16,104,4,24,3.3333333333333335,548316
S Badrinath,57,48,161,2,0,0.16666666666666666,548330
S Badrinath,15,22,145,1,0,0.16666666666666666,548332
S Badrinath,25,18,143,2,0,0.16666666666666666,548343
S Badrinath,1,1,151,8,138,19.333333333333332,548352
S Badrinath,1,1,164,8,160,19.166666666666668,548355
S Badrinath,47,39,182,4,1,1.5,548379
S Badrinath,16,16,132,5,40,7.833333333333333,598002
S Badrinath,34,28,156,4,9,4.166666666666667,598012
S Badrinath,34,26,133,4,22,4.5,598015
S Badrinath,6,13,118,6,52,11.666666666666666,598022
S Badrinath,34,31,160,4,27,5.833333333333333,598038
S Badrinath,0,3,70,4,9,2.5,598046
S Badrinath,0,0,0,7,76,7.833333333333333,598068
S Badrinath,0,3,116,4,2,1.0,598073
K Goel,24,19,196,1,0,0.16666666666666666,335983
K Goel,26,21,161,1,0,0.16666666666666666,335987
K Goel,18,21,175,1,0,0.16666666666666666,335991
K Goel,1,3,151,1,0,0.16666666666666666,335995
K Goel,6,7,163,6,95,11.666666666666666,336003
K Goel,1,7,160,3,16,2.1666666666666665,336013
K Goel,38,21,96,2,0,0.16666666666666666,392183
K Goel,0,7,146,2,0,0.16666666666666666,392186
K Goel,19,19,160,2,0,0.16666666666666666,392191
K Goel,0,0,0,2,0,0.16666666666666666,392195
K Goel,12,12,102,2,0,0.16666666666666666,392200
K Goel,20,29,124,2,0,0.16666666666666666,392204
K Goel,1,4,114,3,0,0.3333333333333333,392210
K Goel,14,20,168,3,2,0.5,392214
K Goel,20,21,101,8,67,11.833333333333334,392222
K Goel,17,17,138,7,94,14.5,419127
K Goel,1,3,142,8,109,16.166666666666668,419132
JR Hopes,71,33,196,2,0,0.16666666666666666,335983
JR Hopes,16,16,161,2,0,0.16666666666666666,335987
JR Hopes,18,12,163,2,0,0.16666666666666666,336003
JR Hopes,5,4,110,2,0,0.16666666666666666,336006
JR Hopes,14,7,160,2,0,0.16666666666666666,336013
JR Hopes,27,19,135,2,0,0.16666666666666666,336016
JR Hopes,51,35,214,2,0,0.16666666666666666,336019
JR Hopes,4,6,90,2,0,0.16666666666666666,336022
JR Hopes,0,1,177,2,0,0.16666666666666666,336028
JR Hopes,13,10,163,2,0,0.16666666666666666,336035
JR Hopes,2,5,108,2,0,0.16666666666666666,336039
JR Hopes,13,4,180,8,157,18.333333333333332,501213
JR Hopes,17,14,139,7,88,14.5,501216
JR Hopes,54,42,147,3,30,4.5,501227
JR Hopes,25,30,124,3,13,2.1666666666666665,501230
JR Hopes,17,10,169,7,144,16.5,501243
JR Hopes,55,44,132,6,6,3.166666666666667,501246
JR Hopes,8,6,144,6,93,15.333333333333334,501253
JR Hopes,7,7,129,6,80,14.0,501257
KC Sangakkara,54,33,196,3,55,6.166666666666667,335983
KC Sangakkara,20,8,161,3,34,5.0,335987
KC Sangakkara,94,56,175,3,8,1.8333333333333335,335991
KC Sangakkara,4,2,151,3,1,1.1666666666666667,335995
KC Sangakkara,3,4,161,3,41,6.166666666666667,335999
KC Sangakkara,27,20,163,3,27,4.0,336003
KC Sangakkara,50,25,170,2,0,0.16666666666666666,336031
KC Sangakkara,64,45,163,3,18,3.3333333333333335,336035
KC Sangakkara,3,4,108,3,8,1.6666666666666665,336039
KC Sangakkara,8,11,96,4,60,6.333333333333333,392183
KC Sangakkara,26,24,146,4,47,6.5,392186
KC Sangakkara,26,18,160,3,42,6.833333333333333,392191
KC Sangakkara,60,51,126,3,0,0.3333333333333333,392195
KC Sangakkara,45,44,102,3,18,4.0,392200
KC Sangakkara,17,23,124,4,72,11.166666666666666,392204
KC Sangakkara,0,2,144,2,0,0.16666666666666666,392207
KC Sangakkara,11,15,114,2,0,0.16666666666666666,392210
KC Sangakkara,25,18,160,3,39,4.666666666666667,392216
KC Sangakkara,8,19,101,4,19,3.5,392222
KC Sangakkara,43,46,113,5,31,5.5,392226
KC Sangakkara,56,42,127,5,22,4.5,392229
KC Sangakkara,7,9,86,5,41,11.333333333333334,392234
KC Sangakkara,17,9,129,3,2,1.5,419108
KC Sangakkara,0,3,152,3,9,2.5,419117
KC Sangakkara,15,16,132,3,18,3.0,419121
KC Sangakkara,29,13,144,2,0,0.16666666666666666,419124
KC Sangakkara,30,27,138,4,38,5.833333333333333,419127
KC Sangakkara,45,27,169,3,3,1.8333333333333335,419136
KC Sangakkara,38,22,199,3,49,5.0,419139
KC Sangakkara,9,7,144,3,26,3.6666666666666665,419143
KC Sangakkara,56,42,154,3,40,4.666666666666667,419146
KC Sangakkara,33,30,106,3,39,6.833333333333333,419149
KC Sangakkara,52,36,166,3,0,1.0,419156
KC Sangakkara,33,24,187,3,31,3.1666666666666665,419159
KC Sangakkara,0,3,133,3,40,5.0,501199
KC Sangakkara,16,15,145,4,14,3.5,501203
KC Sangakkara,36,25,168,3,17,3.0,501208
KC Sangakkara,35,28,154,3,13,2.1666666666666665,501212
KC Sangakkara,49,35,163,3,14,1.6666666666666665,501216
KC Sangakkara,34,28,123,3,14,2.0,501224
KC Sangakkara,65,45,122,4,5,2.5,501229
KC Sangakkara,15,12,141,4,85,11.166666666666666,501236
KC Sangakkara,0,2,144,3,41,5.666666666666667,501239
KC Sangakkara,44,36,163,3,17,3.0,501243
KC Sangakkara,12,13,135,3,50,6.833333333333333,501250
KC Sangakkara,27,28,128,3,0,0.5,501256
KC Sangakkara,25,21,129,3,59,8.333333333333334,501259
KC Sangakkara,14,19,133,5,46,7.166666666666667,548314
KC Sangakkara,1,7,150,1,0,0.16666666666666666,548321
KC Sangakkara,44,32,183,1,0,0.16666666666666666,548326
KC Sangakkara,4,5,185,3,28,5.0,548329
KC Sangakkara,12,15,122,1,0,0.16666666666666666,548335
KC Sangakkara,12,14,166,4,45,6.166666666666667,548341
KC Sangakkara,76,51,169,4,22,4.833333333333333,548348
KC Sangakkara,1,5,146,4,76,10.833333333333334,548352
KC Sangakkara,10,3,175,4,164,19.5,548356
KC Sangakkara,4,6,133,5,63,10.333333333333334,548359
KC Sangakkara,1,4,177,3,44,6.166666666666667,548366
KC Sangakkara,15,22,122,3,6,1.1666666666666667,548376
KC Sangakkara,15,16,123,3,31,5.666666666666667,598000
KC Sangakkara,16,17,114,5,41,8.5,598004
KC Sangakkara,28,28,112,3,1,1.5,598010
KC Sangakkara,2,3,120,3,51,9.166666666666666,598013
KC Sangakkara,4,4,133,3,2,1.0,598032
KC Sangakkara,21,21,125,3,16,2.5,598039
KC Sangakkara,8,14,78,5,42,7.0,598044
KC Sangakkara,23,24,155,3,12,2.3333333333333335,598048
KC Sangakkara,3,9,142,3,11,2.0,598051
Yuvraj Singh,23,13,196,4,107,10.5,335983
Yuvraj Singh,57,34,161,5,63,7.833333333333333,335987
Yuvraj Singh,18,9,175,4,78,8.333333333333334,335991
Yuvraj Singh,40,29,151,5,65,8.333333333333334,335995
Yuvraj Singh,14,9,161,4,45,7.0,335999
Yuvraj Singh,17,10,163,4,46,6.166666666666667,336003
Yuvraj Singh,1,4,110,4,52,8.833333333333334,336006
Yuvraj Singh,2,5,160,5,93,12.333333333333334,336013
Yuvraj Singh,49,16,214,3,131,13.833333333333334,336019
Yuvraj Singh,23,8,90,3,3,1.3333333333333333,336022
Yuvraj Singh,7,6,177,4,129,15.0,336028
Yuvraj Singh,17,15,170,3,83,7.833333333333333,336031
Yuvraj Singh,27,18,163,4,98,12.833333333333334,336035
Yuvraj Singh,4,8,108,4,11,2.5,336039
Yuvraj Singh,16,11,96,3,60,6.166666666666667,392183
Yuvraj Singh,38,28,146,5,48,6.833333333333333,392186
Yuvraj Singh,30,17,160,4,81,12.666666666666666,392191
Yuvraj Singh,2,3,126,4,20,4.333333333333333,392195
Yuvraj Singh,10,13,102,4,18,4.666666666666667,392200
Yuvraj Singh,50,34,124,1,0,0.16666666666666666,392204
Yuvraj Singh,14,16,144,5,72,9.5,392207
Yuvraj Singh,48,37,114,6,24,6.166666666666667,392210
Yuvraj Singh,58,36,168,4,51,6.5,392214
Yuvraj Singh,18,13,160,4,40,5.0,392216
Yuvraj Singh,12,18,101,5,45,5.666666666666667,392222
Yuvraj Singh,18,31,113,4,31,4.333333333333333,392226
Yuvraj Singh,20,18,127,4,11,3.166666666666667,392229
Yuvraj Singh,6,19,86,4,31,7.0,392234
Yuvraj Singh,4,5,129,4,34,5.333333333333333,419108
Yuvraj Singh,9,6,186,3,116,14.333333333333334,419112
Yuvraj Singh,4,6,152,4,10,3.1666666666666665,419117
Yuvraj Singh,43,28,132,5,58,10.0,419121
Yuvraj Singh,15,13,144,4,82,8.0,419124
Yuvraj Singh,24,16,138,2,0,0.16666666666666666,419127
Yuvraj Singh,2,3,142,5,74,10.833333333333334,419132
Yuvraj Singh,35,19,169,5,79,11.333333333333334,419136
Yuvraj Singh,33,16,199,4,145,13.833333333333334,419139
Yuvraj Singh,28,16,144,4,47,6.333333333333333,419143
Yuvraj Singh,15,21,154,4,85,10.333333333333334,419146
Yuvraj Singh,21,25,106,4,62,11.166666666666666,419149
Yuvraj Singh,20,20,166,4,82,11.5,419156
Yuvraj Singh,1,4,187,4,87,11.0,419159
Yuvraj Singh,21,15,109,5,66,8.666666666666666,501202
Yuvraj Singh,8,12,140,4,49,7.833333333333333,501207
Yuvraj Singh,66,32,175,4,73,8.666666666666666,501213
Yuvraj Singh,0,2,104,5,14,4.5,501218
Yuvraj Singh,34,43,110,5,36,5.166666666666667,501226
Yuvraj Singh,62,43,136,5,27,5.5,501228
Yuvraj Singh,41,23,146,4,73,11.833333333333334,501232
Yuvraj Singh,7,11,138,4,70,8.5,501235
Yuvraj Singh,20,16,129,5,39,8.833333333333334,501241
Yuvraj Singh,35,15,108,4,60,10.0,501248
Yuvraj Singh,2,6,134,5,95,12.833333333333334,501250
Yuvraj Singh,23,17,133,5,45,6.833333333333333,501259
Yuvraj Singh,24,26,104,6,62,12.666666666666666,501262
Yuvraj Singh,2,5,102,4,40,8.666666666666666,598000
Yuvraj Singh,28,23,138,4,95,12.166666666666666,598009
Yuvraj Singh,24,16,137,4,4,1.3333333333333333,598011
Yuvraj Singh,34,24,177,3,81,10.666666666666666,598025
Yuvraj Singh,16,14,129,3,0,0.5,598027
Yuvraj Singh,31,24,143,3,72,10.5,598035
Yuvraj Singh,5,4,120,4,23,3.1666666666666665,598038
Yuvraj Singh,16,11,164,4,44,7.166666666666667,598042
Yuvraj Singh,15,11,167,3,87,11.166666666666666,598047
Yuvraj Singh,1,2,102,3,19,2.8333333333333335,598053
Yuvraj Singh,33,29,108,4,24,5.0,598055
Yuvraj Singh,30,20,169,4,97,13.0,598061
Yuvraj Singh,3,7,163,4,71,9.833333333333334,598067
Yuvraj Singh,48,28,138,4,60,9.0,729281
Yuvraj Singh,0,2,114,4,17,3.6666666666666665,729287
Yuvraj Singh,29,33,138,4,61,8.333333333333334,729299
Yuvraj Singh,3,7,66,4,1,1.0,729305
Yuvraj Singh,35,32,113,6,26,4.0,729313
Yuvraj Singh,14,16,153,6,55,10.333333333333334,733977
Yuvraj Singh,6,10,158,5,108,12.833333333333334,733983
Yuvraj Singh,3,11,154,6,39,7.0,733991
Yuvraj Singh,83,38,183,5,40,8.333333333333334,733999
Yuvraj Singh,68,27,177,5,90,12.666666666666666,734005
Yuvraj Singh,13,9,129,5,99,17.166666666666668,734013
Yuvraj Singh,21,25,153,4,22,5.333333333333333,734021
Yuvraj Singh,22,12,153,4,89,12.666666666666666,734027
Yuvraj Singh,25,24,148,5,33,5.833333333333333,734035
Yuvraj Singh,9,6,144,6,85,13.333333333333334,829707
Yuvraj Singh,27,17,175,4,89,11.166666666666666,829715
Yuvraj Singh,54,39,157,4,49,7.5,829725
Yuvraj Singh,9,13,158,4,87,11.666666666666666,829731
Yuvraj Singh,21,19,133,5,49,8.833333333333334,829739
Yuvraj Singh,1,3,181,5,167,18.166666666666668,829747
Yuvraj Singh,2,5,87,4,30,5.666666666666667,829757
Yuvraj Singh,0,3,151,5,93,13.5,829761
Yuvraj Singh,22,18,160,4,30,4.333333333333333,829777
Yuvraj Singh,57,44,148,5,48,6.833333333333333,829783
Yuvraj Singh,2,7,153,4,59,8.5,829793
Yuvraj Singh,32,28,120,4,24,4.333333333333333,829801
Yuvraj Singh,11,7,181,4,106,11.5,829813
Yuvraj Singh,5,14,123,5,52,9.5,980967
Yuvraj Singh,39,23,172,4,88,11.666666666666666,980973
Yuvraj Singh,23,21,132,4,59,10.5,980979
Yuvraj Singh,8,8,130,4,91,13.166666666666666,980983
Yuvraj Singh,42,24,165,4,85,12.333333333333334,980991
Yuvraj Singh,10,11,155,4,48,6.833333333333333,981003
Yuvraj Singh,19,12,138,4,84,11.666666666666666,981009
Yuvraj Singh,44,30,156,4,69,9.833333333333334,981015
Yuvraj Singh,8,13,161,4,31,4.333333333333333,981017
Yuvraj Singh,38,23,194,4,93,10.0,981019
Yuvraj Singh,62,27,200,4,89,10.666666666666666,1082591
Yuvraj Singh,5,7,146,4,98,13.333333333333334,1082600
Yuvraj Singh,26,16,148,4,57,10.0,1082604
Yuvraj Singh,0,1,148,4,44,9.333333333333334,1082609
Yuvraj Singh,3,4,186,4,143,16.333333333333332,1082611
Yuvraj Singh,15,12,204,4,144,14.5,1082623
Yuvraj Singh,6,6,201,4,164,16.5,1082627
Yuvraj Singh,66,40,173,4,71,8.5,1082630
Yuvraj Singh,47,43,134,4,29,4.666666666666667,1082634
Yuvraj Singh,9,11,136,4,97,12.333333333333334,1082638
Yuvraj Singh,9,9,121,4,72,12.166666666666666,1082648
Yuvraj Singh,12,22,165,3,58,3.5,1136562
Yuvraj Singh,4,4,149,4,31,3.5,1136568
Yuvraj Singh,20,13,196,4,126,11.666666666666666,1136572
Yuvraj Singh,14,17,129,5,59,7.666666666666667,1136582
Yuvraj Singh,14,14,164,3,52,6.833333333333333,1136594
Yuvraj Singh,1,3,174,6,161,18.833333333333332,1136610
Yuvraj Singh,53,35,167,4,35,5.333333333333333,1175358
Yuvraj Singh,23,12,175,4,83,10.833333333333334,1175362
Yuvraj Singh,18,22,169,4,62,6.5,1175364
Yuvraj Singh,4,6,158,4,43,7.333333333333333,1175370
SM Katich,21,17,196,5,145,14.5,335983
SM Katich,74,51,151,2,0,0.16666666666666666,335995
SM Katich,3,5,124,3,69,10.0,392204
SM Katich,34,28,144,3,1,1.0,392207
SM Katich,10,13,114,4,1,1.1666666666666667,392210
SM Katich,50,25,168,2,0,0.16666666666666666,392214
SM Katich,9,11,160,2,0,0.16666666666666666,392216
SM Katich,0,2,101,2,0,0.16666666666666666,392222
SM Katich,20,10,113,2,0,0.16666666666666666,392226
SM Katich,11,10,127,2,0,0.16666666666666666,392229
SM Katich,8,13,86,2,0,0.16666666666666666,392234
IK Pathan,3,5,196,6,180,17.833333333333332,335983
IK Pathan,12,19,161,6,70,9.166666666666666,335987
IK Pathan,6,3,175,2,0,0.16666666666666666,335991
IK Pathan,9,6,151,7,133,16.833333333333332,335995
IK Pathan,24,26,163,7,99,12.333333333333334,336003
IK Pathan,17,17,110,6,91,14.5,336006
IK Pathan,40,18,160,7,95,13.333333333333334,336013
IK Pathan,9,5,177,6,140,17.833333333333332,336028
IK Pathan,7,4,163,6,154,18.5,336035
IK Pathan,3,12,108,6,33,6.0,336039
IK Pathan,6,7,96,6,90,10.666666666666666,392183
IK Pathan,32,17,146,3,9,2.5,392186
IK Pathan,39,33,126,6,42,8.5,392195
IK Pathan,7,10,102,6,48,10.666666666666666,392200
IK Pathan,12,9,124,6,109,17.333333333333332,392204
IK Pathan,19,16,144,6,100,14.333333333333334,392207
IK Pathan,19,17,114,7,32,8.0,392210
IK Pathan,10,12,160,6,83,10.166666666666666,392216
IK Pathan,0,3,101,3,4,1.5,392222
IK Pathan,21,11,113,6,82,16.0,392226
IK Pathan,17,11,127,7,100,16.333333333333332,392229
IK Pathan,14,12,86,7,55,15.333333333333334,392234
IK Pathan,21,16,129,6,38,6.333333333333333,419108
IK Pathan,3,1,186,5,178,19.666666666666668,419112
IK Pathan,60,29,152,7,55,10.333333333333334,419117
IK Pathan,39,32,132,2,0,0.16666666666666666,419121
IK Pathan,1,1,144,6,108,12.666666666666666,419124
IK Pathan,22,14,138,6,88,13.833333333333334,419127
IK Pathan,18,14,142,6,77,11.5,419132
IK Pathan,16,5,169,6,139,17.833333333333332,419136
IK Pathan,24,23,144,5,101,11.666666666666666,419143
IK Pathan,15,6,154,5,121,16.833333333333332,419146
IK Pathan,12,17,106,2,0,0.16666666666666666,419149
IK Pathan,1,1,166,5,165,20.0,419156
IK Pathan,44,27,187,5,90,12.166666666666666,419159
IK Pathan,0,1,91,7,79,14.5,501201
IK Pathan,9,5,142,7,113,17.833333333333332,501204
IK Pathan,14,16,180,3,68,7.166666666666667,501213
IK Pathan,5,9,139,6,81,12.666666666666666,501216
IK Pathan,13,7,147,7,134,18.5,501227
IK Pathan,9,12,124,4,41,6.833333333333333,501230
IK Pathan,13,7,141,7,120,18.0,501233
IK Pathan,5,6,133,7,109,17.333333333333332,501238
IK Pathan,12,15,169,6,78,10.5,501243
IK Pathan,23,18,132,7,91,13.833333333333334,501246
IK Pathan,44,34,144,4,48,7.333333333333333,501253
IK Pathan,3,7,129,5,63,11.5,501257
IK Pathan,42,20,95,3,46,6.5,548307
IK Pathan,24,15,133,7,81,13.833333333333334,548310
IK Pathan,5,11,158,6,63,9.833333333333334,548321
IK Pathan,15,11,167,4,87,9.333333333333334,548333
IK Pathan,0,1,198,4,144,15.333333333333334,548342
IK Pathan,7,5,144,7,119,18.166666666666668,548345
IK Pathan,36,22,139,5,87,12.833333333333334,548357
IK Pathan,13,17,107,7,69,13.5,548364
IK Pathan,19,10,138,7,93,14.166666666666666,548369
IK Pathan,4,4,187,8,154,16.5,548372
IK Pathan,5,7,136,4,102,13.0,548374
IK Pathan,6,3,130,8,119,19.0,548378
IK Pathan,4,7,123,7,85,13.5,597998
IK Pathan,1,1,149,7,148,19.666666666666668,598001
IK Pathan,10,12,155,6,94,11.333333333333334,598006
IK Pathan,23,30,103,6,42,9.166666666666666,598010
IK Pathan,19,8,146,7,116,18.166666666666668,598017
IK Pathan,2,6,79,7,57,10.5,598020
IK Pathan,1,7,151,3,11,2.8333333333333335,598028
IK Pathan,4,1,150,7,145,19.833333333333332,598035
IK Pathan,13,19,74,7,51,12.5,598044
IK Pathan,23,10,168,7,120,16.333333333333332,598054
IK Pathan,14,17,113,8,85,14.833333333333334,598059
IK Pathan,4,5,126,8,95,15.0,598062
IK Pathan,24,28,118,6,43,7.666666666666667,598067
IK Pathan,5,9,113,6,45,7.166666666666667,729295
IK Pathan,1,1,154,7,144,19.5,729317
IK Pathan,4,2,145,7,140,19.166666666666668,733977
IK Pathan,21,21,122,7,86,13.0,733989
IK Pathan,1,2,179,6,159,19.166666666666668,734007
IK Pathan,23,19,132,6,92,12.833333333333334,734015
IK Pathan,2,2,141,7,138,19.333333333333332,980919
IK Pathan,7,8,97,5,65,9.833333333333334,980989
IK Pathan,2,3,165,6,76,12.166666666666666,981005
IK Pathan,2,3,141,8,88,14.0,1082625
T Kohli,7,12,122,1,0,0.16666666666666666,335984
T Kohli,3,3,204,6,192,18.5,336033
T Kohli,0,0,0,8,90,11.166666666666666,392183
T Kohli,1,4,146,7,113,15.833333333333334,392186
YK Pathan,10,5,122,2,0,0.16666666666666666,335984
YK Pathan,7,5,151,3,5,1.3333333333333333,335987
YK Pathan,61,28,209,3,12,2.3333333333333335,335990
YK Pathan,21,12,135,3,1,0.8333333333333334,335992
YK Pathan,53,31,179,4,48,7.166666666666667,336000
YK Pathan,8,5,89,3,59,10.333333333333334,336005
YK Pathan,1,3,96,3,12,2.5,336008
YK Pathan,68,37,130,2,0,0.16666666666666666,336011
YK Pathan,8,13,138,1,0,0.16666666666666666,336015
YK Pathan,39,15,176,5,76,11.166666666666666,336019
YK Pathan,48,18,143,6,66,10.0,336027
YK Pathan,6,5,204,4,143,14.166666666666666,336033
YK Pathan,2,4,129,3,20,3.3333333333333335,336036
YK Pathan,45,21,188,6,125,13.833333333333334,336038
YK Pathan,53,37,147,5,37,6.833333333333333,336040
YK Pathan,11,14,49,5,8,6.5,392182
YK Pathan,42,21,140,4,13,2.5,392190
YK Pathan,10,13,102,4,6,2.333333333333333,392195
YK Pathan,62,30,138,7,59,11.166666666666666,392198
YK Pathan,20,13,118,5,48,9.666666666666666,392202
YK Pathan,24,14,135,8,89,14.333333333333334,392205
YK Pathan,12,7,200,3,129,15.0,392210
YK Pathan,22,19,104,4,48,8.833333333333334,392213
YK Pathan,7,11,132,5,72,12.5,392217
YK Pathan,6,7,109,5,41,8.0,392220
YK Pathan,17,14,138,3,41,6.666666666666667,392225
YK Pathan,1,5,122,6,67,12.333333333333334,392230
YK Pathan,9,15,96,6,41,5.666666666666667,392233
YK Pathan,100,37,203,5,40,6.666666666666667,419107
YK Pathan,0,5,136,4,44,5.0,419111
YK Pathan,26,24,85,5,34,8.0,419115
YK Pathan,15,14,160,5,67,8.5,419118
YK Pathan,28,19,173,4,57,7.5,419124
YK Pathan,73,34,140,3,51,6.666666666666667,419126
YK Pathan,8,6,174,4,97,11.166666666666666,419129
YK Pathan,24,14,118,6,31,4.333333333333333,419134
YK Pathan,4,2,207,3,62,7.5,419137
YK Pathan,5,7,147,5,87,11.166666666666666,419141
YK Pathan,20,12,147,3,104,9.666666666666666,419143
YK Pathan,10,8,129,7,55,10.5,419150
YK Pathan,11,9,118,6,46,10.333333333333334,419154
YK Pathan,8,9,129,3,58,7.666666666666667,419158
YK Pathan,11,12,143,3,58,9.0,501198
YK Pathan,22,15,153,5,124,17.0,501203
YK Pathan,8,3,115,7,78,15.166666666666666,501219
YK Pathan,46,24,157,4,91,13.5,501222
YK Pathan,5,8,140,5,78,12.0,501230
YK Pathan,47,26,158,4,75,11.166666666666666,501239
YK Pathan,17,13,136,5,94,14.166666666666666,501242
YK Pathan,36,24,82,5,29,5.666666666666667,501255
YK Pathan,29,24,114,4,51,7.666666666666667,501262
YK Pathan,36,27,169,5,63,9.0,501267
YK Pathan,26,24,141,5,13,3.5,501269
YK Pathan,0,4,90,5,19,3.0,548307
YK Pathan,15,14,135,6,23,5.833333333333333,548312
YK Pathan,1,3,159,4,121,13.666666666666666,548315
YK Pathan,7,7,125,6,99,16.666666666666668,548320
YK Pathan,0,3,123,6,71,12.333333333333334,548323
YK Pathan,6,4,118,5,59,10.0,548335
YK Pathan,7,4,185,4,171,18.833333333333332,548344
YK Pathan,12,11,127,5,100,16.333333333333332,548347
YK Pathan,11,15,131,3,98,12.666666666666666,548353
YK Pathan,7,11,138,5,122,15.5,548357
YK Pathan,39,30,150,5,58,9.833333333333334,548363
YK Pathan,11,8,155,5,110,14.833333333333334,548368
YK Pathan,20,20,125,6,81,13.5,548370
YK Pathan,14,9,127,6,110,18.0,548375
YK Pathan,40,21,158,5,88,13.833333333333334,548378
YK Pathan,1,2,182,5,145,16.5,548381
YK Pathan,18,16,123,6,97,14.5,597998
YK Pathan,0,2,114,6,38,7.0,598005
YK Pathan,27,17,148,4,52,8.333333333333334,598008
YK Pathan,3,3,172,5,161,19.0,598013
YK Pathan,13,16,141,6,109,15.166666666666666,598016
YK Pathan,25,22,115,2,0,0.16666666666666666,598022
YK Pathan,18,5,152,1,0,0.16666666666666666,598029
YK Pathan,0,1,138,3,10,1.5,598031
YK Pathan,3,3,166,6,159,18.833333333333332,598034
YK Pathan,20,16,129,3,4,0.5,598040
YK Pathan,49,35,123,4,46,7.333333333333333,598043
YK Pathan,13,8,96,4,37,6.333333333333333,598050
YK Pathan,3,6,141,6,83,14.166666666666666,598053
YK Pathan,18,16,111,4,29,6.166666666666667,598057
YK Pathan,72,44,148,4,10,4.166666666666667,598061
YK Pathan,49,29,116,5,52,10.833333333333334,598069
YK Pathan,4,4,155,5,137,18.166666666666668,729279
YK Pathan,11,8,148,6,120,17.166666666666668,729289
YK Pathan,0,2,143,5,88,11.666666666666666,729299
YK Pathan,3,5,99,6,45,11.333333333333334,729307
YK Pathan,41,29,109,7,60,9.666666666666666,733971
YK Pathan,0,1,149,6,120,15.333333333333334,733979
YK Pathan,20,13,137,4,92,14.333333333333334,734009
YK Pathan,39,28,145,4,58,10.0,734015
YK Pathan,22,13,187,4,22,3.8333333333333335,734027
YK Pathan,72,22,146,4,42,7.666666666666667,734037
YK Pathan,20,18,156,5,64,9.0,734043
YK Pathan,36,22,194,4,57,6.333333333333333,734049
YK Pathan,14,12,166,5,118,14.5,829705
YK Pathan,3,4,171,5,127,16.333333333333332,829713
YK Pathan,28,24,157,5,59,7.0,829733
YK Pathan,40,26,140,5,72,10.166666666666666,829739
YK Pathan,6,7,98,5,77,9.0,829743
YK Pathan,42,24,159,5,78,11.833333333333334,829761
YK Pathan,13,18,127,5,60,7.333333333333333,829765
YK Pathan,9,5,101,5,92,8.833333333333334,829771
YK Pathan,30,19,160,6,100,14.0,829781
YK Pathan,29,19,177,5,67,9.0,829791
YK Pathan,52,37,158,4,44,6.166666666666667,829805
YK Pathan,44,34,164,4,18,3.1666666666666665,829811
YK Pathan,9,6,177,5,155,17.5,980909
YK Pathan,12,6,133,6,116,16.0,980925
YK Pathan,36,27,152,5,55,6.666666666666667,980939
YK Pathan,19,8,173,7,144,17.5,980947
YK Pathan,10,9,144,4,32,4.833333333333333,980951
YK Pathan,60,29,170,5,60,9.166666666666666,980959
YK Pathan,19,16,159,3,100,13.666666666666666,980963
YK Pathan,63,41,152,6,23,6.0,980975
YK Pathan,37,18,56,4,7,0.8333333333333334,980989
YK Pathan,6,12,171,4,87,10.833333333333334,980995
YK Pathan,36,36,117,5,41,6.5,981001
YK Pathan,52,34,167,5,55,7.666666666666667,981009
YK Pathan,2,6,131,5,57,9.333333333333334,981015
YK Pathan,6,11,163,5,58,7.666666666666667,1082597
YK Pathan,21,15,161,5,109,14.5,1082604
YK Pathan,59,39,158,5,20,3.0,1082608
YK Pathan,11,4,184,5,166,18.5,1082613
YK Pathan,8,8,123,5,60,6.5,1082617
YK Pathan,12,13,156,5,89,11.166666666666666,1082627
YK Pathan,4,9,150,5,35,6.0,1082631
YK Pathan,0,5,153,6,151,14.333333333333334,1082636
YK Pathan,2,3,149,7,128,17.5,1082639
YK Pathan,20,7,155,6,49,6.5,1082644
YK Pathan,0,1,44,3,7,0.6666666666666666,1082648
YK Pathan,14,14,147,7,104,13.166666666666666,1136567
YK Pathan,17,7,134,7,115,17.5,1136570
YK Pathan,19,13,161,4,13,2.0,1136576
YK Pathan,45,27,176,6,70,10.666666666666666,1136580
YK Pathan,29,33,106,6,40,5.666666666666667,1136583
YK Pathan,21,19,124,6,74,13.833333333333334,1136585
YK Pathan,2,3,150,6,133,17.333333333333332,1136588
YK Pathan,27,12,157,5,126,17.333333333333332,1136596
YK Pathan,12,7,137,6,105,16.166666666666668,1136599
YK Pathan,2,4,161,5,133,15.333333333333334,1136614
YK Pathan,24,29,130,6,50,6.833333333333333,1136617
YK Pathan,3,7,169,6,110,15.333333333333334,1136619
YK Pathan,45,25,169,5,95,12.333333333333334,1136620
YK Pathan,1,4,173,4,138,16.166666666666668,1175357
YK Pathan,16,12,195,6,164,15.666666666666666,1175363
YK Pathan,6,6,229,4,201,17.666666666666668,1175366
YK Pathan,9,11,120,6,90,14.666666666666666,1175371
YK Pathan,0,4,90,6,59,10.666666666666666,1178394
YK Pathan,0,0,0,6,128,16.833333333333332,1178408
YK Pathan,5,4,171,5,163,19.166666666666668,1178416
YK Pathan,3,4,169,6,105,14.0,1178429
SR Watson,21,15,122,3,16,2.6666666666666665,335984
SR Watson,75,48,151,4,12,2.6666666666666665,335987
SR Watson,4,6,209,4,109,9.666666666666666,335990
SR Watson,61,41,135,4,26,3.5,335992
SR Watson,0,1,179,5,100,11.833333333333334,336000
SR Watson,14,8,89,4,71,12.166666666666666,336005
SR Watson,32,20,96,4,21,3.3333333333333335,336008
SR Watson,5,2,130,4,122,15.666666666666666,336011
SR Watson,70,37,138,4,12,5.166666666666667,336015
SR Watson,22,19,176,4,28,5.0,336019
SR Watson,46,28,167,3,86,12.5,336023
SR Watson,19,15,143,5,42,6.0,336027
SR Watson,18,19,129,4,30,5.333333333333333,336036
SR Watson,52,29,188,4,64,7.166666666666667,336038
SR Watson,28,19,147,4,36,6.333333333333333,336040
SR Watson,60,25,207,4,73,8.166666666666666,419137
SR Watson,58,36,147,4,16,2.8333333333333335,419141
SR Watson,1,2,129,4,8,2.3333333333333335,419150
SR Watson,18,24,118,4,16,2.8333333333333335,419154
SR Watson,44,26,129,1,0,0.16666666666666666,419158
SR Watson,22,13,140,4,71,11.666666666666666,501209
SR Watson,11,13,76,1,0,0.16666666666666666,501214
SR Watson,24,16,145,3,12,2.1666666666666665,501220
SR Watson,49,40,109,1,0,0.16666666666666666,501225
SR Watson,26,32,93,1,0,0.16666666666666666,501231
SR Watson,11,13,132,1,0,0.16666666666666666,501235
SR Watson,32,26,139,1,0,0.16666666666666666,501240
SR Watson,11,10,128,1,0,0.16666666666666666,501249
SR Watson,34,29,134,1,0,0.16666666666666666,501252
SR Watson,20,13,94,3,17,3.1666666666666665,501258
SR Watson,89,47,132,1,0,0.16666666666666666,501263
SR Watson,8,9,136,3,68,8.833333333333334,548349
SR Watson,36,17,171,3,6,1.5,548354
SR Watson,90,51,126,3,4,1.6666666666666665,548358
SR Watson,5,11,114,3,4,2.0,548361
SR Watson,58,31,167,3,27,4.666666666666667,548365
SR Watson,13,13,118,3,8,1.6666666666666665,548373
SR Watson,45,36,142,3,7,2.0,548377
SR Watson,5,10,134,1,0,0.16666666666666666,598005
SR Watson,32,19,117,1,0,0.16666666666666666,598014
SR Watson,31,25,163,1,0,0.16666666666666666,598019
SR Watson,6,9,117,1,0,0.16666666666666666,598023
SR Watson,101,60,175,1,0,0.16666666666666666,598026
SR Watson,98,53,144,3,7,2.6666666666666665,598032
SR Watson,41,31,168,4,46,6.833333333333333,598036
SR Watson,34,34,124,1,0,0.16666666666666666,598043
SR Watson,5,5,179,3,95,12.0,598047
SR Watson,28,14,144,3,97,13.833333333333334,598049
SR Watson,31,25,141,3,5,1.5,598052
SR Watson,70,34,143,5,19,4.833333333333333,598058
SR Watson,19,16,136,5,24,4.833333333333333,598063
SR Watson,11,20,107,3,37,7.666666666666667,598065
SR Watson,24,15,131,3,13,2.1666666666666665,598071
SR Watson,6,8,151,3,43,6.666666666666667,598072
SR Watson,3,7,130,4,15,3.6666666666666665,729285
SR Watson,50,29,181,4,48,6.333333333333333,729291
SR Watson,7,6,131,4,36,5.5,729297
SR Watson,24,24,68,5,33,6.666666666666667,729305
SR Watson,33,24,147,4,49,8.666666666666666,729315
SR Watson,16,10,152,5,111,15.166666666666666,733975
SR Watson,30,19,162,4,101,13.833333333333334,733979
SR Watson,11,10,92,4,26,4.166666666666667,733989
SR Watson,1,5,178,3,52,7.333333333333333,733999
SR Watson,51,36,136,2,0,0.16666666666666666,734003
SR Watson,5,6,145,3,15,2.6666666666666665,734017
SR Watson,0,1,156,4,54,8.333333333333334,734033
SR Watson,8,18,184,1,0,0.16666666666666666,734041
SR Watson,73,47,156,2,0,0.16666666666666666,829735
SR Watson,45,35,181,2,0,0.16666666666666666,829741
SR Watson,26,22,126,2,0,0.16666666666666666,829749
SR Watson,28,23,166,2,0,0.16666666666666666,829769
SR Watson,21,24,181,2,0,0.16666666666666666,829777
SR Watson,12,12,187,2,0,0.16666666666666666,829787
SR Watson,28,30,132,2,0,0.16666666666666666,829797
SR Watson,100,58,185,2,0,0.16666666666666666,829811
SR Watson,10,5,106,2,0,0.16666666666666666,829819
SR Watson,19,8,216,4,158,16.166666666666668,980907
SR Watson,33,19,182,4,101,11.5,980921
SR Watson,5,10,157,4,84,10.5,980927
SR Watson,1,1,173,4,170,19.833333333333332,980931
SR Watson,6,6,177,2,0,0.16666666666666666,980937
SR Watson,2,3,176,4,82,10.166666666666666,980953
SR Watson,34,21,180,5,108,13.833333333333334,980959
SR Watson,36,13,188,4,93,12.166666666666666,980969
SR Watson,1,3,171,4,63,8.0,980977
SR Watson,15,14,144,5,59,10.333333333333334,980981
SR Watson,0,1,240,4,240,20.0,980987
SR Watson,1,2,196,5,184,14.166666666666666,980999
SR Watson,14,18,129,5,78,10.333333333333334,981011
SR Watson,1,6,142,5,17,3.6666666666666665,981013
SR Watson,11,9,191,5,142,14.0,981019
SR Watson,22,17,165,5,110,11.833333333333334,1082591
SR Watson,24,24,151,2,0,0.16666666666666666,1082595
SR Watson,1,4,144,1,0,0.16666666666666666,1082598
SR Watson,14,18,126,5,66,10.666666666666666,1082607
SR Watson,3,5,158,6,99,12.5,1082628
SR Watson,3,6,112,6,52,8.0,1082633
SR Watson,4,4,152,7,127,18.0,1082646
SR Watson,16,14,162,1,0,0.16666666666666666,1136561
SR Watson,42,19,192,1,0,0.16666666666666666,1136565
SR Watson,11,9,180,1,0,0.16666666666666666,1136572
SR Watson,106,56,198,1,0,0.16666666666666666,1136577
SR Watson,9,15,178,1,0,0.16666666666666666,1136580
SR Watson,7,4,196,1,0,0.16666666666666666,1136584
SR Watson,12,11,162,1,0,0.16666666666666666,1136587
SR Watson,78,40,203,1,0,0.16666666666666666,1136590
SR Watson,36,25,170,1,0,0.16666666666666666,1136593
SR Watson,11,14,121,1,0,0.16666666666666666,1136595
SR Watson,39,31,164,1,0,0.16666666666666666,1136603
SR Watson,57,35,179,1,0,0.16666666666666666,1136606
SR Watson,14,23,126,1,0,0.16666666666666666,1136612
SR Watson,0,5,135,1,0,0.16666666666666666,1136617
SR Watson,117,57,175,1,0,0.16666666666666666,1136620
SR Watson,0,10,65,1,0,0.16666666666666666,1175356
SR Watson,44,26,142,1,0,0.16666666666666666,1175360
SR Watson,13,13,166,2,0,0.16666666666666666,1175367
SR Watson,5,5,117,1,0,0.16666666666666666,1175370
SR Watson,26,24,155,1,0,0.16666666666666666,1178393
SR Watson,17,9,102,1,0,0.16666666666666666,1178398
SR Watson,0,4,145,1,0,0.16666666666666666,1178400
SR Watson,6,7,160,1,0,0.16666666666666666,1178404
SR Watson,31,29,125,1,0,0.16666666666666666,1178408
SR Watson,5,3,142,1,0,0.16666666666666666,1178414
SR Watson,96,53,167,1,0,0.16666666666666666,1178416
SR Watson,8,4,101,2,0,0.16666666666666666,1178419
SR Watson,0,9,166,2,0,0.16666666666666666,1178425
SR Watson,7,11,168,2,0,0.16666666666666666,1178430
SR Watson,10,13,126,2,0,0.16666666666666666,1181764
SR Watson,50,32,140,2,0,0.16666666666666666,1181767
SR Watson,80,59,139,2,0,0.16666666666666666,1181768
SR Watson,4,5,158,2,0,0.16666666666666666,1216492
SR Watson,33,21,194,2,0,0.16666666666666666,1216496
SR Watson,50,40,153,1,0,0.16666666666666666,1216501
SR Watson,36,28,175,3,0,0.6666666666666666,1216509
SR Watson,83,53,170,1,0,0.16666666666666666,1216513
SR Watson,1,6,146,2,0,0.16666666666666666,1216516
SR Watson,14,18,127,1,0,0.16666666666666666,1216525
SR Watson,42,38,162,3,9,2.3333333333333335,1216528
SR Watson,8,3,120,3,13,3.1666666666666665,1216533
SR Watson,14,19,167,1,0,0.16666666666666666,1216536
SR Watson,14,16,126,2,0,0.16666666666666666,1216539
M Kaif,9,19,122,4,26,4.0,335984
M Kaif,5,7,151,1,0,0.16666666666666666,335987
M Kaif,34,16,209,5,123,12.166666666666666,335990
M Kaif,4,6,135,5,127,16.166666666666668,335992
M Kaif,21,18,179,3,11,2.1666666666666665,336000
M Kaif,4,7,96,5,68,9.166666666666666,336008
M Kaif,17,14,130,3,103,13.0,336011
M Kaif,1,5,138,3,10,3.3333333333333335,336015
M Kaif,1,5,176,1,0,0.16666666666666666,336019
M Kaif,34,31,143,4,42,5.5,336027
M Kaif,10,7,204,5,171,16.5,336033
M Kaif,12,15,129,5,43,7.333333333333333,336036
M Kaif,12,11,188,5,75,9.0,336038
M Kaif,12,9,147,6,96,14.333333333333334,336040
M Kaif,6,6,129,7,97,13.5,419108
M Kaif,14,16,132,6,64,11.166666666666666,419121
M Kaif,8,8,144,7,110,13.166666666666666,419124
M Kaif,8,5,179,6,167,18.666666666666668,501232
M Kaif,3,4,199,7,182,18.166666666666668,501244
M Kaif,15,13,99,5,70,7.666666666666667,501255
M Kaif,15,11,112,6,38,7.166666666666667,501260
M Kaif,14,16,133,6,75,10.666666666666666,548324
DS Lehmann,1,2,122,5,39,6.5,335984
DS Lehmann,17,16,151,5,36,5.0,335987
RA Jadeja,29,23,122,6,44,7.833333333333333,335984
RA Jadeja,36,24,151,6,85,11.5,335987
RA Jadeja,1,3,209,6,182,17.333333333333332,335990
RA Jadeja,33,18,179,6,105,12.166666666666666,336000
RA Jadeja,0,1,96,6,76,11.0,336008
RA Jadeja,6,6,138,5,70,10.833333333333334,336015
RA Jadeja,22,19,129,6,67,11.666666666666666,336036
RA Jadeja,7,5,188,7,151,16.166666666666668,336038
RA Jadeja,0,1,147,7,128,17.166666666666668,336040
RA Jadeja,11,10,49,7,21,8.833333333333334,392182
RA Jadeja,22,26,140,5,67,8.333333333333334,392190
RA Jadeja,37,44,102,6,24,4.666666666666667,392195
RA Jadeja,16,13,138,5,31,6.833333333333333,392198
RA Jadeja,37,33,118,4,24,5.666666666666667,392202
RA Jadeja,12,17,135,5,2,2.1666666666666665,392205
RA Jadeja,31,11,200,4,147,16.5,392210
RA Jadeja,1,3,104,5,89,14.0,392213
RA Jadeja,27,19,132,4,51,9.0,392217
RA Jadeja,19,20,109,6,71,11.5,392220
RA Jadeja,42,32,138,4,62,10.0,392225
RA Jadeja,24,18,122,5,18,6.5,392230
RA Jadeja,14,19,96,7,57,9.5,392233
RA Jadeja,23,16,144,5,108,15.333333333333334,501200
RA Jadeja,46,32,136,6,24,5.0,501207
RA Jadeja,25,11,173,3,118,14.333333333333334,501210
RA Jadeja,16,6,132,5,108,13.166666666666666,501215
RA Jadeja,29,18,124,5,53,10.0,501219
RA Jadeja,22,23,100,5,35,7.833333333333333,501225
RA Jadeja,23,35,67,7,4,3.3333333333333335,501229
RA Jadeja,31,22,111,6,42,9.833333333333334,501233
RA Jadeja,8,11,149,5,78,12.0,501242
RA Jadeja,23,22,115,6,68,10.5,501247
RA Jadeja,17,18,155,3,74,8.833333333333334,501254
RA Jadeja,19,13,132,5,76,14.0,501261
RA Jadeja,3,5,100,8,83,15.333333333333334,548306
RA Jadeja,48,29,182,5,62,8.333333333333334,548311
RA Jadeja,13,17,104,5,38,6.666666666666667,548316
RA Jadeja,4,1,198,7,187,19.5,548318
RA Jadeja,44,26,147,5,79,11.666666666666666,548322
RA Jadeja,7,3,161,6,139,19.0,548330
RA Jadeja,17,11,143,5,71,10.5,548343
RA Jadeja,9,13,133,6,85,13.166666666666666,548347
RA Jadeja,4,9,151,6,116,15.166666666666666,548352
RA Jadeja,9,6,164,7,154,18.666666666666668,548355
RA Jadeja,16,13,114,6,54,12.333333333333334,548361
RA Jadeja,3,2,155,7,146,19.5,548368
RA Jadeja,13,14,116,6,43,10.5,548371
RA Jadeja,1,2,182,6,102,14.5,548379
RA Jadeja,16,11,132,7,63,12.333333333333334,598002
RA Jadeja,37,19,156,6,75,12.5,598012
RA Jadeja,27,22,133,5,39,6.833333333333333,598015
RA Jadeja,36,14,118,7,67,15.666666666666666,598022
RA Jadeja,0,2,179,5,148,16.333333333333332,598026
RA Jadeja,1,4,154,6,125,17.5,598030
RA Jadeja,1,1,197,5,187,19.5,598034
RA Jadeja,5,2,183,6,164,18.666666666666668,598041
RA Jadeja,20,16,70,8,38,9.333333333333334,598046
RA Jadeja,14,6,208,5,172,18.0,598051
RA Jadeja,12,14,133,5,83,13.0,598058
RA Jadeja,24,17,158,5,66,10.833333333333334,598062
RA Jadeja,7,4,80,6,55,6.333333333333333,598068
RA Jadeja,0,2,116,6,31,6.166666666666667,598073
RA Jadeja,7,3,171,6,136,17.5,729293
RA Jadeja,36,33,127,6,70,10.333333333333334,729297
RA Jadeja,6,9,142,6,123,16.0,729311
RA Jadeja,17,9,142,5,116,14.666666666666666,733971
RA Jadeja,17,8,183,4,54,7.833333333333333,733987
RA Jadeja,6,7,149,6,122,17.0,733995
RA Jadeja,11,6,141,7,113,18.0,734003
RA Jadeja,10,9,132,6,110,16.5,734013
RA Jadeja,9,4,151,6,127,17.666666666666668,734023
RA Jadeja,27,21,182,5,90,6.333333333333333,734047
RA Jadeja,17,18,136,5,59,8.333333333333334,829707
RA Jadeja,0,1,190,5,179,19.5,829711
RA Jadeja,24,30,145,7,63,7.0,829723
RA Jadeja,8,8,171,5,117,13.0,829745
RA Jadeja,18,11,180,5,133,15.5,829753
RA Jadeja,15,20,122,7,79,13.166666666666666,829765
RA Jadeja,14,12,163,8,136,16.666666666666668,829773
RA Jadeja,3,4,143,6,97,15.166666666666666,829779
RA Jadeja,3,4,112,8,104,18.333333333333332,829801
RA Jadeja,19,10,154,7,105,14.0,829817
RA Jadeja,0,0,0,8,128,19.166666666666668,829821
RA Jadeja,11,8,153,8,118,16.5,829823
RA Jadeja,8,12,156,5,114,12.0,980905
RA Jadeja,3,7,148,5,136,16.333333333333332,980911
RA Jadeja,14,14,130,6,88,13.333333333333334,980929
RA Jadeja,11,9,163,5,126,15.833333333333334,980937
RA Jadeja,4,7,169,5,116,12.166666666666666,980945
RA Jadeja,0,1,189,6,174,18.5,980949
RA Jadeja,11,11,127,5,36,6.833333333333333,980955
RA Jadeja,36,26,143,6,71,11.166666666666666,980961
RA Jadeja,18,13,121,7,74,14.333333333333334,980967
RA Jadeja,9,9,159,6,150,16.666666666666668,980975
RA Jadeja,21,19,91,3,9,2.0,980987
RA Jadeja,11,10,108,6,80,10.166666666666666,981001
RA Jadeja,21,15,167,6,118,12.5,981007
RA Jadeja,3,7,147,6,90,14.0,981013
RA Jadeja,19,15,157,7,80,12.833333333333334,981017
RA Jadeja,23,22,184,6,99,11.166666666666666,1082610
RA Jadeja,19,13,183,7,118,12.833333333333334,1082613
RA Jadeja,9,7,155,5,70,9.166666666666666,1082616
RA Jadeja,2,4,127,5,108,12.333333333333334,1082621
RA Jadeja,28,21,141,6,51,8.5,1082625
RA Jadeja,19,12,154,7,105,12.0,1082629
RA Jadeja,18,7,203,7,174,17.333333333333332,1082632
RA Jadeja,7,6,186,6,161,17.833333333333332,1082637
RA Jadeja,13,7,184,6,137,16.333333333333332,1082640
RA Jadeja,20,14,148,6,117,13.333333333333334,1082643
RA Jadeja,12,13,162,6,50,8.666666666666666,1136561
RA Jadeja,11,7,192,6,150,16.833333333333332,1136565
RA Jadeja,19,13,180,6,104,13.833333333333334,1136572
RA Jadeja,2,1,198,7,196,20.333333333333332,1136577
RA Jadeja,3,5,196,5,58,6.5,1136584
RA Jadeja,0,0,0,7,154,19.833333333333332,1136587
RA Jadeja,0,0,0,6,201,20.0,1136590
RA Jadeja,12,12,170,6,118,14.833333333333334,1136593
RA Jadeja,27,18,126,6,92,14.666666666666666,1136612
RA Jadeja,3,5,135,7,54,11.5,1136617
RA Jadeja,6,15,65,5,55,14.5,1175356
RA Jadeja,8,3,166,7,137,18.666666666666668,1175367
RA Jadeja,1,2,117,6,77,14.333333333333334,1175370
RA Jadeja,8,3,145,7,113,18.0,1178400
RA Jadeja,31,17,160,7,120,15.833333333333334,1178404
RA Jadeja,10,20,125,7,97,15.0,1178408
RA Jadeja,11,12,142,7,74,13.333333333333334,1178414
RA Jadeja,25,10,166,5,98,15.0,1178425
RA Jadeja,5,5,139,7,128,18.5,1181768
RA Jadeja,10,5,158,5,113,16.166666666666668,1216492
RA Jadeja,1,2,194,8,173,19.0,1216496
RA Jadeja,21,8,153,7,125,17.333333333333332,1216501
RA Jadeja,33,13,175,6,127,16.666666666666668,1216509
RA Jadeja,50,35,146,6,38,8.5,1216516
RA Jadeja,7,6,102,6,3,3.0,1216521
RA Jadeja,7,6,127,7,102,16.5,1216525
RA Jadeja,25,10,162,6,117,16.5,1216528
RA Jadeja,35,30,120,6,55,10.166666666666666,1216533
RA Jadeja,29,10,167,6,133,17.5,1216536
RA Jadeja,12,9,126,7,110,17.5,1216539
RA Jadeja,26,17,172,6,109,14.0,1254059
RA Jadeja,8,7,173,6,114,13.666666666666666,1254069
RA Jadeja,6,1,204,5,185,19.166666666666668,1254072
RA Jadeja,56,27,178,5,106,14.0,1254076
RA Jadeja,7,6,170,4,146,15.166666666666666,1254080
RA Jadeja,22,22,202,6,114,12.166666666666666,1254084
RA Jadeja,32,15,184,6,132,16.5,1254089
RA Jadeja,15,17,125,7,56,12.166666666666666,1254094
RA Jadeja,22,8,167,7,137,17.333333333333332,1254098
RA Jadeja,26,33,145,7,22,6.166666666666667,1254104
RA Jadeja,1,2,121,7,118,19.333333333333332,1254110
RA Jadeja,0,0,0,8,157,19.333333333333332,1254114
RA Jadeja,26,28,119,5,45,8.166666666666666,1304047
RA Jadeja,17,9,196,6,152,16.5,1304053
RA Jadeja,0,3,119,5,21,4.833333333333333,1304057
RA Jadeja,23,15,149,6,108,15.0,1304063
RA Jadeja,0,1,203,5,188,19.0,1304068
RA Jadeja,22,12,163,6,125,16.5,1304075
RA Jadeja,3,8,148,6,84,13.0,1304079
RA Jadeja,21,16,160,6,80,12.666666666666666,1304084
RA Jadeja,1,1,193,4,183,19.5,1304092
RA Jadeja,3,5,156,6,109,14.333333333333334,1304095
RA Jadeja,1,2,170,7,144,17.333333333333332,1359475
RA Jadeja,3,6,200,7,163,17.166666666666668,1359480
RA Jadeja,25,15,162,7,98,14.333333333333334,1359491
RA Jadeja,10,8,217,7,196,17.833333333333332,1359498
RA Jadeja,18,8,232,5,192,17.666666666666668,1359507
RA Jadeja,23,15,168,7,122,15.0,1359511
RA Jadeja,12,10,192,5,151,16.333333333333332,1359515
RA Jadeja,21,16,152,7,105,14.833333333333334,1359529
RA Jadeja,19,23,137,7,72,11.166666666666666,1359535
RA Jadeja,20,7,211,5,188,18.5,1359541
RA Jadeja,22,16,167,6,122,15.333333333333334,1370350
RA Jadeja,15,6,166,7,144,13.0,1370353
RA Jadeja,25,17,160,6,107,12.666666666666666,1422119
RA Jadeja,7,3,200,7,193,19.666666666666668,1422125
RA Jadeja,21,17,157,7,95,13.833333333333334,1422131
RA Jadeja,31,23,163,5,117,13.833333333333334,1422136
RA Jadeja,57,40,172,4,33,4.5,1426272
RA Jadeja,16,19,206,4,49,5.5,1426277
RA Jadeja,2,4,140,4,59,8.833333333333334,1426287
RA Jadeja,43,26,161,6,74,9.0,1426291
RA Jadeja,18,10,189,7,129,14.666666666666666,1426297
RA Jadeja,5,6,139,6,102,14.166666666666666,1426299
RA Jadeja,42,22,172,6,100,13.166666666666666,1426306
M Rawat,2,4,122,7,52,10.666666666666666,335984
M Rawat,0,2,135,2,0,0.16666666666666666,335992
M Rawat,1,1,179,9,177,19.833333333333332,336000
M Rawat,1,5,96,9,88,14.333333333333334,336008
M Rawat,5,4,138,9,129,18.5,336015
M Rawat,23,19,176,7,130,14.333333333333334,336019
M Rawat,2,4,188,9,168,18.166666666666668,336038
M Rawat,4,7,49,9,39,11.5,392182
M Rawat,4,6,102,9,93,18.333333333333332,392195
M Rawat,8,6,118,8,107,17.666666666666668,392202
M Rawat,0,0,0,6,159,20.0,598047
M Rawat,5,11,102,7,74,14.166666666666666,598053
D Salunkhe,26,20,122,8,66,12.333333333333334,335984
D Salunkhe,1,1,209,8,187,18.666666666666668,335990
D Salunkhe,6,3,176,8,168,18.333333333333332,336019
SK Warne,14,13,122,9,86,14.5,335984
SK Warne,21,8,209,7,182,17.666666666666668,335990
SK Warne,7,8,179,7,157,17.5,336000
SK Warne,7,7,96,7,76,11.333333333333334,336008
SK Warne,11,12,138,7,106,15.666666666666666,336015
SK Warne,0,1,188,8,167,17.833333333333332,336038
SK Warne,9,9,147,8,128,17.333333333333332,336040
SK Warne,3,9,49,8,39,11.333333333333334,392182
SK Warne,2,2,140,8,118,18.166666666666668,392190
SK Warne,34,33,102,8,39,8.833333333333334,392195
SK Warne,0,2,138,6,58,10.666666666666666,392198
SK Warne,3,9,118,7,91,15.166666666666666,392202
SK Warne,21,17,135,6,50,9.333333333333334,392205
SK Warne,21,11,132,8,100,16.833333333333332,392217
SK Warne,0,1,109,9,92,15.5,392220
SK Warne,0,0,0,8,137,19.833333333333332,392225
SK Warne,6,3,122,8,86,16.0,392230
SK Warne,18,29,96,9,59,11.5,392233
SK Warne,1,1,203,9,197,19.5,419107
SK Warne,4,7,85,8,79,16.833333333333332,419115
SK Warne,1,2,160,8,138,17.666666666666668,419118
SK Warne,0,0,0,9,171,19.666666666666668,419129
SK Warne,0,1,118,8,70,10.666666666666666,419134
SK Warne,1,4,147,8,121,16.166666666666668,419141
SK Warne,3,4,129,9,114,17.833333333333332,419158
SK Warne,3,6,76,8,73,13.333333333333334,501214
SK Warne,5,3,145,9,138,19.333333333333332,501220
SK Warne,0,2,128,11,128,19.333333333333332,501249
SK Warne,2,9,94,8,75,11.5,501258
SK Trivedi,3,7,122,10,103,17.333333333333332,335984
SK Trivedi,1,3,96,10,95,15.333333333333334,336008
SK Trivedi,1,2,188,11,187,19.833333333333332,336038
SK Trivedi,2,3,118,10,109,18.333333333333332,392202
SK Trivedi,1,5,109,10,93,15.833333333333334,392220
SK Trivedi,6,9,122,10,87,16.5,392230
SK Trivedi,0,1,85,11,85,19.833333333333332,419115
SK Trivedi,7,5,118,11,110,16.5,419134
SK Trivedi,9,6,147,11,136,18.666666666666668,419141
SK Trivedi,4,2,129,10,123,19.666666666666668,419158
SK Trivedi,0,2,76,11,75,15.0,501214
SK Trivedi,0,0,0,10,128,19.166666666666668,501249
SK Trivedi,5,6,166,11,159,18.333333333333332,548317
SK Trivedi,3,6,117,11,112,18.333333333333332,598023
SK Trivedi,0,1,107,11,106,19.833333333333332,598065
G Gambhir,58,46,122,1,0,0.16666666666666666,335984
G Gambhir,12,9,131,1,0,0.16666666666666666,335988
G Gambhir,18,14,147,1,0,0.16666666666666666,335995
G Gambhir,84,53,185,1,0,0.16666666666666666,335998
G Gambhir,50,37,159,1,0,0.16666666666666666,336001
G Gambhir,1,9,128,1,0,0.16666666666666666,336004
G Gambhir,80,49,175,1,0,0.16666666666666666,336009
G Gambhir,31,23,145,1,0,0.16666666666666666,336015
G Gambhir,10,7,102,1,0,0.16666666666666666,336017
G Gambhir,79,48,186,1,0,0.16666666666666666,336020
G Gambhir,40,28,106,1,0,0.16666666666666666,336022
G Gambhir,39,31,146,1,0,0.16666666666666666,336026
G Gambhir,19,9,176,1,0,0.16666666666666666,336032
G Gambhir,11,15,80,1,0,0.16666666666666666,336038
G Gambhir,15,13,53,1,0,0.16666666666666666,392183
G Gambhir,0,1,188,1,0,0.16666666666666666,392189
G Gambhir,16,19,146,1,0,0.16666666666666666,392194
G Gambhir,8,6,138,1,0,0.16666666666666666,392198
G Gambhir,17,15,134,1,0,0.16666666666666666,392201
G Gambhir,12,13,141,1,0,0.16666666666666666,392206
G Gambhir,71,57,149,1,0,0.16666666666666666,392211
G Gambhir,19,23,112,1,0,0.16666666666666666,392215
G Gambhir,18,24,112,1,0,0.16666666666666666,392219
G Gambhir,18,24,159,1,0,0.16666666666666666,392223
G Gambhir,8,11,106,1,0,0.16666666666666666,392226
G Gambhir,8,8,139,1,0,0.16666666666666666,392230
G Gambhir,27,19,131,1,0,0.16666666666666666,392232
G Gambhir,47,38,157,1,0,0.16666666666666666,392235
G Gambhir,0,5,141,1,0,0.16666666666666666,392237
G Gambhir,72,54,139,1,0,0.16666666666666666,419108
G Gambhir,9,8,133,1,0,0.16666666666666666,419111
G Gambhir,1,2,167,3,9,1.1666666666666667,419131
G Gambhir,43,37,175,3,23,3.3333333333333335,419134
G Gambhir,1,1,176,3,41,4.5,419140
G Gambhir,47,29,158,3,0,1.0,419144
G Gambhir,26,12,93,3,4,1.3333333333333333,419149
G Gambhir,17,9,135,3,36,3.8333333333333335,419152
G Gambhir,57,56,100,4,5,1.3333333333333333,419155
G Gambhir,4,9,128,4,19,2.8333333333333335,419160
G Gambhir,1,2,143,6,112,16.666666666666668,501198
G Gambhir,29,18,153,3,49,8.5,501203
G Gambhir,71,43,152,3,5,1.6666666666666665,501209
G Gambhir,35,34,70,3,0,0.5,501214
G Gambhir,3,5,115,3,20,3.6666666666666665,501219
G Gambhir,47,37,157,3,37,5.0,501222
G Gambhir,18,19,140,3,28,4.666666666666667,501230
G Gambhir,45,44,108,3,5,1.3333333333333333,501234
G Gambhir,35,22,158,3,33,6.0,501239
G Gambhir,0,1,136,3,67,10.5,501242
G Gambhir,16,19,57,3,6,1.5,501245
G Gambhir,7,9,82,3,15,2.6666666666666665,501255
G Gambhir,54,46,114,1,0,0.16666666666666666,501262
G Gambhir,8,7,169,3,2,2.0,501267
G Gambhir,4,8,141,1,0,0.16666666666666666,501269
G Gambhir,16,15,90,3,13,2.0,548307
G Gambhir,0,1,135,3,7,2.0,548312
G Gambhir,64,39,159,2,0,0.16666666666666666,548315
G Gambhir,11,11,125,2,0,0.16666666666666666,548320
G Gambhir,22,13,123,2,0,0.16666666666666666,548323
G Gambhir,66,44,122,2,0,0.16666666666666666,548328
G Gambhir,30,28,118,2,0,0.16666666666666666,548335
G Gambhir,93,51,185,2,0,0.16666666666666666,548344
G Gambhir,63,52,127,1,0,0.16666666666666666,548347
G Gambhir,56,36,131,1,0,0.16666666666666666,548353
G Gambhir,36,21,138,2,0,0.16666666666666666,548357
G Gambhir,0,2,150,2,0,0.16666666666666666,548363
G Gambhir,62,43,155,1,0,0.16666666666666666,548368
G Gambhir,27,23,125,1,0,0.16666666666666666,548370
G Gambhir,10,12,127,2,0,0.16666666666666666,548375
G Gambhir,32,16,158,2,0,0.16666666666666666,548378
G Gambhir,2,4,182,2,0,0.16666666666666666,548381
G Gambhir,41,29,123,2,0,0.16666666666666666,597998
G Gambhir,22,22,114,2,0,0.16666666666666666,598005
G Gambhir,59,45,148,2,0,0.16666666666666666,598008
G Gambhir,53,45,172,2,0,0.16666666666666666,598013
G Gambhir,60,39,141,2,0,0.16666666666666666,598016
G Gambhir,25,19,115,1,0,0.16666666666666666,598022
G Gambhir,26,20,152,2,0,0.16666666666666666,598029
G Gambhir,8,6,138,2,0,0.16666666666666666,598031
G Gambhir,14,8,166,2,0,0.16666666666666666,598034
G Gambhir,0,0,0,2,0,0.16666666666666666,598040
G Gambhir,12,14,123,1,0,0.16666666666666666,598043
G Gambhir,0,2,96,2,0,0.16666666666666666,598050
G Gambhir,50,44,141,2,0,0.16666666666666666,598053
G Gambhir,14,15,111,2,0,0.16666666666666666,598057
G Gambhir,12,17,148,1,0,0.16666666666666666,598061
G Gambhir,10,17,116,2,0,0.16666666666666666,598069
G Gambhir,0,8,155,1,0,0.16666666666666666,729279
G Gambhir,0,4,148,2,0,0.16666666666666666,729289
G Gambhir,0,1,143,2,0,0.16666666666666666,729299
G Gambhir,1,5,99,3,12,2.8333333333333335,729307
G Gambhir,45,44,141,1,0,0.16666666666666666,729315
G Gambhir,5,5,109,2,0,0.16666666666666666,733971
G Gambhir,54,34,149,2,0,0.16666666666666666,733979
G Gambhir,69,56,149,2,0,0.16666666666666666,733985
G Gambhir,63,45,145,2,0,0.16666666666666666,733997
G Gambhir,14,18,137,2,0,0.16666666666666666,734009
G Gambhir,6,10,145,2,0,0.16666666666666666,734015
G Gambhir,21,20,152,2,0,0.16666666666666666,734023
G Gambhir,4,4,187,2,0,0.16666666666666666,734027
G Gambhir,18,16,146,2,0,0.16666666666666666,734037
G Gambhir,1,3,156,2,0,0.16666666666666666,734043
G Gambhir,23,17,194,2,0,0.16666666666666666,734049
G Gambhir,57,43,166,2,0,0.16666666666666666,829705
G Gambhir,58,46,171,2,0,0.16666666666666666,829713
G Gambhir,19,16,159,2,0,0.16666666666666666,829723
G Gambhir,11,19,157,2,0,0.16666666666666666,829733
G Gambhir,60,49,140,2,0,0.16666666666666666,829739
G Gambhir,4,8,98,2,0,0.16666666666666666,829743
G Gambhir,12,10,159,2,0,0.16666666666666666,829761
G Gambhir,0,1,127,2,0,0.16666666666666666,829765
G Gambhir,12,8,101,2,0,0.16666666666666666,829771
G Gambhir,31,23,160,2,0,0.16666666666666666,829781
G Gambhir,24,23,177,2,0,0.16666666666666666,829791
G Gambhir,38,29,158,2,0,0.16666666666666666,829805
G Gambhir,1,3,164,2,0,0.16666666666666666,829811
G Gambhir,38,41,88,2,0,0.16666666666666666,980903
G Gambhir,64,52,177,2,0,0.16666666666666666,980909
G Gambhir,90,60,141,2,0,0.16666666666666666,980915
G Gambhir,34,34,133,2,0,0.16666666666666666,980925
G Gambhir,11,5,152,2,0,0.16666666666666666,980939
G Gambhir,59,45,173,2,0,0.16666666666666666,980947
G Gambhir,6,8,144,2,0,0.16666666666666666,980951
G Gambhir,37,29,170,2,0,0.16666666666666666,980959
G Gambhir,54,45,159,2,0,0.16666666666666666,980963
G Gambhir,5,6,152,2,0,0.16666666666666666,980975
G Gambhir,0,1,56,2,0,0.16666666666666666,980989
G Gambhir,51,34,171,2,0,0.16666666666666666,980995
G Gambhir,8,8,117,2,0,0.16666666666666666,981001
G Gambhir,16,15,167,2,0,0.16666666666666666,981009
G Gambhir,28,28,131,2,0,0.16666666666666666,981015
G Gambhir,76,48,169,1,0,0.16666666666666666,1082593
G Gambhir,19,13,163,1,0,0.16666666666666666,1082597
G Gambhir,72,49,160,2,0,0.16666666666666666,1082601
G Gambhir,15,16,161,2,0,0.16666666666666666,1082604
G Gambhir,14,12,158,1,0,0.16666666666666666,1082608
G Gambhir,33,28,184,2,0,0.16666666666666666,1082613
G Gambhir,14,11,123,2,0,0.16666666666666666,1082617
G Gambhir,62,46,171,2,0,0.16666666666666666,1082620
G Gambhir,71,52,151,2,0,0.16666666666666666,1082622
G Gambhir,11,11,156,2,0,0.16666666666666666,1082627
G Gambhir,24,19,150,2,0,0.16666666666666666,1082631
G Gambhir,14,16,153,4,105,7.666666666666667,1082636
G Gambhir,8,18,149,3,39,3.8333333333333335,1082639
G Gambhir,21,16,155,3,0,0.8333333333333334,1082644
G Gambhir,32,19,44,4,7,0.8333333333333334,1082648
G Gambhir,12,15,100,3,5,1.6666666666666665,1082649
G Gambhir,55,42,160,2,0,0.16666666666666666,1136562
G Gambhir,15,16,193,2,0,0.16666666666666666,1136569
G Gambhir,8,7,121,1,0,0.16666666666666666,1136573
G Gambhir,3,10,162,2,0,0.16666666666666666,1136579
G Gambhir,4,13,130,2,0,0.16666666666666666,1136582
V Sehwag,12,4,122,2,0,0.16666666666666666,335984
V Sehwag,94,41,131,2,0,0.16666666666666666,335988
V Sehwag,6,6,147,2,0,0.16666666666666666,335995
V Sehwag,24,12,185,2,0,0.16666666666666666,335998
V Sehwag,64,39,159,2,0,0.16666666666666666,336001
V Sehwag,40,20,128,2,0,0.16666666666666666,336004
V Sehwag,23,16,175,2,0,0.16666666666666666,336009
V Sehwag,17,20,145,2,0,0.16666666666666666,336015
V Sehwag,0,1,102,2,0,0.16666666666666666,336017
V Sehwag,0,2,186,2,0,0.16666666666666666,336020
V Sehwag,51,26,106,2,0,0.16666666666666666,336022
V Sehwag,47,19,146,2,0,0.16666666666666666,336026
V Sehwag,18,6,176,2,0,0.16666666666666666,336032
V Sehwag,3,4,80,2,0,0.16666666666666666,336038
V Sehwag,38,16,53,2,0,0.16666666666666666,392183
V Sehwag,6,9,188,2,0,0.16666666666666666,392189
V Sehwag,7,5,146,2,0,0.16666666666666666,392194
V Sehwag,16,11,138,2,0,0.16666666666666666,392198
V Sehwag,20,11,134,2,0,0.16666666666666666,392201
V Sehwag,10,9,159,5,74,10.166666666666666,392223
V Sehwag,9,8,106,2,0,0.16666666666666666,392226
V Sehwag,2,6,139,2,0,0.16666666666666666,392230
V Sehwag,0,2,131,2,0,0.16666666666666666,392232
V Sehwag,50,27,157,3,36,3.6666666666666665,392235
V Sehwag,37,30,141,3,0,1.0,392237
V Sehwag,8,6,139,2,0,0.16666666666666666,419108
V Sehwag,75,34,133,2,0,0.16666666666666666,419111
V Sehwag,26,16,109,2,0,0.16666666666666666,419114
V Sehwag,70,37,171,2,0,0.16666666666666666,419116
V Sehwag,3,7,157,2,0,0.16666666666666666,419120
V Sehwag,12,11,175,2,0,0.16666666666666666,419128
V Sehwag,8,3,167,2,0,0.16666666666666666,419131
V Sehwag,19,12,175,2,0,0.16666666666666666,419134
V Sehwag,35,22,176,2,0,0.16666666666666666,419140
V Sehwag,64,40,158,2,0,0.16666666666666666,419144
V Sehwag,0,1,93,2,0,0.16666666666666666,419149
V Sehwag,20,18,135,2,0,0.16666666666666666,419152
V Sehwag,4,4,100,1,0,0.16666666666666666,419155
V Sehwag,8,6,128,2,0,0.16666666666666666,419160
V Sehwag,19,16,91,2,0,0.16666666666666666,501201
V Sehwag,4,2,142,2,0,0.16666666666666666,501204
V Sehwag,37,23,180,2,0,0.16666666666666666,501213
V Sehwag,12,7,139,2,0,0.16666666666666666,501216
V Sehwag,77,35,215,2,0,0.16666666666666666,501223
V Sehwag,25,18,147,2,0,0.16666666666666666,501227
V Sehwag,34,23,124,2,0,0.16666666666666666,501230
V Sehwag,80,47,141,2,0,0.16666666666666666,501233
V Sehwag,15,9,133,2,0,0.16666666666666666,501238
V Sehwag,119,55,169,2,0,0.16666666666666666,501243
V Sehwag,2,4,132,1,0,0.16666666666666666,501246
V Sehwag,20,13,95,2,0,0.16666666666666666,548307
V Sehwag,0,1,133,2,0,0.16666666666666666,548310
V Sehwag,33,21,110,2,0,0.16666666666666666,548316
V Sehwag,7,5,158,2,0,0.16666666666666666,548321
V Sehwag,32,36,82,2,0,0.16666666666666666,548325
V Sehwag,4,2,169,1,0,0.16666666666666666,548329
V Sehwag,57,32,167,2,0,0.16666666666666666,548333
V Sehwag,87,48,141,2,0,0.16666666666666666,548337
V Sehwag,73,39,198,2,0,0.16666666666666666,548342
V Sehwag,63,39,144,2,0,0.16666666666666666,548345
V Sehwag,73,38,135,2,0,0.16666666666666666,548349
V Sehwag,23,9,139,2,0,0.16666666666666666,548357
V Sehwag,4,2,107,2,0,0.16666666666666666,548364
V Sehwag,8,9,138,2,0,0.16666666666666666,548369
V Sehwag,10,7,130,2,0,0.16666666666666666,548378
V Sehwag,1,6,125,3,17,2.5,548380
V Sehwag,12,10,103,2,0,0.16666666666666666,598010
V Sehwag,24,22,146,2,0,0.16666666666666666,598017
V Sehwag,17,13,79,2,0,0.16666666666666666,598020
V Sehwag,95,54,161,2,0,0.16666666666666666,598024
V Sehwag,30,22,151,5,12,4.166666666666667,598028
V Sehwag,28,26,150,2,0,0.16666666666666666,598035
V Sehwag,17,15,135,2,0,0.16666666666666666,598040
V Sehwag,8,17,74,2,0,0.16666666666666666,598044
V Sehwag,11,7,147,2,0,0.16666666666666666,598049
V Sehwag,18,10,168,2,0,0.16666666666666666,598054
V Sehwag,23,21,113,2,0,0.16666666666666666,598059
V Sehwag,0,2,126,1,0,0.16666666666666666,598062
V Sehwag,11,10,118,4,28,5.166666666666667,598067
V Sehwag,19,10,200,2,0,0.16666666666666666,729283
V Sehwag,2,7,184,2,0,0.16666666666666666,729291
V Sehwag,30,22,184,2,0,0.16666666666666666,729295
V Sehwag,37,30,127,2,0,0.16666666666666666,729307
V Sehwag,32,26,114,2,0,0.16666666666666666,729313
V Sehwag,1,2,155,2,0,0.16666666666666666,733973
V Sehwag,30,23,221,1,0,0.16666666666666666,733987
V Sehwag,30,24,183,1,0,0.16666666666666666,733991
V Sehwag,72,50,145,1,0,0.16666666666666666,733997
V Sehwag,4,2,207,1,0,0.16666666666666666,734007
V Sehwag,23,22,150,1,0,0.16666666666666666,734019
V Sehwag,17,11,148,1,0,0.16666666666666666,734025
V Sehwag,18,8,163,1,0,0.16666666666666666,734033
V Sehwag,9,7,104,1,0,0.16666666666666666,734039
V Sehwag,2,3,130,1,0,0.16666666666666666,734043
V Sehwag,122,57,215,1,0,0.16666666666666666,734047
V Sehwag,7,10,191,1,0,0.16666666666666666,734049
V Sehwag,0,1,127,1,0,0.16666666666666666,829709
V Sehwag,36,19,171,2,0,0.16666666666666666,829717
V Sehwag,47,41,157,2,0,0.16666666666666666,829725
V Sehwag,11,10,142,2,0,0.16666666666666666,829733
V Sehwag,1,4,186,2,0,0.16666666666666666,829741
V Sehwag,1,2,87,2,0,0.16666666666666666,829753
V Sehwag,1,2,110,1,0,0.16666666666666666,829767
V Sehwag,2,5,137,2,0,0.16666666666666666,829775
S Dhawan,52,41,122,3,20,1.8333333333333335,335984
S Dhawan,25,28,131,3,31,3.6666666666666665,335988
S Dhawan,0,3,147,3,9,2.0,335995
S Dhawan,50,33,185,3,50,5.166666666666667,335998
S Dhawan,19,17,159,4,127,14.666666666666666,336001
S Dhawan,1,3,128,3,3,2.0,336004
S Dhawan,59,46,175,4,43,5.5,336009
S Dhawan,3,3,145,3,43,6.166666666666667,336015
S Dhawan,7,10,102,5,26,4.5,336017
S Dhawan,68,52,186,3,7,1.1666666666666667,336020
S Dhawan,8,5,106,3,69,7.166666666666667,336022
S Dhawan,16,13,146,5,110,13.833333333333334,336026
S Dhawan,27,29,176,3,20,1.5,336032
S Dhawan,5,12,80,3,6,1.6666666666666665,336038
S Dhawan,22,21,162,3,38,6.0,392181
S Dhawan,3,7,142,4,75,11.0,392192
S Dhawan,12,10,178,7,153,17.166666666666668,392197
S Dhawan,3,7,105,3,0,0.5,392200
S Dhawan,23,21,152,1,0,0.16666666666666666,419122
S Dhawan,52,33,163,1,0,0.16666666666666666,419125
S Dhawan,8,12,156,1,0,0.16666666666666666,419130
S Dhawan,50,40,147,1,0,0.16666666666666666,419132
S Dhawan,14,13,171,1,0,0.16666666666666666,419138
S Dhawan,16,18,122,1,0,0.16666666666666666,419142
S Dhawan,2,4,150,1,0,0.16666666666666666,419146
S Dhawan,10,11,127,2,0,0.16666666666666666,419161
S Dhawan,12,9,169,1,0,0.16666666666666666,419162
S Dhawan,0,8,134,1,0,0.16666666666666666,419165
S Dhawan,24,15,133,1,0,0.16666666666666666,501199
S Dhawan,7,7,145,1,0,0.16666666666666666,501203
S Dhawan,11,8,168,2,0,0.16666666666666666,501208
S Dhawan,45,36,154,2,0,0.16666666666666666,501212
S Dhawan,8,5,163,2,0,0.16666666666666666,501216
S Dhawan,25,22,123,2,0,0.16666666666666666,501224
S Dhawan,4,9,122,2,0,0.16666666666666666,501229
S Dhawan,19,27,141,2,0,0.16666666666666666,501236
S Dhawan,54,45,144,2,0,0.16666666666666666,501239
S Dhawan,29,18,163,1,0,0.16666666666666666,501243
S Dhawan,24,17,135,1,0,0.16666666666666666,501250
S Dhawan,27,18,128,7,75,14.5,501256
S Dhawan,28,25,129,2,0,0.16666666666666666,501259
S Dhawan,95,57,182,1,0,0.16666666666666666,501264
S Dhawan,21,18,115,2,0,0.16666666666666666,548311
S Dhawan,41,24,133,2,0,0.16666666666666666,548314
S Dhawan,44,29,150,2,0,0.16666666666666666,548321
S Dhawan,52,43,183,2,0,0.16666666666666666,548326
S Dhawan,84,49,185,2,0,0.16666666666666666,548329
S Dhawan,49,49,122,2,0,0.16666666666666666,548335
S Dhawan,16,11,166,2,0,0.16666666666666666,548341
S Dhawan,29,32,95,2,0,0.16666666666666666,548346
S Dhawan,13,18,169,2,0,0.16666666666666666,548348
S Dhawan,36,29,146,2,0,0.16666666666666666,548352
S Dhawan,73,52,175,2,0,0.16666666666666666,548356
S Dhawan,8,6,133,2,0,0.16666666666666666,548359
S Dhawan,71,50,177,1,0,0.16666666666666666,548366
S Dhawan,26,24,119,2,0,0.16666666666666666,548373
S Dhawan,5,4,122,1,0,0.16666666666666666,548376
S Dhawan,63,45,151,2,0,0.16666666666666666,598030
S Dhawan,0,2,133,2,0,0.16666666666666666,598032
S Dhawan,73,55,125,2,0,0.16666666666666666,598039
S Dhawan,22,16,78,2,0,0.16666666666666666,598044
S Dhawan,3,3,142,2,0,0.16666666666666666,598051
S Dhawan,15,14,146,2,0,0.16666666666666666,598056
S Dhawan,59,41,171,2,0,0.16666666666666666,598060
S Dhawan,1,3,121,2,0,0.16666666666666666,598065
S Dhawan,42,35,123,2,0,0.16666666666666666,598069
S Dhawan,33,39,126,2,0,0.16666666666666666,598071
S Dhawan,38,34,118,2,0,0.16666666666666666,729285
S Dhawan,1,3,113,2,0,0.16666666666666666,729295
S Dhawan,33,22,179,1,0,0.16666666666666666,729301
S Dhawan,7,9,129,2,0,0.16666666666666666,729311
S Dhawan,6,6,154,2,0,0.16666666666666666,729317
S Dhawan,37,36,145,2,0,0.16666666666666666,733977
S Dhawan,33,20,122,1,0,0.16666666666666666,733989
S Dhawan,4,7,33,2,0,0.16666666666666666,733993
S Dhawan,11,11,151,2,0,0.16666666666666666,734001
S Dhawan,41,36,179,2,0,0.16666666666666666,734007
S Dhawan,19,14,132,2,0,0.16666666666666666,734015
S Dhawan,50,39,154,1,0,0.16666666666666666,734021
S Dhawan,64,49,184,2,0,0.16666666666666666,734029
S Dhawan,29,31,139,2,0,0.16666666666666666,734037
S Dhawan,26,18,153,2,0,0.16666666666666666,829711
S Dhawan,44,41,149,2,0,0.16666666666666666,829719
S Dhawan,10,12,121,2,0,0.16666666666666666,829727
S Dhawan,18,18,159,2,0,0.16666666666666666,829731
S Dhawan,54,46,172,1,0,0.16666666666666666,829743
S Dhawan,42,29,131,1,0,0.16666666666666666,829751
S Dhawan,1,2,149,2,0,0.16666666666666666,829759
S Dhawan,37,32,181,2,0,0.16666666666666666,829773
S Dhawan,15,15,128,2,0,0.16666666666666666,829781
S Dhawan,54,35,186,1,0,0.16666666666666666,829787
S Dhawan,13,10,159,1,0,0.16666666666666666,829793
S Dhawan,24,18,179,2,0,0.16666666666666666,829799
S Dhawan,8,7,123,2,0,0.16666666666666666,829807
S Dhawan,1,2,107,2,0,0.16666666666666666,829815
S Dhawan,8,9,171,2,0,0.16666666666666666,980907
S Dhawan,6,7,134,2,0,0.16666666666666666,980915
S Dhawan,2,4,140,2,0,0.16666666666666666,980923
S Dhawan,53,41,127,2,0,0.16666666666666666,980929
S Dhawan,45,44,141,2,0,0.16666666666666666,980935
S Dhawan,56,53,110,2,0,0.16666666666666666,980943
S Dhawan,11,11,185,2,0,0.16666666666666666,980953
S Dhawan,47,40,123,2,0,0.16666666666666666,980967
S Dhawan,82,57,172,2,0,0.16666666666666666,980973
S Dhawan,33,27,132,2,0,0.16666666666666666,980979
S Dhawan,34,37,130,2,0,0.16666666666666666,980983
S Dhawan,21,21,165,2,0,0.16666666666666666,980991
S Dhawan,10,8,155,2,0,0.16666666666666666,981003
S Dhawan,51,29,138,1,0,0.16666666666666666,981009
S Dhawan,10,10,156,2,0,0.16666666666666666,981015
S Dhawan,0,4,161,2,0,0.16666666666666666,981017
S Dhawan,28,25,194,2,0,0.16666666666666666,981019
S Dhawan,40,31,200,2,0,0.16666666666666666,1082591
S Dhawan,9,9,137,2,0,0.16666666666666666,1082596
S Dhawan,47,42,146,1,0,0.16666666666666666,1082600
S Dhawan,23,22,148,2,0,0.16666666666666666,1082604
S Dhawan,15,15,148,2,0,0.16666666666666666,1082609
S Dhawan,70,50,186,2,0,0.16666666666666666,1082611
S Dhawan,30,29,162,2,0,0.16666666666666666,1082615
S Dhawan,77,48,204,2,0,0.16666666666666666,1082623
S Dhawan,29,30,201,2,0,0.16666666666666666,1082627
S Dhawan,28,17,173,2,0,0.16666666666666666,1082630
S Dhawan,19,12,134,2,0,0.16666666666666666,1082634
S Dhawan,62,46,136,2,0,0.16666666666666666,1082638
S Dhawan,18,11,154,2,0,0.16666666666666666,1082643
S Dhawan,11,13,121,2,0,0.16666666666666666,1082648
S Dhawan,77,56,118,2,0,0.16666666666666666,1136564
S Dhawan,45,28,147,2,0,0.16666666666666666,1136567
S Dhawan,7,7,134,2,0,0.16666666666666666,1136570
S Dhawan,0,1,161,2,0,0.16666666666666666,1136576
S Dhawan,5,6,106,1,0,0.16666666666666666,1136583
S Dhawan,11,8,124,1,0,0.16666666666666666,1136585
S Dhawan,6,4,150,2,0,0.16666666666666666,1136588
S Dhawan,33,30,157,2,0,0.16666666666666666,1136596
S Dhawan,13,19,137,2,0,0.16666666666666666,1136599
S Dhawan,92,50,189,2,0,0.16666666666666666,1136602
S Dhawan,79,49,166,1,0,0.16666666666666666,1136606
S Dhawan,18,15,199,1,0,0.16666666666666666,1136611
S Dhawan,50,39,161,1,0,0.16666666666666666,1136614
S Dhawan,0,1,130,1,0,0.16666666666666666,1136617
S Dhawan,34,24,169,2,0,0.16666666666666666,1136619
S Dhawan,26,25,169,2,0,0.16666666666666666,1136620
S Dhawan,42,35,205,2,0,0.16666666666666666,1175358
S Dhawan,51,47,140,2,0,0.16666666666666666,1175360
S Dhawan,16,8,181,2,0,0.16666666666666666,1175365
S Dhawan,30,25,141,2,0,0.16666666666666666,1175368
S Dhawan,12,14,124,2,0,0.16666666666666666,1175371
S Dhawan,0,1,139,2,0,0.16666666666666666,1178395
S Dhawan,97,63,177,2,0,0.16666666666666666,1178401
S Dhawan,7,8,144,2,0,0.16666666666666666,1178405
S Dhawan,35,22,120,2,0,0.16666666666666666,1178409
S Dhawan,56,40,155,2,0,0.16666666666666666,1178412
S Dhawan,54,27,188,2,0,0.16666666666666666,1178415
S Dhawan,50,37,182,2,0,0.16666666666666666,1178421
S Dhawan,19,13,99,2,0,0.16666666666666666,1178425
S Dhawan,16,12,116,2,0,0.16666666666666666,1178428
S Dhawan,17,16,159,2,0,0.16666666666666666,1181766
S Dhawan,18,14,138,2,0,0.16666666666666666,1181767
S Dhawan,0,2,147,2,0,0.16666666666666666,1216493
S Dhawan,6,6,129,2,0,0.16666666666666666,1216497
S Dhawan,5,4,166,2,0,0.16666666666666666,1216500
S Dhawan,54,41,148,2,0,0.16666666666666666,1216505
S Dhawan,101,58,181,2,0,0.16666666666666666,1216509
S Dhawan,26,16,226,2,0,0.16666666666666666,1216515
S Dhawan,32,28,180,2,0,0.16666666666666666,1216519
S Dhawan,0,1,122,2,0,0.16666666666666666,1216524
S Dhawan,69,52,157,2,0,0.16666666666666666,1216529
S Dhawan,34,31,136,2,0,0.16666666666666666,1216532
S Dhawan,0,2,105,2,0,0.16666666666666666,1216535
S Dhawan,35,27,167,2,0,0.16666666666666666,1216539
S Dhawan,56,32,149,2,0,0.16666666666666666,1216543
S Dhawan,106,61,160,2,0,0.16666666666666666,1216546
S Dhawan,0,2,137,2,0,0.16666666666666666,1237177
S Dhawan,74,49,175,2,0,0.16666666666666666,1237180
S Dhawan,15,13,152,2,0,0.16666666666666666,1237181
S Dhawan,85,53,186,2,0,0.16666666666666666,1254059
S Dhawan,9,11,142,2,0,0.16666666666666666,1254064
S Dhawan,92,49,182,2,0,0.16666666666666666,1254068
S Dhawan,45,42,127,2,0,0.16666666666666666,1254070
S Dhawan,28,26,154,2,0,0.16666666666666666,1254077
S Dhawan,6,7,164,2,0,0.16666666666666666,1254079
S Dhawan,46,47,150,2,0,0.16666666666666666,1254082
S Dhawan,69,47,162,2,0,0.16666666666666666,1254086
S Dhawan,24,20,121,2,0,0.16666666666666666,1254092
S Dhawan,8,8,145,2,0,0.16666666666666666,1254097
S Dhawan,43,34,155,2,0,0.16666666666666666,1254101
S Dhawan,42,37,135,2,0,0.16666666666666666,1254105
S Dhawan,39,35,131,2,0,0.16666666666666666,1254110
S Dhawan,8,7,126,2,0,0.16666666666666666,1254112
S Dhawan,7,7,166,2,0,0.16666666666666666,1254114
S Dhawan,36,39,129,2,0,0.16666666666666666,1254116
S Dhawan,43,29,186,2,0,0.16666666666666666,1304049
S Dhawan,16,15,126,2,0,0.16666666666666666,1304054
S Dhawan,33,24,166,2,0,0.16666666666666666,1304057
S Dhawan,35,30,185,2,0,0.16666666666666666,1304062
S Dhawan,70,50,182,2,0,0.16666666666666666,1304069
S Dhawan,8,11,144,1,0,0.16666666666666666,1304074
S Dhawan,9,10,113,2,0,0.16666666666666666,1304078
S Dhawan,88,57,173,2,0,0.16666666666666666,1304084
S Dhawan,5,15,117,2,0,0.16666666666666666,1304088
S Dhawan,62,53,132,2,0,0.16666666666666666,1304094
S Dhawan,12,16,174,2,0,0.16666666666666666,1304098
S Dhawan,21,15,202,2,0,0.16666666666666666,1304106
S Dhawan,18,15,135,2,0,0.16666666666666666,1304110
S Dhawan,39,32,154,2,0,0.16666666666666666,1304116
S Dhawan,36,28,183,2,0,0.16666666666666666,1359476
S Dhawan,86,56,187,2,0,0.16666666666666666,1359482
S Dhawan,99,66,137,2,0,0.16666666666666666,1359488
S Dhawan,8,8,142,2,0,0.16666666666666666,1359492
S Dhawan,1,2,183,2,0,0.16666666666666666,1359512
S Dhawan,28,15,188,2,0,0.16666666666666666,1359515
S Dhawan,30,20,196,2,0,0.16666666666666666,1359520
S Dhawan,56,46,161,2,0,0.16666666666666666,1359527
S Dhawan,7,5,154,2,0,0.16666666666666666,1359533
S Dhawan,0,1,178,2,0,0.16666666666666666,1359538
S Dhawan,17,11,181,2,0,0.16666666666666666,1359540
S Dhawan,22,16,169,1,0,0.16666666666666666,1422120
S Dhawan,45,37,168,1,0,0.16666666666666666,1422124
S Dhawan,70,50,174,1,0,0.16666666666666666,1422129
S Dhawan,1,2,187,1,0,0.16666666666666666,1422135
S Dhawan,14,16,173,1,0,0.16666666666666666,1426261
L Ronchi,8,10,154,1,0,0.16666666666666666,335985
L Ronchi,2,3,187,1,0,0.16666666666666666,335989
L Ronchi,11,8,107,1,0,0.16666666666666666,335991
L Ronchi,13,11,142,1,0,0.16666666666666666,335994
L Ronchi,0,2,102,1,0,0.16666666666666666,392215
ST Jayasuriya,29,16,154,2,0,0.16666666666666666,335985
ST Jayasuriya,20,11,187,2,0,0.16666666666666666,335989
ST Jayasuriya,1,7,107,2,0,0.16666666666666666,335991
ST Jayasuriya,18,21,142,2,0,0.16666666666666666,335994
ST Jayasuriya,18,10,123,2,0,0.16666666666666666,335997
ST Jayasuriya,34,16,151,2,0,0.16666666666666666,336004
ST Jayasuriya,18,20,92,2,0,0.16666666666666666,336008
ST Jayasuriya,54,37,113,1,0,0.16666666666666666,336012
ST Jayasuriya,114,48,142,1,0,0.16666666666666666,336018
ST Jayasuriya,42,16,52,1,0,0.16666666666666666,336021
ST Jayasuriya,36,15,155,1,0,0.16666666666666666,336024
ST Jayasuriya,20,12,159,1,0,0.16666666666666666,336028
ST Jayasuriya,66,42,166,1,0,0.16666666666666666,336032
ST Jayasuriya,38,37,131,1,0,0.16666666666666666,336036
ST Jayasuriya,26,20,162,1,0,0.16666666666666666,392181
ST Jayasuriya,1,8,142,1,0,0.16666666666666666,392192
ST Jayasuriya,52,32,178,1,0,0.16666666666666666,392197
ST Jayasuriya,0,1,105,1,0,0.16666666666666666,392200
ST Jayasuriya,6,8,134,1,0,0.16666666666666666,392203
ST Jayasuriya,52,43,141,1,0,0.16666666666666666,392208
ST Jayasuriya,5,7,123,1,0,0.16666666666666666,392212
ST Jayasuriya,29,27,150,1,0,0.16666666666666666,392218
ST Jayasuriya,4,7,116,1,0,0.16666666666666666,392222
ST Jayasuriya,15,20,124,4,22,5.166666666666667,392225
ST Jayasuriya,29,16,141,1,0,0.16666666666666666,392227
ST Jayasuriya,0,1,141,1,0,0.16666666666666666,392235
ST Jayasuriya,23,14,196,1,0,0.16666666666666666,419107
ST Jayasuriya,7,10,200,1,0,0.16666666666666666,419114
ST Jayasuriya,2,5,137,1,0,0.16666666666666666,419119
ST Jayasuriya,1,2,162,1,0,0.16666666666666666,419150
DJ Thornely,0,5,154,3,9,2.0,335985
DJ Thornely,30,24,151,3,44,5.833333333333333,336004
DJ Thornely,1,6,52,4,45,3.8333333333333335,336021
DJ Thornely,8,18,155,3,38,3.0,336024
RV Uthappa,48,38,154,4,15,3.8333333333333335,335985
RV Uthappa,42,35,187,3,7,1.1666666666666667,335989
RV Uthappa,20,17,107,3,12,2.6666666666666665,335991
RV Uthappa,6,4,142,4,16,4.0,335994
RV Uthappa,37,37,123,4,22,3.8333333333333335,335997
RV Uthappa,21,20,151,4,48,6.166666666666667,336004
RV Uthappa,34,21,92,3,37,7.666666666666667,336008
RV Uthappa,19,16,113,3,84,11.666666666666666,336012
RV Uthappa,16,19,142,3,71,7.666666666666667,336018
RV Uthappa,9,8,52,3,5,1.1666666666666667,336021
RV Uthappa,7,16,155,5,67,8.833333333333334,336024
RV Uthappa,9,13,159,5,113,13.333333333333334,336028
RV Uthappa,45,22,166,4,100,12.333333333333334,336032
RV Uthappa,3,8,131,4,76,13.0,336036
RV Uthappa,3,10,129,2,0,0.16666666666666666,392182
RV Uthappa,20,19,82,2,0,0.16666666666666666,392185
RV Uthappa,12,19,153,2,0,0.16666666666666666,392188
RV Uthappa,0,1,160,2,0,0.16666666666666666,392191
RV Uthappa,3,4,137,2,0,0.16666666666666666,392194
RV Uthappa,19,17,139,5,37,6.333333333333333,392204
RV Uthappa,66,42,142,3,21,3.1666666666666665,392208
RV Uthappa,17,20,99,3,9,2.5,392213
RV Uthappa,4,5,127,3,20,4.0,392218
RV Uthappa,7,9,161,3,53,8.5,392221
RV Uthappa,6,4,124,1,0,0.16666666666666666,392224
RV Uthappa,1,5,131,1,0,0.16666666666666666,392232
RV Uthappa,17,15,127,8,94,14.666666666666666,392239
RV Uthappa,20,17,129,7,68,12.333333333333334,419109
RV Uthappa,51,21,194,3,65,8.333333333333334,419112
RV Uthappa,23,15,153,3,83,10.0,419119
RV Uthappa,68,38,157,4,51,8.166666666666666,419123
RV Uthappa,15,10,149,3,64,9.333333333333334,419128
RV Uthappa,21,13,156,3,12,2.6666666666666665,419133
RV Uthappa,22,8,173,5,125,15.666666666666666,419136
RV Uthappa,12,9,141,4,46,9.5,419140
RV Uthappa,2,5,169,4,54,8.833333333333334,419145
RV Uthappa,50,22,151,4,73,11.833333333333334,419148
RV Uthappa,34,20,125,4,67,10.666666666666666,419151
RV Uthappa,26,21,131,4,42,5.0,419154
RV Uthappa,4,6,129,5,57,9.166666666666666,419157
RV Uthappa,26,13,138,4,46,6.5,419162
RV Uthappa,22,14,109,4,58,8.0,501202
RV Uthappa,31,13,140,5,55,10.0,501207
RV Uthappa,4,10,175,5,89,10.166666666666666,501213
RV Uthappa,44,34,104,4,14,4.0,501218
RV Uthappa,0,3,110,4,25,4.166666666666667,501226
RV Uthappa,31,22,136,6,40,7.5,501228
RV Uthappa,23,17,146,5,95,14.166666666666666,501232
RV Uthappa,35,21,138,3,24,3.1666666666666665,501235
RV Uthappa,34,26,129,6,70,13.0,501241
RV Uthappa,22,18,108,3,29,4.833333333333333,501248
RV Uthappa,1,3,134,4,92,12.0,501250
RV Uthappa,4,5,133,4,35,6.0,501259
RV Uthappa,12,19,104,5,42,8.666666666666666,501262
RV Uthappa,36,33,121,4,9,3.8333333333333335,548308
RV Uthappa,40,33,149,4,29,5.166666666666667,548313
RV Uthappa,17,16,103,4,25,5.333333333333333,548319
RV Uthappa,10,7,151,1,0,0.16666666666666666,548322
RV Uthappa,69,45,175,1,0,0.16666666666666666,548327
RV Uthappa,8,5,135,1,0,0.16666666666666666,548330
RV Uthappa,10,13,173,1,0,0.16666666666666666,548333
RV Uthappa,60,58,141,4,1,1.5,548337
RV Uthappa,29,27,144,4,40,5.5,548341
RV Uthappa,25,17,162,5,92,12.833333333333334,548348
RV Uthappa,18,18,113,1,0,0.16666666666666666,548351
RV Uthappa,17,14,133,1,0,0.16666666666666666,548353
RV Uthappa,13,19,115,3,25,5.833333333333333,548358
RV Uthappa,38,23,134,4,4,1.1666666666666667,548362
RV Uthappa,6,6,120,3,3,1.0,548365
RV Uthappa,8,8,92,1,0,0.16666666666666666,548375
RV Uthappa,24,22,102,1,0,0.16666666666666666,598000
RV Uthappa,19,23,96,1,0,0.16666666666666666,598003
RV Uthappa,28,15,138,1,0,0.16666666666666666,598009
RV Uthappa,7,9,137,2,0,0.16666666666666666,598011
RV Uthappa,26,33,151,1,0,0.16666666666666666,598015
RV Uthappa,22,14,108,1,0,0.16666666666666666,598018
RV Uthappa,37,33,177,1,0,0.16666666666666666,598025
RV Uthappa,0,2,129,1,0,0.16666666666666666,598027
RV Uthappa,37,33,143,1,0,0.16666666666666666,598035
RV Uthappa,10,11,120,1,0,0.16666666666666666,598038
RV Uthappa,75,45,164,1,0,0.16666666666666666,598042
RV Uthappa,54,41,167,1,0,0.16666666666666666,598047
RV Uthappa,31,34,102,1,0,0.16666666666666666,598053
RV Uthappa,11,12,108,1,0,0.16666666666666666,598055
RV Uthappa,25,21,169,1,0,0.16666666666666666,598061
RV Uthappa,24,20,163,1,0,0.16666666666666666,598067
RV Uthappa,1,2,155,4,128,17.166666666666668,729279
RV Uthappa,55,41,148,4,3,1.8333333333333335,729289
RV Uthappa,22,18,143,6,88,12.0,729299
RV Uthappa,19,27,99,5,18,5.333333333333333,729307
RV Uthappa,0,1,141,7,128,18.333333333333332,729315
RV Uthappa,47,38,109,1,0,0.16666666666666666,733971
RV Uthappa,65,52,149,1,0,0.16666666666666666,733979
RV Uthappa,47,34,149,1,0,0.16666666666666666,733985
RV Uthappa,46,28,145,1,0,0.16666666666666666,733997
RV Uthappa,80,52,137,1,0,0.16666666666666666,734009
RV Uthappa,40,33,145,1,0,0.16666666666666666,734015
RV Uthappa,67,39,152,1,0,0.16666666666666666,734023
RV Uthappa,82,50,187,1,0,0.16666666666666666,734027
RV Uthappa,41,30,146,1,0,0.16666666666666666,734037
RV Uthappa,42,30,156,1,0,0.16666666666666666,734043
RV Uthappa,5,3,194,1,0,0.16666666666666666,734049
RV Uthappa,9,12,166,1,0,0.16666666666666666,829705
RV Uthappa,35,28,171,1,0,0.16666666666666666,829713
RV Uthappa,80,58,159,1,0,0.16666666666666666,829723
RV Uthappa,13,10,157,1,0,0.16666666666666666,829733
RV Uthappa,13,13,140,1,0,0.16666666666666666,829739
RV Uthappa,34,21,98,1,0,0.16666666666666666,829743
RV Uthappa,32,31,159,1,0,0.16666666666666666,829761
RV Uthappa,39,17,127,1,0,0.16666666666666666,829765
RV Uthappa,23,21,101,1,0,0.16666666666666666,829771
RV Uthappa,30,27,160,1,0,0.16666666666666666,829781
RV Uthappa,17,11,177,1,0,0.16666666666666666,829791
RV Uthappa,25,20,158,1,0,0.16666666666666666,829805
RV Uthappa,14,8,164,1,0,0.16666666666666666,829811
RV Uthappa,35,32,88,1,0,0.16666666666666666,980903
RV Uthappa,8,10,177,1,0,0.16666666666666666,980909
RV Uthappa,38,34,141,1,0,0.16666666666666666,980915
RV Uthappa,53,28,133,1,0,0.16666666666666666,980925
RV Uthappa,0,1,152,1,0,0.16666666666666666,980939
RV Uthappa,36,20,173,1,0,0.16666666666666666,980947
RV Uthappa,72,52,144,1,0,0.16666666666666666,980951
RV Uthappa,1,4,170,1,0,0.16666666666666666,980959
RV Uthappa,70,49,159,1,0,0.16666666666666666,980963
RV Uthappa,14,10,152,1,0,0.16666666666666666,980975
RV Uthappa,4,1,56,1,0,0.16666666666666666,980989
RV Uthappa,2,4,171,1,0,0.16666666666666666,980995
RV Uthappa,25,19,117,1,0,0.16666666666666666,981001
RV Uthappa,25,17,167,1,0,0.16666666666666666,981009
RV Uthappa,11,7,131,1,0,0.16666666666666666,981015
RV Uthappa,4,3,163,3,38,4.5,1082597
RV Uthappa,26,16,160,3,68,5.833333333333333,1082601
RV Uthappa,68,39,161,3,9,2.5,1082604
RV Uthappa,4,2,158,3,5,1.0,1082608
RV Uthappa,72,48,184,3,45,3.5,1082613
RV Uthappa,11,9,123,3,42,4.0,1082617
RV Uthappa,87,47,171,3,18,2.8333333333333335,1082620
RV Uthappa,59,33,151,3,8,1.5,1082622
RV Uthappa,53,28,156,3,9,1.5,1082627
RV Uthappa,0,1,149,4,76,9.666666666666666,1082639
RV Uthappa,2,4,155,4,37,4.666666666666667,1082644
RV Uthappa,1,2,44,1,0,0.16666666666666666,1082648
RV Uthappa,1,3,100,4,21,4.833333333333333,1082649
RV Uthappa,13,12,164,3,16,2.0,1136563
RV Uthappa,29,16,197,3,18,1.6666666666666665,1136565
RV Uthappa,3,8,130,1,0,0.16666666666666666,1136570
RV Uthappa,35,19,194,3,7,2.6666666666666665,1136573
RV Uthappa,48,36,160,3,1,0.6666666666666666,1136575
RV Uthappa,33,22,181,3,5,1.6666666666666665,1136578
RV Uthappa,1,2,160,3,19,2.0,1136586
RV Uthappa,36,21,168,3,56,7.333333333333333,1136589
RV Uthappa,6,8,168,3,12,1.1666666666666667,1136593
RV Uthappa,54,35,159,3,24,3.0,1136597
RV Uthappa,14,13,107,3,4,0.5,1136601
RV Uthappa,24,17,240,3,53,5.5,1136604
RV Uthappa,4,6,143,3,21,1.5,1136609
RV Uthappa,45,34,166,3,49,3.8333333333333335,1136614
RV Uthappa,3,7,159,3,4,0.5,1136618
RV Uthappa,2,8,157,4,85,8.666666666666666,1136619
RV Uthappa,35,27,179,3,7,2.1666666666666665,1175357
RV Uthappa,67,50,213,3,34,2.8333333333333335,1175361
RV Uthappa,11,6,177,3,15,3.8333333333333335,1175365
RV Uthappa,33,25,179,3,19,2.166666666666667,1175372
RV Uthappa,26,16,129,3,85,8.666666666666666,1178396
RV Uthappa,11,9,104,3,5,1.1666666666666667,1178398
RV Uthappa,28,30,172,3,0,0.3333333333333333,1178401
RV Uthappa,0,1,152,4,74,10.5,1178404
RV Uthappa,9,20,187,4,20,4.0,1178410
RV Uthappa,22,14,178,3,61,6.166666666666667,1178427
RV Uthappa,40,47,119,3,43,6.333333333333333,1178431
RV Uthappa,5,9,194,5,129,12.166666666666666,1216496
RV Uthappa,2,7,130,4,26,4.333333333333333,1216504
RV Uthappa,18,15,157,5,26,4.333333333333333,1216507
RV Uthappa,17,22,151,4,31,3.3333333333333335,1216514
RV Uthappa,19,13,151,1,0,0.16666666666666666,1216518
RV Uthappa,41,22,159,1,0,0.16666666666666666,1216522
RV Uthappa,9,4,218,5,153,16.333333333333332,1216527
RV Uthappa,6,2,126,1,0,0.16666666666666666,1216530
RV Uthappa,4,9,119,2,0,0.16666666666666666,1216533
RV Uthappa,30,23,181,1,0,0.16666666666666666,1216537
RV Uthappa,13,11,185,1,0,0.16666666666666666,1216541
RV Uthappa,32,27,142,5,86,10.5,1216543
RV Uthappa,2,6,125,4,27,5.833333333333333,1254094
RV Uthappa,19,19,121,3,17,2.8333333333333335,1254110
RV Uthappa,63,44,169,3,3,0.8333333333333334,1254114
RV Uthappa,31,15,186,3,59,8.333333333333334,1254117
RV Uthappa,28,21,119,3,0,1.0,1304047
RV Uthappa,50,27,196,1,0,0.16666666666666666,1304053
RV Uthappa,13,10,119,1,0,0.16666666666666666,1304057
RV Uthappa,15,11,149,1,0,0.16666666666666666,1304063
RV Uthappa,88,49,203,2,0,0.16666666666666666,1304068
RV Uthappa,3,10,163,2,0,0.16666666666666666,1304075
RV Uthappa,30,25,148,2,0,0.16666666666666666,1304079
RV Uthappa,1,7,160,2,0,0.16666666666666666,1304084
RV Uthappa,1,3,156,3,54,6.833333333333333,1304095
RV Uthappa,0,1,195,7,190,19.5,1304101
RV Uthappa,1,6,82,4,1,1.0,1304105
PR Shah,19,23,154,5,40,5.833333333333333,335985
PR Shah,9,5,155,7,134,17.833333333333332,336024
PR Shah,5,5,159,7,139,17.333333333333332,336028
PR Shah,0,1,166,8,152,19.333333333333332,336032
PR Shah,0,0,0,9,158,20.0,392181
PR Shah,1,1,142,9,140,19.666666666666668,392192
PR Shah,29,19,123,3,7,1.8333333333333335,392212
PR Shah,11,20,102,3,0,0.6666666666666666,392215
PR Shah,12,11,141,7,87,14.5,392235
PR Shah,5,5,94,6,61,9.0,501258
AM Nayar,20,14,154,6,89,13.666666666666666,335985
AM Nayar,44,19,187,6,85,11.833333333333334,335989
AM Nayar,2,3,107,7,85,12.5,335991
AM Nayar,34,19,142,6,51,10.666666666666666,335994
AM Nayar,2,6,151,6,100,13.666666666666666,336004
AM Nayar,12,13,92,5,65,11.666666666666666,336008
AM Nayar,38,24,155,4,67,8.5,336024
AM Nayar,27,18,159,4,68,8.666666666666666,336028
AM Nayar,1,3,166,5,105,13.666666666666666,336032
AM Nayar,25,18,131,3,65,11.166666666666666,336036
AM Nayar,35,14,162,6,100,14.666666666666666,392181
AM Nayar,10,6,142,6,92,14.666666666666666,392192
AM Nayar,3,3,178,5,140,14.833333333333334,392197
AM Nayar,15,15,105,6,40,9.5,392200
AM Nayar,10,13,134,4,34,6.0,392203
AM Nayar,27,19,141,6,80,14.333333333333334,392208
AM Nayar,1,4,123,6,95,14.333333333333334,392212
AM Nayar,18,28,102,5,25,6.166666666666667,392215
AM Nayar,35,18,124,7,65,13.333333333333334,392225
AM Nayar,33,27,141,5,70,11.0,392227
AM Nayar,4,4,141,6,82,13.666666666666666,392235
AM Nayar,9,7,176,6,127,16.333333333333332,419157
AM Nayar,22,18,169,3,10,2.166666666666667,419162
AM Nayar,27,26,134,3,1,1.8333333333333335,419165
AM Nayar,11,17,101,5,8,2.8333333333333335,501202
AM Nayar,0,1,192,5,135,14.166666666666666,501206
AM Nayar,13,10,150,3,122,14.166666666666666,501212
AM Nayar,1,3,174,5,157,16.166666666666668,501220
AM Nayar,17,13,193,6,146,15.5,501223
AM Nayar,0,2,113,5,41,8.0,501234
AM Nayar,14,9,124,6,74,13.5,501237
AM Nayar,1,4,114,3,0,0.3333333333333333,501244
AM Nayar,3,7,112,6,81,11.166666666666666,501264
AM Nayar,10,10,150,4,38,6.0,548309
AM Nayar,24,28,132,4,8,3.5,548313
AM Nayar,2,3,159,6,147,17.833333333333332,548350
AM Nayar,9,8,122,7,85,15.0,548354
AM Nayar,19,14,102,6,48,11.5,598000
AM Nayar,25,26,96,7,37,10.166666666666666,598003
AM Nayar,6,7,137,8,85,12.5,598011
AM Nayar,0,1,151,7,151,20.166666666666668,598015
AM Nayar,0,2,108,7,101,17.166666666666668,598018
AM Nayar,2,2,177,6,173,19.5,598025
AM Nayar,2,4,120,7,48,7.666666666666667,598038
AM Nayar,1,3,164,7,139,16.666666666666668,598042
AM Nayar,11,14,108,6,83,13.666666666666666,598055
AM Nayar,4,3,130,1,0,0.16666666666666666,729285
AM Nayar,19,19,181,1,0,0.16666666666666666,729291
AM Nayar,5,7,131,1,0,0.16666666666666666,729297
AM Nayar,11,17,68,4,33,5.833333333333333,729305
SM Pollock,28,12,154,7,114,17.0,335985
SM Pollock,17,15,187,4,24,3.8333333333333335,335989
SM Pollock,22,21,107,6,59,9.333333333333334,335991
SM Pollock,31,31,142,5,23,5.666666666666667,335994
SM Pollock,33,15,151,7,103,15.0,336004
SM Pollock,0,1,159,6,139,17.166666666666668,336028
SM Pollock,16,15,166,6,107,14.333333333333334,336032
SM Pollock,0,1,131,6,97,16.666666666666668,336036
Harbhajan Singh,2,2,154,8,141,19.0,335985
Harbhajan Singh,28,14,187,8,128,15.666666666666666,335989
Harbhajan Singh,0,1,107,8,88,13.333333333333334,335991
Harbhajan Singh,4,2,162,7,145,18.333333333333332,392181
Harbhajan Singh,20,8,142,7,107,16.5,392192
Harbhajan Singh,18,8,178,3,119,12.5,392197
Harbhajan Singh,6,5,105,7,84,17.333333333333332,392200
Harbhajan Singh,6,7,134,3,14,3.5,392203
Harbhajan Singh,0,1,123,7,100,16.0,392212
Harbhajan Singh,10,6,102,7,78,16.166666666666668,392215
Harbhajan Singh,7,8,124,8,87,15.833333333333334,392225
Harbhajan Singh,1,1,141,6,133,19.666666666666668,392227
Harbhajan Singh,12,7,141,8,128,18.666666666666668,392235
Harbhajan Singh,8,6,196,7,176,18.166666666666668,419107
Harbhajan Singh,4,6,137,9,109,17.333333333333332,419119
Harbhajan Singh,45,16,156,9,109,16.833333333333332,419130
Harbhajan Singh,1,1,147,8,142,19.166666666666668,419132
Harbhajan Singh,29,22,122,9,82,13.833333333333334,419142
Harbhajan Singh,9,7,150,8,132,18.0,419146
Harbhajan Singh,1,2,134,4,59,11.5,419165
Harbhajan Singh,10,7,87,8,74,17.333333333333332,501231
Harbhajan Singh,9,3,144,8,117,18.0,501241
Harbhajan Singh,12,7,82,8,51,9.333333333333334,501251
Harbhajan Singh,17,12,107,8,67,16.166666666666668,501256
Harbhajan Singh,1,1,128,7,126,19.833333333333332,501263
Harbhajan Singh,30,29,162,3,12,1.3333333333333333,501267
Harbhajan Singh,11,5,144,8,129,18.166666666666668,501269
Harbhajan Singh,13,7,138,3,23,3.6666666666666665,501270
Harbhajan Singh,16,15,96,8,73,16.166666666666668,548308
Harbhajan Singh,18,6,191,8,171,18.833333333333332,548317
Harbhajan Singh,33,22,83,7,37,9.666666666666666,548325
Harbhajan Singh,4,3,157,6,140,17.833333333333332,548334
Harbhajan Singh,0,2,161,7,126,17.5,548339
Harbhajan Singh,15,12,166,8,137,15.5,548342
Harbhajan Singh,0,1,109,8,84,16.166666666666668,548351
Harbhajan Singh,0,1,171,8,148,18.833333333333332,548355
Harbhajan Singh,20,12,134,8,93,16.0,548360
Harbhajan Singh,1,2,104,8,92,17.0,548370
Harbhajan Singh,1,4,138,8,95,13.666666666666666,548379
Harbhajan Singh,1,1,142,7,136,19.666666666666668,597999
Harbhajan Singh,21,21,139,8,77,12.166666666666666,598002
Harbhajan Singh,1,1,198,7,178,19.333333333333332,598006
Harbhajan Singh,1,1,85,8,57,13.5,598019
Harbhajan Singh,7,2,158,7,146,19.333333333333332,598029
Harbhajan Singh,16,8,185,7,160,17.666666666666668,598033
Harbhajan Singh,25,11,135,7,79,15.333333333333334,598046
Harbhajan Singh,0,0,0,7,131,18.166666666666668,598050
Harbhajan Singh,4,3,112,7,108,18.5,598055
Harbhajan Singh,15,7,159,7,137,17.0,598063
Harbhajan Singh,5,8,124,8,108,16.166666666666668,598066
Harbhajan Singh,0,4,139,7,123,15.0,598070
Harbhajan Singh,6,4,159,7,134,17.666666666666668,598072
Harbhajan Singh,14,8,143,7,96,15.333333333333334,598073
Harbhajan Singh,0,2,117,7,108,18.333333333333332,729279
Harbhajan Singh,8,8,103,7,91,16.666666666666668,729287
Harbhajan Singh,0,2,140,8,127,18.833333333333332,729303
Harbhajan Singh,10,5,113,8,92,18.833333333333332,729309
Harbhajan Singh,1,3,148,7,141,17.833333333333332,729317
Harbhajan Singh,2,3,164,7,143,15.833333333333334,734031
Harbhajan Singh,7,2,171,8,162,19.166666666666668,734045
Harbhajan Singh,63,23,150,8,55,13.833333333333334,829717
Harbhajan Singh,24,21,176,5,11,3.8333333333333335,829729
Harbhajan Singh,0,1,192,7,172,18.666666666666668,829737
Harbhajan Singh,9,10,142,8,123,16.333333333333332,829747
Harbhajan Singh,0,4,147,7,121,16.833333333333332,829751
Harbhajan Singh,0,0,0,7,168,19.833333333333332,829769
Harbhajan Singh,5,4,144,5,26,4.5,829783
Harbhajan Singh,3,3,192,7,170,17.833333333333332,829795
Harbhajan Singh,6,3,178,7,159,19.333333333333332,829817
Harbhajan Singh,6,3,196,7,189,19.5,829823
Harbhajan Singh,45,30,108,8,39,11.166666666666666,980901
Harbhajan Singh,8,13,133,7,72,13.166666666666666,980917
Harbhajan Singh,1,3,134,8,128,19.0,980923
Harbhajan Singh,0,1,151,8,149,19.666666666666668,980933
Harbhajan Singh,21,22,86,8,47,8.833333333333334,980973
Harbhajan Singh,14,10,116,8,95,16.833333333333332,980985
Harbhajan Singh,3,5,160,8,150,18.0,981007
Harbhajan Singh,1,1,168,8,150,18.833333333333332,1082597
Harbhajan Singh,3,3,155,8,151,18.166666666666668,1082600
Harbhajan Singh,2,2,126,8,105,17.333333333333332,1082614
Harbhajan Singh,7,2,151,8,138,19.333333333333332,1082618
Harbhajan Singh,0,1,152,8,138,18.333333333333332,1082625
Harbhajan Singh,1,3,128,8,125,19.333333333333332,1082638
Harbhajan Singh,2,4,215,8,200,18.0,1082641
Harbhajan Singh,8,5,162,9,80,13.166666666666666,1136561
Harbhajan Singh,19,21,150,5,25,4.833333333333333,1136616
Harbhajan Singh,2,9,135,9,89,15.166666666666666,1136617
Harbhajan Singh,1,3,101,10,93,16.833333333333332,1178419
Harbhajan Singh,2,2,130,9,128,19.833333333333332,1254062
Harbhajan Singh,2,2,162,9,157,18.166666666666668,1254067
S Chanderpaul,16,11,161,1,0,0.16666666666666666,335985
S Chanderpaul,2,9,128,1,0,0.16666666666666666,335992
S Chanderpaul,7,11,117,2,0,0.16666666666666666,336010
LRPL Taylor,23,12,161,3,36,5.166666666666667,335985
LRPL Taylor,44,20,128,3,1,0.5,335992
LRPL Taylor,53,34,158,3,11,3.3333333333333335,335996
LRPL Taylor,29,15,168,3,6,1.0,335998
LRPL Taylor,0,1,129,3,0,0.5,392182
LRPL Taylor,1,4,82,4,36,5.5,392185
LRPL Taylor,35,22,160,6,72,10.666666666666666,392191
LRPL Taylor,31,34,137,4,10,1.5,392194
LRPL Taylor,16,16,127,4,28,5.0,392218
LRPL Taylor,81,33,161,4,57,9.5,392221
LRPL Taylor,46,50,124,4,10,2.0,392224
LRPL Taylor,25,11,131,4,72,12.666666666666666,392232
LRPL Taylor,1,4,168,5,106,14.5,392236
LRPL Taylor,11,11,137,6,106,15.333333333333334,392238
LRPL Taylor,27,20,127,5,54,8.666666666666666,392239
LRPL Taylor,22,10,141,5,70,12.0,419140
LRPL Taylor,1,2,169,5,57,9.833333333333334,419145
LRPL Taylor,14,6,151,5,92,13.5,419148
LRPL Taylor,1,5,125,5,88,13.666666666666666,419151
LRPL Taylor,10,11,131,6,112,12.0,419154
LRPL Taylor,9,11,129,6,70,10.833333333333334,419157
LRPL Taylor,31,30,138,5,79,9.666666666666666,419162
LRPL Taylor,21,13,136,4,80,13.0,501199
LRPL Taylor,18,10,139,6,108,15.333333333333334,501204
LRPL Taylor,35,25,140,5,72,12.0,501209
LRPL Taylor,6,9,76,6,42,8.166666666666666,501214
LRPL Taylor,0,5,145,5,46,6.666666666666667,501220
LRPL Taylor,2,1,109,4,103,14.0,501225
LRPL Taylor,13,18,93,4,56,11.833333333333334,501231
LRPL Taylor,47,35,132,5,51,10.333333333333334,501235
LRPL Taylor,19,13,139,5,104,14.666666666666666,501240
LRPL Taylor,6,8,128,4,46,6.0,501249
LRPL Taylor,13,13,134,5,99,13.833333333333334,501252
LRPL Taylor,13,11,158,5,22,4.833333333333333,548321
LRPL Taylor,11,10,82,5,66,12.333333333333334,548325
LRPL Taylor,12,13,167,6,112,12.666666666666666,548333
LRPL Taylor,9,13,141,4,105,11.333333333333334,548337
LRPL Taylor,15,7,198,5,145,15.666666666666666,548342
LRPL Taylor,25,35,144,4,19,3.1666666666666665,548345
LRPL Taylor,6,5,135,4,91,10.5,548349
LRPL Taylor,16,27,139,4,47,5.833333333333333,548357
LRPL Taylor,0,2,138,5,36,5.5,548369
LRPL Taylor,55,26,187,5,68,8.333333333333334,548372
LRPL Taylor,11,8,130,7,106,17.166666666666668,548378
LRPL Taylor,24,14,125,4,20,3.8333333333333335,548380
LRPL Taylor,19,19,102,5,45,10.0,598000
LRPL Taylor,15,19,96,5,28,7.833333333333333,598003
LRPL Taylor,17,20,138,3,51,5.0,598009
LRPL Taylor,4,5,137,3,0,0.3333333333333333,598011
LRPL Taylor,8,13,151,3,91,12.666666666666666,598015
LRPL Taylor,43,39,135,6,31,7.333333333333333,729281
LRPL Taylor,6,9,156,4,36,4.166666666666667,729289
LRPL Taylor,6,6,82,6,42,8.333333333333334,729293
LRPL Taylor,4,5,130,6,44,8.0,734011
AC Gilchrist,23,21,100,1,0,0.16666666666666666,335986
AC Gilchrist,8,9,131,1,0,0.16666666666666666,335988
AC Gilchrist,13,9,208,1,0,0.16666666666666666,335990
AC Gilchrist,109,47,146,1,0,0.16666666666666666,335994
AC Gilchrist,6,6,160,1,0,0.16666666666666666,335999
AC Gilchrist,46,37,147,1,0,0.16666666666666666,336002
AC Gilchrist,49,34,138,1,0,0.16666666666666666,336007
AC Gilchrist,61,48,134,1,0,0.16666666666666666,336011
AC Gilchrist,24,17,160,1,0,0.16666666666666666,336014
AC Gilchrist,14,9,179,1,0,0.16666666666666666,336020
AC Gilchrist,13,16,144,1,0,0.16666666666666666,336024
AC Gilchrist,50,42,170,1,0,0.16666666666666666,336031
AC Gilchrist,10,11,147,1,0,0.16666666666666666,336034
AC Gilchrist,5,8,131,1,0,0.16666666666666666,336037
AC Gilchrist,13,11,102,1,0,0.16666666666666666,392184
AC Gilchrist,71,45,175,1,0,0.16666666666666666,392188
AC Gilchrist,35,20,154,1,0,0.16666666666666666,392192
AC Gilchrist,44,19,159,1,0,0.16666666666666666,392196
AC Gilchrist,8,5,137,1,0,0.16666666666666666,392201
AC Gilchrist,39,35,134,2,0,0.16666666666666666,392205
AC Gilchrist,0,1,93,1,0,0.16666666666666666,392209
AC Gilchrist,25,29,136,1,0,0.16666666666666666,392212
AC Gilchrist,19,15,159,1,0,0.16666666666666666,392216
AC Gilchrist,10,11,164,2,0,0.16666666666666666,392220
AC Gilchrist,64,33,153,2,0,0.16666666666666666,392223
AC Gilchrist,43,31,155,1,0,0.16666666666666666,392228
AC Gilchrist,23,13,124,1,0,0.16666666666666666,392229
AC Gilchrist,15,18,145,1,0,0.16666666666666666,392236
AC Gilchrist,77,33,140,1,0,0.16666666666666666,392237
AC Gilchrist,0,3,135,1,0,0.16666666666666666,392239
AC Gilchrist,54,35,138,1,0,0.16666666666666666,419106
AC Gilchrist,38,17,174,1,0,0.16666666666666666,419110
AC Gilchrist,33,12,169,1,0,0.16666666666666666,419117
AC Gilchrist,24,14,168,2,0,0.16666666666666666,419120
AC Gilchrist,1,3,137,1,0,0.16666666666666666,419126
AC Gilchrist,0,2,120,1,0,0.16666666666666666,419130
AC Gilchrist,9,5,150,2,0,0.16666666666666666,419135
AC Gilchrist,19,14,107,2,0,0.16666666666666666,419138
AC Gilchrist,34,17,147,2,0,0.16666666666666666,419141
AC Gilchrist,32,19,178,1,0,0.16666666666666666,419145
AC Gilchrist,7,8,131,2,0,0.16666666666666666,419147
AC Gilchrist,0,1,141,2,0,0.16666666666666666,419151
AC Gilchrist,9,5,165,1,0,0.16666666666666666,419156
AC Gilchrist,10,9,142,1,0,0.16666666666666666,419160
AC Gilchrist,15,20,96,1,0,0.16666666666666666,419163
AC Gilchrist,4,4,78,1,0,0.16666666666666666,419164
AC Gilchrist,1,3,101,1,0,0.16666666666666666,501202
AC Gilchrist,19,15,192,2,0,0.16666666666666666,501206
AC Gilchrist,61,46,150,1,0,0.16666666666666666,501212
AC Gilchrist,28,15,174,1,0,0.16666666666666666,501220
AC Gilchrist,42,32,193,1,0,0.16666666666666666,501223
AC Gilchrist,26,27,113,1,0,0.16666666666666666,501234
AC Gilchrist,0,2,124,2,0,0.16666666666666666,501237
AC Gilchrist,0,1,114,1,0,0.16666666666666666,501244
AC Gilchrist,3,8,115,1,0,0.16666666666666666,501248
AC Gilchrist,28,28,141,2,0,0.16666666666666666,501251
AC Gilchrist,9,15,173,1,0,0.16666666666666666,501254
AC Gilchrist,9,9,161,2,0,0.16666666666666666,501257
AC Gilchrist,101,53,200,2,0,0.16666666666666666,501260
AC Gilchrist,51,37,112,2,0,0.16666666666666666,501264
AC Gilchrist,23,17,150,1,0,0.16666666666666666,548309
AC Gilchrist,6,11,132,1,0,0.16666666666666666,548313
AC Gilchrist,21,17,116,2,0,0.16666666666666666,548319
AC Gilchrist,5,9,127,1,0,0.16666666666666666,548323
AC Gilchrist,40,30,121,1,0,0.16666666666666666,548328
AC Gilchrist,64,46,118,1,0,0.16666666666666666,548371
AC Gilchrist,9,12,133,1,0,0.16666666666666666,548374
AC Gilchrist,15,10,97,1,0,0.16666666666666666,598003
AC Gilchrist,9,6,130,2,0,0.16666666666666666,598007
AC Gilchrist,0,2,113,2,0,0.16666666666666666,598014
AC Gilchrist,7,12,151,1,0,0.16666666666666666,598016
AC Gilchrist,26,25,116,2,0,0.16666666666666666,598021
AC Gilchrist,4,3,183,1,0,0.16666666666666666,598025
AC Gilchrist,42,26,162,1,0,0.16666666666666666,598028
AC Gilchrist,27,27,144,1,0,0.16666666666666666,598031
AC Gilchrist,85,54,168,1,0,0.16666666666666666,598045
AC Gilchrist,42,32,136,2,0,0.16666666666666666,598052
AC Gilchrist,26,22,112,1,0,0.16666666666666666,598056
AC Gilchrist,6,3,115,1,0,0.16666666666666666,598059
AC Gilchrist,5,7,176,1,0,0.16666666666666666,598066
Y Venugopal Rao,14,13,100,2,0,0.16666666666666666,335986
Y Venugopal Rao,14,22,131,2,0,0.16666666666666666,335988
Y Venugopal Rao,1,2,160,6,88,12.0,335999
Y Venugopal Rao,22,11,147,5,100,13.5,336002
Y Venugopal Rao,23,11,134,8,102,16.5,336011
Y Venugopal Rao,70,41,160,6,50,8.333333333333334,336014
Y Venugopal Rao,34,18,179,6,111,12.833333333333334,336020
Y Venugopal Rao,57,38,144,5,19,4.666666666666667,336024
Y Venugopal Rao,2,5,170,4,107,15.0,336031
Y Venugopal Rao,46,46,131,4,14,3.6666666666666665,336037
Y Venugopal Rao,9,13,175,6,138,15.666666666666666,392188
Y Venugopal Rao,9,10,154,6,129,15.166666666666666,392192
Y Venugopal Rao,16,15,137,7,110,15.0,392201
Y Venugopal Rao,0,0,0,7,128,19.5,392205
Y Venugopal Rao,2,5,93,7,71,9.166666666666666,392209
Y Venugopal Rao,28,17,136,6,79,13.166666666666666,392212
Y Venugopal Rao,32,25,159,6,70,10.833333333333334,392216
Y Venugopal Rao,12,7,164,7,118,16.5,392220
Y Venugopal Rao,1,3,153,7,142,17.5,392223
Y Venugopal Rao,7,7,155,6,124,17.333333333333332,392228
Y Venugopal Rao,0,1,124,6,77,13.333333333333334,392229
Y Venugopal Rao,8,9,145,6,106,15.333333333333334,392236
Y Venugopal Rao,0,2,135,6,103,16.5,392239
Y Venugopal Rao,1,2,168,7,160,18.833333333333332,419120
Y Venugopal Rao,2,5,137,7,93,12.666666666666666,419126
Y Venugopal Rao,7,9,120,7,70,10.833333333333334,419130
Y Venugopal Rao,0,0,0,7,144,19.833333333333332,419135
Y Venugopal Rao,24,27,78,7,32,8.5,419164
Y Venugopal Rao,26,25,91,6,39,7.166666666666667,501201
Y Venugopal Rao,60,40,142,6,32,7.666666666666667,501204
Y Venugopal Rao,31,20,180,6,108,12.833333333333334,501213
Y Venugopal Rao,21,23,139,5,38,6.0,501216
Y Venugopal Rao,28,15,215,4,153,14.166666666666666,501223
Y Venugopal Rao,24,20,147,5,65,9.833333333333334,501227
Y Venugopal Rao,19,18,124,6,71,13.333333333333334,501230
Y Venugopal Rao,1,10,141,4,3,1.8333333333333335,501233
Y Venugopal Rao,40,36,133,5,41,6.666666666666667,501238
Y Venugopal Rao,3,11,169,4,13,3.5,501243
Y Venugopal Rao,37,27,132,5,4,2.3333333333333335,501246
Y Venugopal Rao,30,20,144,5,57,10.0,501253
Y Venugopal Rao,16,13,129,3,43,8.166666666666666,501257
Y Venugopal Rao,0,1,51,5,43,9.166666666666666,501265
Y Venugopal Rao,18,23,133,4,54,7.666666666666667,548310
Y Venugopal Rao,27,24,107,5,23,5.166666666666667,548364
Y Venugopal Rao,7,7,138,3,20,2.3333333333333335,548369
Y Venugopal Rao,36,24,187,3,16,1.8333333333333335,548372
Y Venugopal Rao,21,19,136,3,76,9.166666666666666,548374
Y Venugopal Rao,13,22,130,5,71,10.5,548378
Y Venugopal Rao,10,7,125,7,106,13.5,548380
Y Venugopal Rao,16,12,118,6,98,17.166666666666668,729285
Y Venugopal Rao,11,9,113,5,29,5.166666666666667,729295
Y Venugopal Rao,13,15,129,5,60,10.666666666666666,729311
Y Venugopal Rao,4,1,184,6,179,19.5,734029
Y Venugopal Rao,27,26,139,4,54,8.166666666666666,734037
VVS Laxman,0,6,100,3,17,3.5,335986
VVS Laxman,2,6,131,3,8,2.1666666666666665,335988
VVS Laxman,16,16,208,2,0,0.16666666666666666,335990
VVS Laxman,37,26,146,2,0,0.16666666666666666,335994
VVS Laxman,48,34,160,2,0,0.16666666666666666,335999
VVS Laxman,52,44,147,2,0,0.16666666666666666,336034
VVS Laxman,10,10,102,3,24,3.0,392184
VVS Laxman,5,10,175,3,40,4.0,392188
VVS Laxman,0,1,154,5,128,14.833333333333334,392192
VVS Laxman,4,5,159,3,65,5.833333333333333,392196
VVS Laxman,0,7,93,3,0,0.3333333333333333,392209
VVS Laxman,22,14,138,2,0,0.16666666666666666,419106
VVS Laxman,12,11,174,2,0,0.16666666666666666,419110
VVS Laxman,10,7,169,2,0,0.16666666666666666,419117
VVS Laxman,10,12,137,2,0,0.16666666666666666,419126
VVS Laxman,4,7,107,3,30,4.333333333333333,419138
VVS Laxman,6,9,147,1,0,0.16666666666666666,419141
VVS Laxman,30,28,144,2,0,0.16666666666666666,501200
VVS Laxman,0,3,136,2,0,0.16666666666666666,501207
VVS Laxman,8,10,100,2,0,0.16666666666666666,501225
A Symonds,32,39,100,4,18,4.666666666666667,335986
A Symonds,12,13,131,4,22,5.333333333333333,335988
A Symonds,117,52,208,4,32,3.1666666666666665,335990
A Symonds,59,35,159,5,67,9.5,392216
A Symonds,30,19,164,4,41,6.0,392220
A Symonds,41,22,153,5,82,11.0,392223
A Symonds,18,12,155,4,82,12.666666666666666,392228
A Symonds,25,24,124,4,34,4.666666666666667,392229
A Symonds,18,15,145,4,80,11.166666666666666,392236
A Symonds,24,15,140,5,89,10.166666666666666,392237
A Symonds,33,21,135,4,15,3.6666666666666665,392239
A Symonds,5,9,138,4,93,11.333333333333334,419106
A Symonds,50,43,174,4,50,5.333333333333333,419110
A Symonds,53,38,169,4,44,3.6666666666666665,419117
A Symonds,35,24,168,4,41,5.0,419120
A Symonds,22,14,137,4,36,4.833333333333333,419126
A Symonds,1,6,120,4,40,5.0,419130
A Symonds,45,37,150,4,73,8.666666666666666,419135
A Symonds,21,18,107,4,40,6.0,419138
A Symonds,15,19,147,4,42,5.166666666666667,419141
A Symonds,53,24,178,5,89,11.833333333333334,419145
A Symonds,27,22,131,5,57,11.0,419147
A Symonds,19,20,141,6,89,12.666666666666666,419151
A Symonds,4,6,165,5,112,13.333333333333334,419156
A Symonds,54,30,142,5,45,6.833333333333333,419160
A Symonds,23,22,96,5,29,7.5,419163
A Symonds,2,8,78,5,13,3.5,419164
A Symonds,16,15,114,5,79,15.166666666666666,501218
A Symonds,31,26,150,5,65,11.333333333333334,501221
A Symonds,44,33,167,6,67,9.333333333333334,501224
A Symonds,17,26,87,5,44,8.833333333333334,501231
A Symonds,4,6,154,6,139,18.166666666666668,501237
A Symonds,3,3,144,7,107,16.666666666666668,501241
A Symonds,4,4,172,6,166,19.0,501246
A Symonds,8,6,82,4,26,4.166666666666667,501251
A Symonds,8,19,107,5,20,5.666666666666667,501256
RG Sharma,0,3,100,5,42,8.333333333333334,335986
RG Sharma,66,36,131,5,35,8.166666666666666,335988
RG Sharma,36,30,208,5,74,8.666666666666666,335990
RG Sharma,76,42,160,4,52,7.166666666666667,335999
RG Sharma,16,15,147,3,92,11.5,336002
RG Sharma,23,17,138,4,70,10.0,336007
RG Sharma,5,8,134,4,86,12.5,336011
RG Sharma,29,22,160,4,39,5.166666666666667,336014
RG Sharma,35,18,179,4,68,6.333333333333333,336020
RG Sharma,6,10,144,3,6,1.6666666666666665,336024
RG Sharma,50,27,170,3,75,11.333333333333334,336031
RG Sharma,57,42,147,4,29,5.333333333333333,336034
RG Sharma,36,32,102,4,35,5.0,392184
RG Sharma,52,30,175,4,60,7.333333333333333,392188
RG Sharma,3,5,154,4,117,13.166666666666666,392192
RG Sharma,18,19,159,4,73,7.666666666666667,392196
RG Sharma,17,20,137,4,18,2.6666666666666665,392201
RG Sharma,38,32,134,4,34,5.333333333333333,392205
RG Sharma,21,20,93,4,0,1.6666666666666665,392209
RG Sharma,38,36,136,4,32,5.666666666666667,392212
RG Sharma,9,15,159,4,51,6.666666666666667,392216
RG Sharma,9,14,164,3,20,3.6666666666666665,392220
RG Sharma,6,7,153,3,31,3.166666666666667,392223
RG Sharma,28,12,155,5,113,16.5,392228
RG Sharma,38,25,124,5,72,12.166666666666666,392229
RG Sharma,12,12,145,5,103,14.333333333333334,392236
RG Sharma,5,11,140,6,124,13.833333333333334,392237
RG Sharma,24,23,135,5,54,9.0,392239
RG Sharma,13,12,138,5,96,12.5,419106
RG Sharma,19,9,174,5,136,17.5,419110
RG Sharma,1,2,169,5,99,10.5,419117
RG Sharma,45,30,168,5,69,9.5,419120
RG Sharma,49,35,137,5,53,6.833333333333333,419126
RG Sharma,45,28,120,5,41,5.5,419130
RG Sharma,2,6,150,5,116,14.5,419135
RG Sharma,11,13,107,5,40,6.333333333333333,419138
RG Sharma,73,44,147,3,22,2.6666666666666665,419141
RG Sharma,6,5,178,4,82,10.833333333333334,419145
RG Sharma,8,15,131,4,31,4.833333333333333,419147
RG Sharma,50,45,141,4,1,1.0,419151
RG Sharma,68,38,165,4,46,6.833333333333333,419156
RG Sharma,11,9,142,4,31,4.333333333333333,419160
RG Sharma,2,5,96,4,22,6.0,419163
RG Sharma,0,4,78,4,4,1.3333333333333333,419164
RG Sharma,27,30,88,4,26,6.333333333333333,501201
RG Sharma,20,18,114,4,74,13.833333333333334,501218
RG Sharma,87,48,150,4,8,3.8333333333333335,501221
RG Sharma,56,34,167,5,67,8.833333333333334,501224
RG Sharma,13,22,87,4,27,4.5,501231
RG Sharma,18,11,154,5,124,16.5,501237
RG Sharma,12,20,144,4,51,8.5,501241
RG Sharma,49,32,172,4,52,7.166666666666667,501246
RG Sharma,5,5,82,3,19,2.8333333333333335,501251
RG Sharma,4,6,107,4,14,4.166666666666667,501256
RG Sharma,58,47,128,4,15,4.166666666666667,501263
RG Sharma,10,9,162,4,61,8.333333333333334,501267
RG Sharma,0,0,0,3,79,8.0,501269
RG Sharma,13,15,138,4,41,5.333333333333333,501270
RG Sharma,0,3,109,3,64,8.0,548306
RG Sharma,1,6,96,3,0,0.5,548308
RG Sharma,73,50,138,3,7,2.0,548314
RG Sharma,21,13,191,3,26,3.6666666666666665,548317
RG Sharma,29,27,83,3,0,2.0,548325
RG Sharma,2,5,157,3,49,8.333333333333334,548334
RG Sharma,49,29,161,3,50,8.0,548339
RG Sharma,12,6,166,3,0,0.6666666666666666,548342
RG Sharma,42,48,91,3,0,0.3333333333333333,548346
RG Sharma,3,5,109,3,48,7.833333333333333,548351
RG Sharma,60,46,171,3,8,2.5,548355
RG Sharma,0,3,134,3,1,1.5,548360
RG Sharma,109,60,177,3,15,2.5,548363
RG Sharma,5,7,162,3,0,1.1666666666666667,548367
RG Sharma,12,14,104,4,58,11.166666666666666,548370
RG Sharma,14,19,138,3,44,5.166666666666667,548379
RG Sharma,11,11,142,4,57,10.166666666666666,597999
RG Sharma,8,10,139,4,16,3.5,598002
RG Sharma,74,50,198,4,1,1.6666666666666665,598006
RG Sharma,56,31,174,4,59,8.5,598011
RG Sharma,2,7,85,4,8,3.0,598019
RG Sharma,73,43,158,4,22,5.333333333333333,598024
RG Sharma,34,28,158,4,60,8.0,598029
RG Sharma,10,8,185,4,90,10.333333333333334,598033
RG Sharma,79,39,166,4,41,7.833333333333333,598037
RG Sharma,22,22,121,4,28,5.0,598039
RG Sharma,39,30,135,5,42,9.333333333333334,598046
RG Sharma,16,11,159,4,95,13.666666666666666,598050
RG Sharma,37,41,112,4,22,4.666666666666667,598055
RG Sharma,20,15,171,4,89,11.833333333333334,598060
RG Sharma,14,9,159,4,97,12.0,598063
RG Sharma,25,25,124,4,27,4.0,598066
RG Sharma,8,15,139,4,84,8.5,598070
RG Sharma,2,8,159,4,118,14.333333333333334,598072
RG Sharma,2,5,143,4,8,1.3333333333333333,598073
RG Sharma,27,20,117,4,40,8.0,729279
RG Sharma,2,5,103,4,43,7.0,729287
RG Sharma,50,41,140,4,25,4.833333333333333,729303
RG Sharma,4,5,113,1,0,0.16666666666666666,729309
RG Sharma,1,5,148,2,0,0.16666666666666666,729317
RG Sharma,39,34,164,4,21,3.166666666666667,733973
RG Sharma,59,35,162,4,54,8.333333333333334,733983
RG Sharma,19,19,152,4,75,12.0,733995
RG Sharma,14,6,157,4,132,16.0,734001
RG Sharma,51,45,133,4,28,5.333333333333333,734009
RG Sharma,40,19,172,4,119,15.166666666666666,734017
RG Sharma,18,20,149,4,104,12.0,734025
RG Sharma,30,21,164,3,79,8.166666666666666,734031
RG Sharma,16,11,188,5,59,5.166666666666667,734041
RG Sharma,20,16,171,4,97,12.333333333333334,734045
RG Sharma,98,65,165,1,0,0.16666666666666666,829705
RG Sharma,0,2,150,1,0,0.16666666666666666,829717
RG Sharma,0,5,159,4,27,4.833333333333333,829721
RG Sharma,50,31,176,4,5,3.0,829729
RG Sharma,42,15,192,4,105,13.833333333333334,829737
RG Sharma,30,24,142,4,45,6.166666666666667,829747
RG Sharma,24,15,147,4,44,7.166666666666667,829751
RG Sharma,27,21,174,4,69,9.333333333333334,829769
RG Sharma,26,20,167,3,109,12.5,829775
RG Sharma,46,37,144,4,5,2.0,829783
RG Sharma,18,22,157,3,83,10.333333333333334,829789
RG Sharma,15,13,192,3,28,4.166666666666667,829795
RG Sharma,30,21,159,3,29,4.5,829805
RG Sharma,7,2,106,3,98,13.5,829815
RG Sharma,19,14,178,3,87,10.833333333333334,829817
RG Sharma,50,26,196,3,1,1.0,829823
RG Sharma,7,5,108,2,0,0.16666666666666666,980901
RG Sharma,84,54,178,1,0,0.16666666666666666,980909
RG Sharma,7,9,133,1,0,0.16666666666666666,980917
RG Sharma,5,8,134,4,20,4.166666666666667,980923
RG Sharma,61,43,166,1,0,0.16666666666666666,980927
RG Sharma,65,48,151,1,0,0.16666666666666666,980933
RG Sharma,0,2,184,1,0,0.16666666666666666,980941
RG Sharma,68,49,173,1,0,0.16666666666666666,980947
RG Sharma,85,60,155,1,0,0.16666666666666666,980957
RG Sharma,5,3,86,1,0,0.16666666666666666,980973
RG Sharma,24,23,141,1,0,0.16666666666666666,980981
RG Sharma,15,24,116,1,0,0.16666666666666666,980985
RG Sharma,31,21,199,1,0,0.16666666666666666,980993
RG Sharma,30,17,160,1,0,0.16666666666666666,981007
RG Sharma,3,7,176,3,44,4.5,1082592
RG Sharma,2,6,168,4,63,8.666666666666666,1082597
RG Sharma,4,4,155,3,27,3.3333333333333335,1082600
RG Sharma,0,2,132,3,5,2.0,1082602
RG Sharma,40,29,164,4,76,9.5,1082606
RG Sharma,5,9,126,4,37,5.333333333333333,1082614
RG Sharma,58,39,151,4,50,7.5,1082618
RG Sharma,5,13,152,4,81,9.833333333333334,1082625
RG Sharma,56,37,158,4,59,7.666666666666667,1082628
RG Sharma,10,6,193,4,105,12.666666666666666,1082635
RG Sharma,67,45,128,4,20,4.333333333333333,1082638
RG Sharma,5,7,215,4,102,9.666666666666666,1082641
RG Sharma,27,21,156,3,9,2.5,1082644
RG Sharma,1,2,133,3,33,4.666666666666667,1082647
RG Sharma,26,24,103,4,19,3.0,1082649
RG Sharma,24,22,121,4,8,2.8333333333333335,1082650
RG Sharma,15,18,161,1,0,0.16666666666666666,1136561
RG Sharma,11,10,139,1,0,0.16666666666666666,1136567
RG Sharma,18,15,184,4,102,10.5,1136569
RG Sharma,94,52,196,4,0,0.5,1136574
RG Sharma,0,1,162,5,131,15.5,1136581
RG Sharma,2,6,85,4,16,4.166666666666667,1136583
RG Sharma,56,33,160,3,63,10.0,1136587
RG Sharma,0,1,130,4,18,3.3333333333333335,1136591
RG Sharma,24,15,170,5,99,13.166666666666666,1136594
RG Sharma,11,11,175,3,90,9.5,1136597
RG Sharma,35,30,202,3,46,5.833333333333333,1136601
RG Sharma,0,1,159,3,83,10.833333333333334,1136607
RG Sharma,6,10,174,4,56,5.666666666666667,1136610
RG Sharma,13,11,156,5,72,9.166666666666666,1136615
RG Sharma,14,13,167,1,0,0.16666666666666666,1175358
RG Sharma,48,33,175,2,0,0.16666666666666666,1175362
RG Sharma,32,18,169,1,0,0.16666666666666666,1175364
RG Sharma,13,18,158,2,0,0.16666666666666666,1175370
RG Sharma,11,14,130,1,0,0.16666666666666666,1178394
RG Sharma,47,32,183,1,0,0.16666666666666666,1178402
RG Sharma,28,19,166,2,0,0.16666666666666666,1178406
RG Sharma,24,21,156,1,0,0.16666666666666666,1178409
RG Sharma,5,7,152,2,0,0.16666666666666666,1178411
RG Sharma,67,48,151,1,0,0.16666666666666666,1178419
RG Sharma,12,9,192,2,0,0.16666666666666666,1178422
RG Sharma,24,18,154,1,0,0.16666666666666666,1178426
RG Sharma,55,48,131,2,0,0.16666666666666666,1178431
RG Sharma,4,2,124,1,0,0.16666666666666666,1181764
RG Sharma,15,14,146,2,0,0.16666666666666666,1181768
RG Sharma,12,10,157,1,0,0.16666666666666666,1216492
RG Sharma,4,7,148,1,0,0.16666666666666666,1216495
RG Sharma,70,45,185,2,0,0.16666666666666666,1216503
RG Sharma,80,54,181,2,0,0.16666666666666666,1216508
RG Sharma,35,23,177,2,0,0.16666666666666666,1216511
RG Sharma,9,8,169,1,0,0.16666666666666666,1216517
RG Sharma,35,36,144,1,0,0.16666666666666666,1216526
RG Sharma,5,12,162,1,0,0.16666666666666666,1216529
RG Sharma,6,5,203,1,0,0.16666666666666666,1216538
RG Sharma,8,8,196,1,0,0.16666666666666666,1216547
RG Sharma,0,1,196,2,0,0.16666666666666666,1237177
RG Sharma,68,51,153,1,0,0.16666666666666666,1237181
RG Sharma,19,15,150,1,0,0.16666666666666666,1254058
RG Sharma,43,32,145,1,0,0.16666666666666666,1254062
RG Sharma,32,25,138,2,0,0.16666666666666666,1254066
RG Sharma,44,30,132,1,0,0.16666666666666666,1254070
RG Sharma,63,52,125,2,0,0.16666666666666666,1254074
RG Sharma,14,17,155,1,0,0.16666666666666666,1254081
RG Sharma,35,24,211,2,0,0.16666666666666666,1254084
RG Sharma,18,13,224,1,0,0.16666666666666666,1254088
RG Sharma,22,13,88,1,0,0.16666666666666666,1254093
RG Sharma,33,30,143,1,0,0.16666666666666666,1254096
RG Sharma,8,10,135,1,0,0.16666666666666666,1254099
RG Sharma,41,27,102,1,0,0.16666666666666666,1254108
RG Sharma,7,10,122,1,0,0.16666666666666666,1254112
RG Sharma,41,32,174,1,0,0.16666666666666666,1304048
RG Sharma,10,5,155,2,0,0.16666666666666666,1304055
RG Sharma,3,12,158,1,0,0.16666666666666666,1304060
RG Sharma,26,15,145,2,0,0.16666666666666666,1304064
RG Sharma,28,17,181,1,0,0.16666666666666666,1304069
RG Sharma,6,7,166,2,0,0.16666666666666666,1304072
RG Sharma,0,2,150,1,0,0.16666666666666666,1304079
RG Sharma,39,31,118,2,0,0.16666666666666666,1304083
RG Sharma,2,5,150,1,0,0.16666666666666666,1304090
RG Sharma,43,28,170,2,0,0.16666666666666666,1304097
RG Sharma,2,6,103,1,0,0.16666666666666666,1304102
RG Sharma,18,14,93,2,0,0.16666666666666666,1304105
RG Sharma,44,35,172,1,0,0.16666666666666666,1304111
RG Sharma,2,13,155,2,0,0.16666666666666666,1304115
RG Sharma,1,10,159,1,0,0.16666666666666666,1359479
RG Sharma,21,13,149,1,0,0.16666666666666666,1359486
RG Sharma,65,45,167,1,0,0.16666666666666666,1359490
RG Sharma,20,13,182,1,0,0.16666666666666666,1359496
RG Sharma,28,18,190,1,0,0.16666666666666666,1359499
RG Sharma,44,27,198,1,0,0.16666666666666666,1359505
RG Sharma,2,8,147,1,0,0.16666666666666666,1359509
RG Sharma,3,5,200,1,0,0.16666666666666666,1359516
RG Sharma,0,3,209,1,0,0.16666666666666666,1359520
RG Sharma,0,3,131,3,13,2.0,1359523
RG Sharma,7,8,180,2,0,0.16666666666666666,1359528
RG Sharma,29,18,216,2,0,0.16666666666666666,1359531
RG Sharma,37,25,156,2,0,0.16666666666666666,1359537
RG Sharma,50,35,182,2,0,0.16666666666666666,1359543
RG Sharma,11,10,166,2,0,0.16666666666666666,1370351
RG Sharma,8,7,163,1,0,0.16666666666666666,1370352
RG Sharma,43,29,159,2,0,0.16666666666666666,1422123
RG Sharma,26,12,234,1,0,0.16666666666666666,1422126
RG Sharma,0,1,118,2,0,0.16666666666666666,1422132
RG Sharma,49,27,214,1,0,0.16666666666666666,1422138
RG Sharma,38,24,196,2,0,0.16666666666666666,1426263
RG Sharma,105,63,179,1,0,0.16666666666666666,1426267
RG Sharma,36,25,181,2,0,0.16666666666666666,1426271
RG Sharma,6,5,169,1,0,0.16666666666666666,1426276
RG Sharma,8,7,230,2,0,0.16666666666666666,1426281
RG Sharma,4,5,134,2,0,0.16666666666666666,1426286
RG Sharma,11,12,135,2,0,0.16666666666666666,1426289
RG Sharma,4,5,152,2,0,0.16666666666666666,1426293
RG Sharma,19,24,127,2,0,0.16666666666666666,1426298
RG Sharma,68,38,185,1,0,0.16666666666666666,1426305
SB Styris,6,7,100,6,42,8.833333333333334,335986
SB Styris,36,41,138,3,23,4.333333333333333,336007
SB Styris,13,11,134,3,59,8.166666666666666,336011
SB Styris,5,10,160,5,39,5.333333333333333,336014
SB Styris,29,28,179,5,72,8.5,336020
SB Styris,1,2,170,6,159,19.0,336031
SB Styris,2,3,147,6,124,17.333333333333332,336034
SB Styris,20,20,131,3,10,2.5,336037
SB Styris,14,8,175,5,118,13.333333333333334,392188
SB Styris,5,2,150,6,135,19.5,501198
AS Yadav,10,10,100,7,51,11.833333333333334,335986
AS Yadav,12,7,131,8,79,16.333333333333332,335988
AS Yadav,16,9,208,6,183,18.166666666666668,335990
AS Yadav,8,8,147,7,138,17.666666666666668,336002
AS Yadav,3,4,147,7,127,18.166666666666668,336034
AS Yadav,0,1,131,7,119,19.0,336037
SB Bangar,14,10,100,8,63,14.666666666666666,335986
SB Bangar,8,14,131,7,58,12.333333333333334,335988
SB Bangar,3,8,160,7,90,12.666666666666666,335999
SB Bangar,0,0,0,8,146,18.666666666666668,336002
SB Bangar,3,6,134,6,97,14.5,336011
SB Bangar,2,4,160,7,79,12.5,336014
SB Bangar,17,7,147,8,127,18.333333333333332,336034
SB Bangar,2,9,126,6,63,11.0,392190
WPUJC Vaas,0,1,100,9,94,17.833333333333332,335986
WPUJC Vaas,6,5,131,9,120,18.833333333333332,335988
WPUJC Vaas,0,3,147,9,146,18.833333333333332,336002
WPUJC Vaas,9,8,160,8,107,14.833333333333334,336014
WPUJC Vaas,20,15,164,6,81,11.666666666666666,392220
WPUJC Vaas,10,6,153,8,143,17.833333333333332,392223
WPUJC Vaas,0,1,138,8,131,18.166666666666668,419106
WPUJC Vaas,16,10,169,8,141,16.833333333333332,419117
WPUJC Vaas,3,2,168,8,165,19.666666666666668,419120
WPUJC Vaas,8,13,137,8,96,13.666666666666666,419126
WPUJC Vaas,3,8,142,8,119,16.166666666666668,419160
RP Singh,1,2,100,10,95,18.166666666666668,335986
RP Singh,1,1,131,10,125,19.5,335988
RP Singh,2,2,160,10,151,19.333333333333332,335999
RP Singh,1,3,147,10,146,19.5,336002
RP Singh,2,3,134,9,123,18.666666666666668,336011
RP Singh,6,4,160,9,144,18.166666666666668,336014
RP Singh,1,2,179,8,168,18.5,336020
RP Singh,3,3,144,9,138,19.0,336024
RP Singh,10,4,131,8,119,19.166666666666668,336037
RP Singh,4,4,154,8,147,17.833333333333332,392192
RP Singh,2,4,137,9,129,18.666666666666668,392201
RP Singh,2,6,93,9,90,12.833333333333334,392209
RP Singh,0,0,0,9,162,20.0,392220
RP Singh,0,1,153,9,147,18.666666666666668,392223
RP Singh,0,2,124,9,122,19.833333333333332,392229
RP Singh,4,2,169,10,162,19.5,419117
RP Singh,1,4,137,10,129,19.0,419126
RP Singh,1,5,120,10,119,16.833333333333332,419130
RP Singh,3,5,147,9,130,17.833333333333332,419141
RP Singh,0,3,96,10,95,18.166666666666668,419163
RP Singh,0,1,136,10,136,20.166666666666668,501207
RP Singh,1,1,100,11,99,20.0,501225
RP Singh,0,1,67,11,67,16.5,501229
RP Singh,1,1,111,11,110,18.666666666666668,501233
RP Singh,0,0,0,10,112,19.666666666666668,501247
RP Singh,0,4,83,9,73,15.0,548325
RP Singh,1,1,166,10,164,19.666666666666668,548342
RP Singh,1,1,171,10,156,19.5,548355
RP Singh,3,5,104,10,100,18.0,548370
RP Singh,1,1,138,11,137,19.833333333333332,548379
WP Saha,10,17,84,1,0,0.16666666666666666,335986
WP Saha,27,16,139,4,31,2.8333333333333335,335993
WP Saha,1,2,139,8,132,17.333333333333332,336000
WP Saha,59,32,162,7,44,9.833333333333334,336003
WP Saha,17,10,124,7,76,11.5,336010
WP Saha,5,6,122,7,108,18.166666666666668,336017
WP Saha,1,6,59,6,23,6.833333333333333,336021
WP Saha,15,9,135,7,111,17.5,336025
WP Saha,11,6,142,7,113,17.666666666666668,336027
WP Saha,13,15,166,6,67,10.166666666666666,336035
WP Saha,21,14,130,6,64,11.5,392199
WP Saha,8,4,131,7,122,19.166666666666668,392203
WP Saha,1,1,146,5,139,19.5,392211
WP Saha,0,1,115,6,41,7.666666666666667,392219
WP Saha,10,5,160,6,128,17.666666666666668,392221
WP Saha,7,3,148,5,112,18.0,392228
WP Saha,25,13,180,5,124,15.5,392231
WP Saha,22,13,101,4,8,1.6666666666666665,419113
WP Saha,1,2,129,7,127,19.666666666666668,419118
WP Saha,0,0,0,7,142,19.5,419127
WP Saha,20,17,125,7,77,13.833333333333334,419131
WP Saha,10,4,167,7,145,18.333333333333332,419135
WP Saha,13,15,149,6,96,13.333333333333334,419148
WP Saha,1,2,119,7,80,14.833333333333334,419153
WP Saha,0,0,0,6,158,19.833333333333332,501253
WP Saha,46,33,148,5,60,8.833333333333334,501261
WP Saha,22,30,118,5,14,4.333333333333333,501266
WP Saha,6,14,143,4,62,7.833333333333333,548343
WP Saha,39,23,197,1,0,0.16666666666666666,598034
WP Saha,13,15,160,2,0,0.16666666666666666,598038
WP Saha,18,18,183,1,0,0.16666666666666666,598041
WP Saha,2,3,184,3,4,1.8333333333333335,729291
WP Saha,14,10,127,3,8,2.0,729307
WP Saha,2,6,114,3,20,4.333333333333333,729313
WP Saha,59,47,155,3,10,2.3333333333333335,733973
WP Saha,17,17,183,6,104,11.833333333333334,733991
WP Saha,15,9,145,3,16,1.6666666666666665,733997
WP Saha,54,26,207,3,4,0.5,734007
WP Saha,13,13,150,5,80,9.166666666666666,734019
WP Saha,3,8,148,6,86,11.166666666666666,734025
WP Saha,27,20,163,4,52,6.666666666666667,734033
WP Saha,35,31,130,3,4,1.3333333333333333,734043
WP Saha,6,4,215,6,207,19.166666666666668,734047
WP Saha,115,55,191,4,29,5.333333333333333,734049
WP Saha,7,4,127,3,0,0.3333333333333333,829709
WP Saha,39,28,157,3,30,5.166666666666667,829725
WP Saha,15,11,142,3,0,0.8333333333333334,829733
WP Saha,19,8,186,6,114,14.666666666666666,829741
WP Saha,15,23,87,6,49,9.166666666666666,829753
WP Saha,42,33,123,6,48,8.5,829759
WP Saha,3,8,110,4,6,1.3333333333333333,829767
WP Saha,12,12,137,6,109,16.5,829775
WP Saha,13,11,79,3,3,1.0,829785
WP Saha,33,25,174,3,45,6.0,829791
WP Saha,5,10,173,3,41,5.0,829799
WP Saha,31,12,102,1,0,0.16666666666666666,829803
WP Saha,15,12,121,1,0,0.16666666666666666,829809
WP Saha,20,25,154,5,97,12.0,980905
WP Saha,3,7,107,7,57,10.833333333333334,980913
WP Saha,4,4,151,6,117,16.5,980919
WP Saha,8,14,131,4,46,8.0,980925
WP Saha,33,19,150,7,96,13.333333333333334,980955
WP Saha,24,20,145,4,6,3.1666666666666665,980963
WP Saha,52,33,173,4,44,7.166666666666667,980971
WP Saha,16,13,169,3,41,5.666666666666667,980977
WP Saha,56,40,116,3,1,1.1666666666666667,980985
WP Saha,27,23,176,3,32,4.5,980991
WP Saha,24,10,114,3,17,1.8333333333333335,980999
WP Saha,3,4,168,3,56,7.666666666666667,981005
WP Saha,14,9,154,3,25,3.0,1082594
WP Saha,25,17,148,6,87,12.333333333333334,1082601
WP Saha,7,5,135,3,5,1.8333333333333335,1082605
WP Saha,0,2,143,6,56,9.833333333333334,1082609
WP Saha,11,15,180,3,45,6.0,1082612
WP Saha,10,5,183,7,152,18.0,1082616
WP Saha,2,4,176,6,112,13.333333333333334,1082623
WP Saha,21,25,126,5,39,7.166666666666667,1082633
WP Saha,38,33,155,4,38,6.0,1082639
WP Saha,89,54,204,2,0,0.16666666666666666,1082641
WP Saha,13,17,70,2,0,0.16666666666666666,1082645
WP Saha,5,5,118,1,0,0.16666666666666666,1136564
WP Saha,22,20,147,1,0,0.16666666666666666,1136567
WP Saha,24,15,134,1,0,0.16666666666666666,1136570
WP Saha,6,7,161,1,0,0.16666666666666666,1136576
WP Saha,5,5,176,7,148,18.166666666666668,1136580
WP Saha,0,2,106,3,15,2.0,1136583
WP Saha,6,9,124,3,1,0.8333333333333334,1136585
WP Saha,11,7,150,7,137,18.166666666666668,1136588
WP Saha,8,5,137,7,117,17.5,1136599
WP Saha,35,27,169,1,0,0.16666666666666666,1136619
WP Saha,5,5,151,7,124,16.5,1178420
WP Saha,28,13,192,2,0,0.16666666666666666,1178423
WP Saha,25,15,159,1,0,0.16666666666666666,1178426
WP Saha,20,11,169,1,0,0.16666666666666666,1178429
WP Saha,8,9,146,1,0,0.16666666666666666,1181766
WP Saha,58,45,143,2,0,0.16666666666666666,1216495
WP Saha,39,32,115,2,0,0.16666666666666666,1216502
WP Saha,87,45,208,2,0,0.16666666666666666,1216524
WP Saha,30,31,135,4,59,9.333333333333334,1216545
WP Saha,7,6,170,1,0,0.16666666666666666,1254060
WP Saha,1,9,127,1,0,0.16666666666666666,1254063
WP Saha,2,5,177,9,161,17.5,1254088
WP Saha,44,45,124,2,0,0.16666666666666666,1254091
WP Saha,10,8,137,6,104,15.166666666666666,1254095
WP Saha,18,11,150,2,0,0.16666666666666666,1254100
WP Saha,18,17,119,2,0,0.16666666666666666,1254105
WP Saha,31,37,113,2,0,0.16666666666666666,1254107
WP Saha,0,1,112,2,0,0.16666666666666666,1254109
WP Saha,11,18,163,1,0,0.16666666666666666,1304075
WP Saha,25,25,146,1,0,0.16666666666666666,1304081
WP Saha,68,38,188,1,0,0.16666666666666666,1304086
WP Saha,29,22,165,1,0,0.16666666666666666,1304089
WP Saha,21,17,125,1,0,0.16666666666666666,1304094
WP Saha,55,40,168,1,0,0.16666666666666666,1304097
WP Saha,5,11,137,1,0,0.16666666666666666,1304103
WP Saha,67,57,127,1,0,0.16666666666666666,1304108
WP Saha,31,22,165,1,0,0.16666666666666666,1304113
WP Saha,0,2,178,1,0,0.16666666666666666,1312197
WP Saha,5,7,124,1,0,0.16666666666666666,1312200
WP Saha,25,15,169,1,0,0.16666666666666666,1359475
WP Saha,14,7,150,1,0,0.16666666666666666,1359481
WP Saha,17,17,184,1,0,0.16666666666666666,1359487
WP Saha,30,19,146,1,0,0.16666666666666666,1359492
WP Saha,4,3,172,1,0,0.16666666666666666,1359497
WP Saha,47,37,134,1,0,0.16666666666666666,1359504
WP Saha,4,7,202,1,0,0.16666666666666666,1359509
WP Saha,10,10,168,1,0,0.16666666666666666,1359513
WP Saha,0,6,120,1,0,0.16666666666666666,1359518
WP Saha,41,34,116,1,0,0.16666666666666666,1359522
WP Saha,80,42,220,1,0,0.16666666666666666,1359525
WP Saha,2,5,185,1,0,0.16666666666666666,1359531
WP Saha,0,3,169,1,0,0.16666666666666666,1359536
WP Saha,12,14,179,1,0,0.16666666666666666,1359544
WP Saha,12,11,142,1,0,0.16666666666666666,1370350
WP Saha,18,16,218,1,0,0.16666666666666666,1370352
WP Saha,54,39,210,1,0,0.16666666666666666,1370353
WP Saha,19,15,156,1,0,0.16666666666666666,1422123
WP Saha,21,17,132,1,0,0.16666666666666666,1422125
WP Saha,25,13,164,1,0,0.16666666666666666,1422130
WP Saha,11,13,190,1,0,0.16666666666666666,1422135
WP Saha,2,10,77,1,0,0.16666666666666666,1426270
WP Saha,13,11,143,1,0,0.16666666666666666,1426275
WP Saha,39,25,212,1,0,0.16666666666666666,1426278
WP Saha,5,4,188,1,0,0.16666666666666666,1426283
WP Saha,1,7,140,1,0,0.16666666666666666,1426290
LR Shukla,4,6,84,7,62,16.666666666666668,335986
LR Shukla,42,33,139,7,67,9.666666666666666,335993
LR Shukla,40,22,124,7,72,13.333333333333334,335997
LR Shukla,2,2,139,6,110,14.0,336000
LR Shukla,7,10,162,6,24,5.166666666666667,336003
LR Shukla,11,9,124,6,61,9.166666666666666,336010
LR Shukla,14,3,198,6,184,19.666666666666668,336014
LR Shukla,10,8,122,6,89,15.833333333333334,336017
LR Shukla,0,4,59,7,24,8.0,336021
LR Shukla,13,11,135,6,103,16.5,336025
LR Shukla,15,10,142,6,90,14.833333333333334,336027
LR Shukla,5,4,166,5,60,8.833333333333334,336035
LR Shukla,8,6,96,6,30,10.833333333333334,392184
LR Shukla,13,13,126,3,23,4.166666666666667,392190
LR Shukla,6,10,91,7,77,12.666666666666666,392197
LR Shukla,2,3,130,7,104,16.666666666666668,392199
LR Shukla,6,7,131,5,91,15.0,392203
LR Shukla,48,46,97,6,29,7.333333333333333,392233
LR Shukla,19,16,101,7,50,8.5,419113
LR Shukla,17,10,119,8,84,16.0,419153
LR Shukla,14,10,143,7,113,17.0,501198
LR Shukla,26,17,90,7,47,6.833333333333333,548307
LR Shukla,8,8,135,8,72,12.5,548312
LR Shukla,5,8,159,8,139,17.5,548315
LR Shukla,0,0,0,7,123,19.666666666666668,548347
LR Shukla,0,1,131,6,115,18.333333333333332,548353
LR Shukla,9,6,155,7,127,17.5,548368
LR Shukla,24,11,158,6,103,16.166666666666668,548378
LR Shukla,3,6,182,4,132,14.833333333333334,548381
LR Shukla,2,9,114,7,39,7.666666666666667,598005
LR Shukla,1,3,115,8,85,14.333333333333334,598022
LR Shukla,0,2,167,5,101,13.166666666666666,733981
LR Shukla,10,14,152,6,82,12.0,733985
LR Shukla,21,22,138,5,71,9.0,733993
DPMD Jayawardene,2,4,161,4,56,6.666666666666667,335987
DPMD Jayawardene,12,7,175,6,118,14.0,335991
DPMD Jayawardene,15,14,151,4,10,2.1666666666666665,335995
DPMD Jayawardene,45,23,161,5,85,11.0,335999
DPMD Jayawardene,10,6,163,5,79,9.166666666666666,336003
DPMD Jayawardene,17,22,110,5,68,10.666666666666666,336006
DPMD Jayawardene,8,6,160,6,94,13.0,336013
DPMD Jayawardene,36,17,90,5,30,3.6666666666666665,336022
DPMD Jayawardene,1,2,177,5,138,17.166666666666668,336028
DPMD Jayawardene,14,10,170,5,133,15.833333333333334,336031
DPMD Jayawardene,11,10,163,5,124,15.166666666666666,336035
DPMD Jayawardene,8,10,108,5,27,4.833333333333333,336039
DPMD Jayawardene,6,6,96,5,70,8.833333333333334,392183
DPMD Jayawardene,31,19,146,6,97,14.333333333333334,392186
DPMD Jayawardene,1,1,160,5,146,18.333333333333332,392191
DPMD Jayawardene,7,10,126,5,32,6.333333333333333,392195
DPMD Jayawardene,7,9,102,5,39,8.666666666666666,392200
DPMD Jayawardene,19,15,124,5,79,12.833333333333334,392204
DPMD Jayawardene,52,41,144,4,42,5.333333333333333,392207
DPMD Jayawardene,9,11,114,5,21,5.166666666666667,392210
DPMD Jayawardene,44,25,168,5,82,9.333333333333334,392214
DPMD Jayawardene,43,28,160,5,82,9.833333333333334,392216
DPMD Jayawardene,0,1,129,5,38,6.166666666666667,419108
DPMD Jayawardene,26,13,186,4,128,16.0,419112
DPMD Jayawardene,14,9,152,5,20,5.166666666666667,419117
DPMD Jayawardene,3,5,132,4,54,8.5,419121
DPMD Jayawardene,21,21,144,5,102,11.166666666666666,419124
DPMD Jayawardene,16,15,138,5,50,7.666666666666667,419127
DPMD Jayawardene,20,18,142,4,32,4.833333333333333,419132
DPMD Jayawardene,110,59,199,2,0,0.16666666666666666,419139
DPMD Jayawardene,44,33,144,2,0,0.16666666666666666,419143
DPMD Jayawardene,31,18,154,2,0,0.16666666666666666,419146
DPMD Jayawardene,38,35,106,1,0,0.16666666666666666,419149
DPMD Jayawardene,93,62,166,1,0,0.16666666666666666,419156
DPMD Jayawardene,21,8,187,1,0,0.16666666666666666,419159
DPMD Jayawardene,18,18,144,3,71,9.166666666666666,501200
DPMD Jayawardene,2,3,136,4,11,2.5,501207
DPMD Jayawardene,56,36,173,2,0,0.16666666666666666,501210
DPMD Jayawardene,16,11,132,2,0,0.16666666666666666,501215
DPMD Jayawardene,25,27,124,2,0,0.16666666666666666,501219
DPMD Jayawardene,13,13,100,1,0,0.16666666666666666,501225
DPMD Jayawardene,4,8,67,2,0,0.16666666666666666,501229
DPMD Jayawardene,18,28,111,4,9,2.5,501233
DPMD Jayawardene,7,10,117,4,52,7.333333333333333,501238
DPMD Jayawardene,55,41,149,4,29,5.5,501242
DPMD Jayawardene,3,7,115,4,62,8.5,501247
DPMD Jayawardene,76,52,155,2,0,0.16666666666666666,501254
DPMD Jayawardene,6,3,89,2,0,0.16666666666666666,501258
DPMD Jayawardene,20,21,110,4,50,6.166666666666667,548316
DPMD Jayawardene,6,5,158,4,15,3.5,548321
DPMD Jayawardene,17,20,82,4,44,8.166666666666666,548325
DPMD Jayawardene,7,7,167,1,0,0.16666666666666666,548333
DPMD Jayawardene,18,14,141,1,0,0.16666666666666666,548337
DPMD Jayawardene,55,42,198,1,0,0.16666666666666666,548342
DPMD Jayawardene,6,5,144,1,0,0.16666666666666666,548345
DPMD Jayawardene,0,3,135,1,0,0.16666666666666666,548349
DPMD Jayawardene,30,27,139,3,38,3.6666666666666665,548357
DPMD Jayawardene,8,10,107,4,12,2.3333333333333335,548364
DPMD Jayawardene,56,49,138,4,27,3.3333333333333335,548369
DPMD Jayawardene,9,14,187,4,44,4.5,548372
DPMD Jayawardene,8,10,136,5,108,14.5,548374
DPMD Jayawardene,40,33,130,4,17,2.3333333333333335,548378
DPMD Jayawardene,55,38,125,1,0,0.16666666666666666,548380
DPMD Jayawardene,66,52,123,3,0,0.3333333333333333,597998
DPMD Jayawardene,19,16,149,3,36,5.833333333333333,598001
DPMD Jayawardene,3,6,155,3,0,0.3333333333333333,598006
DPMD Jayawardene,12,14,103,3,0,0.8333333333333334,598010
DPMD Jayawardene,28,31,146,4,39,6.333333333333333,598017
DPMD Jayawardene,6,11,79,4,11,2.1666666666666665,598020
DPMD Jayawardene,59,43,161,1,0,0.16666666666666666,598024
DPMD Jayawardene,39,41,151,1,0,0.16666666666666666,598028
DPMD Jayawardene,12,17,150,1,0,0.16666666666666666,598035
DPMD Jayawardene,5,8,135,1,0,0.16666666666666666,598040
DPMD Jayawardene,11,12,74,1,0,0.16666666666666666,598044
DPMD Jayawardene,34,31,147,1,0,0.16666666666666666,598049
DPMD Jayawardene,19,13,168,1,0,0.16666666666666666,598054
DPMD Jayawardene,4,4,113,1,0,0.16666666666666666,598059
DPMD Jayawardene,14,13,118,1,0,0.16666666666666666,598067
S Sohal,4,4,161,7,133,17.0,335987
S Sohal,0,4,175,7,149,16.833333333333332,335991
S Sohal,25,17,144,1,0,0.16666666666666666,392207
S Sohal,0,1,114,1,0,0.16666666666666666,392210
S Sohal,2,2,168,1,0,0.16666666666666666,392214
S Sohal,30,17,160,1,0,0.16666666666666666,392216
S Sohal,43,21,101,1,0,0.16666666666666666,392222
S Sohal,3,12,113,1,0,0.16666666666666666,392226
S Sohal,9,12,127,1,0,0.16666666666666666,392229
S Sohal,3,9,86,1,0,0.16666666666666666,392234
S Sohal,38,36,168,1,0,0.16666666666666666,501208
S Sohal,7,5,154,1,0,0.16666666666666666,501212
S Sohal,62,41,163,1,0,0.16666666666666666,501216
S Sohal,5,3,123,1,0,0.16666666666666666,501224
S Sohal,1,4,122,1,0,0.16666666666666666,501229
S Sohal,56,30,141,1,0,0.16666666666666666,501236
S Sohal,26,20,144,1,0,0.16666666666666666,501239
S Sohal,0,1,135,7,118,18.333333333333332,501250
S Sohal,20,22,128,2,0,0.16666666666666666,501256
S Sohal,34,28,129,1,0,0.16666666666666666,501259
B Lee,0,2,161,8,133,17.5,335987
B Lee,16,7,175,8,152,17.833333333333332,335991
B Lee,1,3,151,8,144,18.166666666666668,335995
B Lee,14,10,160,8,120,16.5,392216
B Lee,8,12,101,9,77,14.666666666666666,392222
B Lee,0,5,127,8,117,18.166666666666668,392229
B Lee,6,7,86,8,56,15.666666666666666,392234
B Lee,7,5,138,8,131,19.0,419127
B Lee,3,3,142,7,109,16.0,419132
B Lee,1,1,169,7,168,20.166666666666668,419136
B Lee,1,3,115,9,92,17.166666666666668,501219
B Lee,1,1,140,8,132,19.166666666666668,501230
B Lee,1,2,136,7,129,19.0,501242
B Lee,2,3,141,9,125,18.666666666666668,501269
B Lee,9,5,90,9,79,10.833333333333334,548307
B Lee,25,11,135,9,88,14.833333333333334,548312
B Lee,8,4,159,9,145,18.666666666666668,548315
B Lee,5,6,114,9,79,14.333333333333334,598005
B Lee,16,6,129,9,107,18.5,598040
PP Chawla,23,10,161,9,133,17.833333333333332,335987
PP Chawla,0,1,175,9,155,18.5,335991
PP Chawla,21,7,163,8,141,18.666666666666668,336003
PP Chawla,17,15,160,8,113,15.166666666666666,336013
PP Chawla,16,9,170,6,143,17.166666666666668,336031
PP Chawla,0,1,163,7,162,19.833333333333332,336035
PP Chawla,12,15,108,8,44,10.0,336039
PP Chawla,0,0,0,7,90,11.0,392183
PP Chawla,3,6,146,8,122,17.5,392186
PP Chawla,6,6,126,7,114,18.333333333333332,392195
PP Chawla,0,2,102,8,80,16.5,392200
PP Chawla,3,4,124,7,116,18.5,392204
PP Chawla,6,7,114,8,72,13.666666666666666,392210
PP Chawla,8,6,160,9,141,18.166666666666668,392216
PP Chawla,0,0,0,10,93,17.666666666666668,392222
PP Chawla,1,1,127,9,126,19.666666666666668,392229
PP Chawla,4,4,86,9,63,17.0,392234
PP Chawla,5,7,129,8,106,15.0,419108
PP Chawla,9,13,152,8,66,12.166666666666666,419117
PP Chawla,8,4,132,8,122,19.0,419121
PP Chawla,8,8,144,8,121,15.0,419124
PP Chawla,22,12,142,9,113,17.0,419132
PP Chawla,10,15,144,7,120,15.5,419143
PP Chawla,15,28,101,8,37,8.666666666666666,501202
PP Chawla,4,3,174,8,170,19.333333333333332,501220
PP Chawla,10,10,124,8,106,16.833333333333332,501237
PP Chawla,5,6,114,8,55,9.0,501244
PP Chawla,1,1,161,8,159,19.833333333333332,501257
PP Chawla,13,7,112,8,99,15.666666666666666,501264
PP Chawla,10,8,150,8,114,15.833333333333334,548309
PP Chawla,16,8,132,6,64,13.0,548313
PP Chawla,21,24,116,5,70,11.833333333333334,548319
PP Chawla,13,8,127,8,93,17.0,548323
PP Chawla,9,10,121,8,100,17.333333333333332,548328
PP Chawla,7,3,155,8,141,19.333333333333332,548331
PP Chawla,0,2,151,7,133,17.5,548343
PP Chawla,6,2,159,8,150,19.0,548350
PP Chawla,5,4,122,8,102,16.666666666666668,548354
PP Chawla,8,3,186,7,137,16.333333333333332,548366
PP Chawla,10,14,132,8,85,13.0,548369
PP Chawla,1,2,133,8,114,18.333333333333332,548374
PP Chawla,4,5,130,8,120,16.833333333333332,598007
PP Chawla,7,9,113,8,69,13.0,598014
PP Chawla,11,8,151,9,106,16.166666666666668,598016
PP Chawla,23,15,116,5,43,9.166666666666666,598021
PP Chawla,0,0,0,6,158,20.0,598028
PP Chawla,0,2,144,8,127,19.166666666666668,598031
PP Chawla,12,10,155,9,103,14.166666666666666,598037
PP Chawla,1,1,136,8,134,20.0,598052
PP Chawla,0,2,112,7,95,17.0,598056
PP Chawla,5,3,115,7,104,16.0,598059
PP Chawla,1,2,176,8,168,19.333333333333332,598066
PP Chawla,0,2,99,8,56,13.166666666666666,729307
PP Chawla,0,1,141,9,131,19.166666666666668,729315
PP Chawla,1,2,109,9,86,15.166666666666666,733971
PP Chawla,17,9,156,8,138,18.166666666666668,734043
PP Chawla,13,5,194,8,174,17.166666666666668,734049
PP Chawla,0,0,0,8,167,20.166666666666668,829713
PP Chawla,4,1,157,8,153,17.833333333333332,829733
PP Chawla,22,19,159,4,60,9.166666666666666,829761
PP Chawla,0,2,127,9,97,17.333333333333332,829765
PP Chawla,9,6,160,9,138,18.166666666666668,829781
PP Chawla,18,11,177,8,154,17.0,829791
PP Chawla,1,7,158,8,138,17.333333333333332,829805
PP Chawla,0,1,164,9,133,17.166666666666668,829811
PP Chawla,8,5,152,8,130,18.0,980939
PP Chawla,8,5,144,3,21,3.1666666666666665,980951
PP Chawla,11,16,117,4,32,4.5,981001
PP Chawla,2,6,100,8,82,15.166666666666666,1082649
PP Chawla,0,3,194,9,194,19.5,1136573
PP Chawla,2,2,181,9,177,19.5,1136578
PP Chawla,2,4,160,9,138,16.166666666666668,1136586
PP Chawla,0,0,0,8,154,19.5,1136597
PP Chawla,11,13,107,9,76,10.5,1136601
PP Chawla,0,0,0,9,154,20.166666666666668,1136618
PP Chawla,12,12,157,8,116,14.833333333333334,1136619
PP Chawla,12,5,177,8,149,18.0,1175365
PP Chawla,8,13,104,8,45,10.333333333333334,1178398
PP Chawla,14,6,172,8,155,18.5,1178401
PP Chawla,4,5,152,8,142,17.5,1178404
PP Chawla,4,8,154,8,128,17.166666666666668,1178413
PP Chawla,0,2,224,9,196,17.5,1254088
PP Chawla,5,6,149,10,127,17.166666666666668,1359486
PP Chawla,18,12,147,8,85,13.166666666666666,1359509
PP Chawla,2,2,131,10,129,19.833333333333332,1359523
PP Chawla,0,2,163,9,153,15.666666666666666,1370352
PP Chawla,0,1,159,10,157,19.666666666666668,1422123
PP Chawla,3,6,118,7,74,9.666666666666666,1422132
PP Chawla,1,1,169,10,166,19.5,1426276
PP Chawla,10,4,230,9,207,18.666666666666668,1426281
PP Chawla,0,1,135,10,134,18.5,1426289
PP Chawla,1,2,127,10,125,15.666666666666666,1426298
WA Mota,1,1,161,10,146,19.166666666666668,335987
WA Mota,25,26,108,7,39,8.5,336039
WA Mota,1,2,126,8,119,19.166666666666668,392195
WA Mota,5,6,102,7,72,14.833333333333334,392200
WA Mota,3,4,160,7,109,14.5,392216
WA Mota,4,7,101,6,57,9.333333333333334,392222
WA Mota,12,19,127,6,48,9.0,392229
WA Mota,5,10,86,6,45,12.833333333333334,392234
Kamran Akmal,11,9,151,2,0,0.16666666666666666,335987
Kamran Akmal,12,9,209,1,0,0.16666666666666666,335990
Kamran Akmal,24,8,176,6,97,12.5,336019
Kamran Akmal,53,28,204,3,120,11.333333333333334,336033
Kamran Akmal,18,16,129,1,0,0.16666666666666666,336036
Kamran Akmal,6,7,147,3,14,3.3333333333333335,336040
Shahid Afridi,2,7,131,6,43,9.666666666666666,335988
Shahid Afridi,10,4,208,3,22,2.5,335990
Shahid Afridi,13,7,160,5,65,9.166666666666666,335999
Shahid Afridi,20,6,138,5,116,16.333333333333332,336007
Shahid Afridi,1,3,134,5,94,13.666666666666666,336011
Shahid Afridi,33,14,179,2,0,0.16666666666666666,336020
Shahid Afridi,0,1,144,2,0,0.16666666666666666,336024
Shahid Afridi,1,2,147,5,123,17.0,336034
Shahid Afridi,1,2,131,6,118,18.833333333333332,336037
DJ Bravo,24,16,187,5,72,9.833333333333334,335989
DJ Bravo,23,21,107,4,12,2.8333333333333335,335991
DJ Bravo,33,17,142,7,73,13.666666666666666,335994
DJ Bravo,64,52,123,5,22,4.333333333333333,335997
DJ Bravo,2,4,151,5,93,13.166666666666666,336004
DJ Bravo,1,5,92,4,58,10.333333333333334,336008
DJ Bravo,28,16,155,6,83,13.166666666666666,336024
DJ Bravo,5,4,162,5,93,13.666666666666666,392181
DJ Bravo,21,18,142,5,81,12.666666666666666,392192
DJ Bravo,3,5,178,6,143,15.333333333333334,392197
DJ Bravo,15,20,105,5,10,4.333333333333333,392200
DJ Bravo,50,40,141,5,20,5.5,392208
DJ Bravo,13,16,123,5,58,9.0,392212
DJ Bravo,34,29,102,6,28,7.833333333333333,392215
DJ Bravo,70,58,116,2,0,0.16666666666666666,392222
DJ Bravo,1,3,124,1,0,0.16666666666666666,392225
DJ Bravo,5,8,141,2,0,0.16666666666666666,392227
DJ Bravo,9,4,200,7,187,19.166666666666668,419114
DJ Bravo,1,2,137,6,64,10.333333333333334,419119
DJ Bravo,11,7,163,6,141,16.833333333333332,419125
DJ Bravo,23,16,156,3,23,3.6666666666666665,419130
DJ Bravo,8,4,147,6,107,16.166666666666668,419132
DJ Bravo,2,8,171,4,51,7.5,419138
DJ Bravo,2,3,122,5,61,10.0,419142
DJ Bravo,5,9,127,6,76,13.333333333333334,419161
DJ Bravo,5,5,118,7,55,13.833333333333334,501266
DJ Bravo,6,1,196,7,190,20.0,501271
DJ Bravo,19,19,100,4,35,6.0,548306
DJ Bravo,43,17,182,7,115,15.166666666666666,548311
DJ Bravo,22,31,104,6,59,9.833333333333334,548316
DJ Bravo,21,14,198,5,127,14.666666666666666,548318
DJ Bravo,5,2,147,7,140,19.5,548322
DJ Bravo,12,8,161,5,117,16.666666666666668,548330
DJ Bravo,16,10,145,5,115,16.666666666666668,548332
DJ Bravo,30,21,143,7,85,13.5,548343
DJ Bravo,12,12,133,4,31,5.166666666666667,548347
DJ Bravo,12,4,151,7,133,18.833333333333332,548352
DJ Bravo,40,33,164,4,50,6.833333333333333,548355
DJ Bravo,10,15,114,4,31,6.166666666666667,548361
DJ Bravo,11,7,155,6,122,17.333333333333332,548368
DJ Bravo,48,43,116,5,39,7.833333333333333,548371
DJ Bravo,33,14,182,7,110,15.333333333333334,548379
DJ Bravo,33,12,216,6,179,17.333333333333332,548380
DJ Bravo,10,17,132,4,29,4.666666666666667,598002
DJ Bravo,8,3,156,7,130,18.333333333333332,598012
DJ Bravo,1,4,133,7,97,14.833333333333334,598015
DJ Bravo,3,2,160,5,157,19.666666666666668,598020
DJ Bravo,7,4,118,8,84,17.0,598022
DJ Bravo,15,9,179,6,148,16.666666666666668,598026
DJ Bravo,7,16,154,5,95,13.5,598030
DJ Bravo,9,7,70,5,9,3.0,598046
DJ Bravo,23,11,133,6,106,17.5,598058
DJ Bravo,12,8,158,6,121,17.166666666666668,598062
DJ Bravo,11,9,80,4,11,1.8333333333333335,598068
DJ Bravo,15,16,116,5,3,1.8333333333333335,598073
DJ Bravo,8,3,190,5,170,18.833333333333332,729283
DJ Bravo,1,3,136,7,104,15.5,829707
DJ Bravo,0,0,0,6,179,19.666666666666668,829711
DJ Bravo,30,32,145,5,56,5.333333333333333,829723
DJ Bravo,13,5,177,6,155,15.333333333333334,829729
DJ Bravo,62,36,150,5,39,6.5,829735
DJ Bravo,5,4,171,7,128,15.5,829745
DJ Bravo,5,7,122,6,72,11.666666666666666,829765
DJ Bravo,25,20,163,7,109,13.0,829773
DJ Bravo,2,3,143,8,135,18.666666666666668,829779
DJ Bravo,15,8,149,7,121,17.666666666666668,829797
DJ Bravo,8,8,112,6,78,15.5,829801
DJ Bravo,20,15,154,6,81,10.666666666666666,829817
DJ Bravo,0,1,133,7,128,19.0,829821
DJ Bravo,9,6,153,5,94,13.666666666666666,829823
DJ Bravo,2,2,156,7,145,17.0,980905
DJ Bravo,22,10,148,4,110,13.333333333333334,980911
DJ Bravo,2,6,136,5,75,11.333333333333334,980917
DJ Bravo,8,12,130,5,72,10.166666666666666,980929
DJ Bravo,4,1,163,6,159,19.833333333333332,980937
DJ Bravo,7,6,169,7,140,16.833333333333332,980945
DJ Bravo,7,6,189,5,161,16.666666666666668,980949
DJ Bravo,0,1,127,6,37,7.166666666666667,980955
DJ Bravo,18,20,121,6,32,7.833333333333333,980967
DJ Bravo,0,0,0,7,153,17.833333333333332,980975
DJ Bravo,1,2,91,6,41,7.166666666666667,980987
DJ Bravo,8,6,147,7,102,16.166666666666668,981013
DJ Bravo,20,10,157,8,131,17.666666666666668,981017
DJ Bravo,68,30,162,7,72,12.166666666666666,1136561
DJ Bravo,5,4,192,7,179,18.833333333333332,1136565
DJ Bravo,1,1,180,7,151,18.5,1136572
DJ Bravo,24,16,198,6,157,15.333333333333334,1136577
DJ Bravo,14,7,196,7,167,18.166666666666668,1136584
DJ Bravo,0,1,162,5,136,17.333333333333332,1136587
DJ Bravo,14,17,121,6,76,12.5,1136595
DJ Bravo,1,1,164,6,162,19.833333333333332,1136603
DJ Bravo,1,2,126,7,112,18.166666666666668,1136612
DJ Bravo,7,11,135,6,36,7.833333333333333,1136617
DJ Bravo,4,3,142,6,138,19.333333333333332,1175360
DJ Bravo,27,16,166,6,86,13.833333333333334,1175367
DJ Bravo,8,9,117,7,79,14.833333333333334,1175370
DJ Bravo,5,4,142,8,97,16.833333333333332,1178414
DJ Bravo,0,0,0,6,166,19.833333333333332,1178416
DJ Bravo,20,17,101,7,57,10.166666666666666,1178419
DJ Bravo,1,1,168,7,165,19.833333333333332,1178430
DJ Bravo,0,1,140,6,139,18.833333333333332,1181767
DJ Bravo,15,15,139,6,78,13.0,1181768
DJ Bravo,7,5,127,8,108,17.666666666666668,1216525
DJ Bravo,0,1,162,7,148,19.166666666666668,1216528
DJ Bravo,20,8,173,9,152,18.666666666666668,1254069
DJ Bravo,4,2,125,8,120,19.666666666666668,1254094
DJ Bravo,23,8,145,8,96,16.833333333333332,1254104
DJ Bravo,1,1,196,9,189,19.666666666666668,1304053
DJ Bravo,0,1,119,8,92,15.0,1304057
DJ Bravo,8,5,149,8,122,17.666666666666668,1304063
DJ Bravo,1,1,148,9,131,19.333333333333332,1304079
DJ Bravo,1,1,195,8,190,19.666666666666668,1304101
DJ Bravo,12,15,82,8,34,7.666666666666667,1304105
MA Khote,9,5,187,7,117,14.5,335989
MA Khote,8,7,107,9,88,13.5,335991
MA Khote,7,10,142,8,113,16.833333333333332,335994
A Nehra,1,2,187,9,176,19.0,335989
A Nehra,1,9,107,11,104,17.5,335991
A Nehra,0,0,0,10,146,19.5,336004
A Nehra,0,1,159,10,155,19.666666666666668,336028
A Nehra,0,0,0,10,131,19.166666666666668,392206
A Nehra,1,1,106,11,102,19.666666666666668,392226
A Nehra,1,4,93,11,88,18.666666666666668,419149
A Nehra,21,15,128,9,84,15.333333333333334,419160
A Nehra,2,4,103,10,99,17.5,548319
A Nehra,9,8,120,11,107,18.166666666666668,548365
A Nehra,0,1,123,10,120,19.166666666666668,597998
A Nehra,1,5,155,10,130,17.833333333333332,598006
A Nehra,0,1,74,10,71,18.0,598044
A Nehra,0,1,126,10,116,17.833333333333332,598062
A Nehra,1,4,145,10,142,19.0,829723
A Nehra,0,1,171,10,168,19.833333333333332,829745
A Nehra,0,1,143,10,143,20.166666666666668,829779
A Nehra,0,1,154,11,153,18.833333333333332,829817
A Nehra,0,0,0,10,107,19.833333333333332,980943
A Nehra,1,1,130,10,129,20.0,980983
A Nehra,0,0,0,10,143,19.833333333333332,1082600
A Nehra,0,0,0,11,134,19.833333333333332,1082634
GC Smith,71,45,209,2,0,0.16666666666666666,335990
GC Smith,49,42,135,1,0,0.16666666666666666,335992
GC Smith,2,7,179,1,0,0.16666666666666666,336000
GC Smith,35,44,89,1,0,0.16666666666666666,336005
GC Smith,5,9,96,1,0,0.16666666666666666,336008
GC Smith,40,43,130,1,0,0.16666666666666666,336011
GC Smith,24,27,138,2,0,0.16666666666666666,336015
GC Smith,71,48,167,1,0,0.16666666666666666,336023
GC Smith,24,24,143,1,0,0.16666666666666666,336027
GC Smith,91,51,204,1,0,0.16666666666666666,336033
GC Smith,25,21,188,1,0,0.16666666666666666,336038
GC Smith,2,11,49,1,0,0.16666666666666666,392182
GC Smith,15,21,140,1,0,0.16666666666666666,392190
GC Smith,2,6,102,2,0,0.16666666666666666,392195
GC Smith,44,45,138,2,0,0.16666666666666666,392198
GC Smith,2,5,118,2,0,0.16666666666666666,392202
GC Smith,0,2,135,1,0,0.16666666666666666,392205
GC Smith,73,42,200,2,0,0.16666666666666666,392210
GC Smith,20,22,104,1,0,0.16666666666666666,392213
GC Smith,30,33,132,1,0,0.16666666666666666,392217
GC Smith,1,3,109,1,0,0.16666666666666666,392220
GC Smith,19,19,138,2,0,0.16666666666666666,392225
GC Smith,0,4,122,2,0,0.16666666666666666,392230
GC Smith,26,22,203,1,0,0.16666666666666666,419107
GC Smith,18,17,136,2,0,0.16666666666666666,419111
GC Smith,0,1,109,1,0,0.16666666666666666,501202
GC Smith,24,24,140,2,0,0.16666666666666666,501207
GC Smith,12,14,175,2,0,0.16666666666666666,501213
GC Smith,6,12,129,3,0,0.3333333333333333,501241
Pankaj Singh,4,3,209,9,188,19.0,335990
Pankaj Singh,1,5,176,9,174,19.166666666666668,336019
Pankaj Singh,0,1,160,10,154,19.333333333333332,392191
Pankaj Singh,1,1,137,9,134,19.666666666666668,392194
Pankaj Singh,1,2,129,10,120,18.5,419157
RR Sarwan,7,9,175,5,104,11.166666666666666,335991
RR Sarwan,15,15,161,2,0,0.16666666666666666,335999
RR Sarwan,31,29,110,3,6,1.6666666666666665,336006
RR Sarwan,20,22,160,4,29,4.666666666666667,336013
S Sreesanth,0,1,175,10,163,19.166666666666668,335991
S Sreesanth,0,0,0,9,160,19.666666666666668,336013
S Sreesanth,0,2,108,10,96,19.166666666666668,336039
S Sreesanth,4,8,114,10,108,18.333333333333332,392210
S Sreesanth,1,10,101,11,97,18.166666666666668,392222
S Sreesanth,15,14,129,10,109,16.666666666666668,419108
S Sreesanth,12,5,152,10,140,19.333333333333332,419117
S Sreesanth,0,2,144,10,135,17.833333333333332,419124
S Sreesanth,1,6,136,9,112,17.166666666666668,501207
S Sreesanth,0,1,67,10,66,15.833333333333334,501229
S Sreesanth,0,2,111,10,110,18.333333333333332,501233
S Sreesanth,0,0,0,8,155,19.666666666666668,598001
S Sreesanth,1,2,134,8,130,19.5,598005
S Sreesanth,0,2,117,9,110,17.166666666666668,598023
VRV Singh,4,2,175,11,164,19.5,335991
VRV Singh,0,1,160,10,160,19.833333333333332,336013
SS Tiwary,17,10,107,5,55,8.833333333333334,335991
SS Tiwary,9,10,151,8,103,15.333333333333334,336004
SS Tiwary,4,3,178,8,166,19.0,392197
SS Tiwary,6,4,105,8,91,18.333333333333332,392200
SS Tiwary,3,5,123,8,100,16.166666666666668,392212
SS Tiwary,53,33,196,4,63,6.333333333333333,419107
SS Tiwary,60,36,200,4,69,6.666666666666667,419114
SS Tiwary,25,21,137,4,27,4.666666666666667,419119
SS Tiwary,30,24,152,3,58,7.0,419122
SS Tiwary,2,3,163,3,76,9.0,419125
SS Tiwary,4,3,156,4,57,7.666666666666667,419130
SS Tiwary,31,23,147,4,73,10.166666666666666,419132
SS Tiwary,44,35,171,3,49,6.333333333333333,419138
SS Tiwary,13,17,122,3,44,6.333333333333333,419142
SS Tiwary,4,5,150,4,51,6.166666666666667,419146
SS Tiwary,15,9,162,4,11,2.1666666666666665,419150
SS Tiwary,38,28,172,3,32,5.666666666666667,419152
SS Tiwary,46,37,127,3,2,1.0,419161
SS Tiwary,52,31,169,6,69,9.666666666666666,419162
SS Tiwary,0,2,134,6,89,14.5,419165
SS Tiwary,26,24,147,5,73,10.166666666666666,501200
SS Tiwary,16,10,125,6,98,17.666666666666668,501205
SS Tiwary,7,10,132,6,26,6.833333333333333,501208
SS Tiwary,14,13,153,6,72,11.0,501211
SS Tiwary,18,19,143,5,86,9.0,501227
SS Tiwary,14,8,179,5,139,16.833333333333332,501232
SS Tiwary,13,9,199,5,151,15.166666666666666,501244
SS Tiwary,1,5,99,7,92,11.333333333333334,501255
SS Tiwary,6,11,112,2,0,0.16666666666666666,501260
SS Tiwary,13,26,119,4,75,10.0,501266
SS Tiwary,9,6,161,6,121,16.833333333333332,501268
SS Tiwary,8,12,165,6,145,16.5,501270
SS Tiwary,42,33,141,6,61,8.666666666666666,501271
SS Tiwary,1,3,151,5,53,7.5,548310
SS Tiwary,18,19,113,5,20,6.0,548315
SS Tiwary,8,6,189,5,159,17.5,548318
SS Tiwary,17,16,133,5,66,9.0,548324
SS Tiwary,35,22,178,5,66,12.0,548327
SS Tiwary,4,7,158,4,7,2.1666666666666665,548331
SS Tiwary,19,22,138,5,33,5.666666666666667,548344
SS Tiwary,1,1,152,7,150,19.666666666666668,548350
SS Tiwary,36,30,163,4,88,11.666666666666666,548362
SS Tiwary,20,14,152,4,11,2.8333333333333335,548367
SS Tiwary,30,27,120,4,35,4.666666666666667,548376
SS Tiwary,25,29,107,5,56,9.166666666666666,598023
SS Tiwary,2,2,247,5,237,19.0,598027
SS Tiwary,21,19,124,5,34,7.5,598033
SS Tiwary,8,8,160,6,114,16.0,598036
SS Tiwary,52,45,175,1,0,0.16666666666666666,598042
SS Tiwary,1,3,112,6,93,16.0,598057
SS Tiwary,24,15,151,7,106,15.666666666666666,829761
SS Tiwary,5,4,111,3,99,12.666666666666666,829767
SS Tiwary,28,14,160,7,114,15.666666666666666,829777
SS Tiwary,13,11,148,7,100,15.833333333333334,829783
SS Tiwary,26,25,153,6,65,10.5,829793
SS Tiwary,13,9,181,7,136,15.5,829813
SS Tiwary,1,2,188,2,0,0.16666666666666666,980949
SS Tiwary,57,45,151,2,0,0.16666666666666666,980957
SS Tiwary,20,16,153,3,59,8.5,980965
SS Tiwary,52,39,184,3,26,2.5,980969
SS Tiwary,9,10,130,5,67,12.166666666666666,980979
SS Tiwary,13,12,97,4,24,4.666666666666667,980989
SS Tiwary,17,15,165,4,45,7.166666666666667,981005
SS Tiwary,52,43,156,1,0,0.16666666666666666,1082644
SS Tiwary,42,31,157,4,46,5.333333333333333,1216492
SS Tiwary,1,3,148,6,80,11.833333333333334,1216495
SS Tiwary,5,8,158,4,50,8.0,1216499
SS Tiwary,21,13,181,4,95,11.0,1216508
SS Tiwary,34,25,186,4,82,10.833333333333334,1216541
SS Tiwary,5,2,143,7,137,19.5,1254096
SS Tiwary,45,37,135,4,15,3.8333333333333335,1254099
SS Tiwary,50,40,132,5,37,5.833333333333333,1254104
SS Tiwary,15,18,122,4,36,6.5,1254112
DS Kulkarni,2,16,107,10,99,15.5,335991
DS Kulkarni,7,9,123,10,106,17.666666666666668,392212
DS Kulkarni,1,4,102,10,101,19.333333333333332,392215
DS Kulkarni,1,4,124,9,122,18.833333333333332,392225
DS Kulkarni,0,0,0,10,135,20.0,392235
DS Kulkarni,2,4,82,9,65,10.833333333333334,501251
DS Kulkarni,0,0,0,10,107,20.333333333333332,501256
DS Kulkarni,10,5,138,10,118,18.166666666666668,548379
DS Kulkarni,28,19,131,10,84,14.5,729297
DS Kulkarni,7,6,92,10,81,17.5,733989
DS Kulkarni,1,2,126,10,122,19.0,829749
DS Kulkarni,3,9,106,11,97,17.0,829819
DS Kulkarni,6,3,136,9,120,18.833333333333332,980917
DS Kulkarni,6,4,127,10,121,19.166666666666668,980955
DS Kulkarni,2,3,91,9,64,12.333333333333334,980987
DS Kulkarni,10,4,147,10,135,18.833333333333332,981013
DS Kulkarni,3,2,157,9,153,19.833333333333332,981017
DS Kulkarni,1,2,132,7,111,16.833333333333332,1082596
DS Kulkarni,3,4,117,9,109,17.5,1136564
DS Kulkarni,3,3,154,9,140,18.5,1136575
DS Kulkarni,5,3,163,11,157,19.5,1175359
DS Kulkarni,3,2,148,10,144,19.666666666666668,1216495
DS Kulkarni,0,0,0,8,195,19.166666666666668,1254084
R Vinay Kumar,1,1,128,10,126,19.5,335992
R Vinay Kumar,23,17,107,9,77,13.833333333333334,336012
R Vinay Kumar,1,3,128,8,116,17.5,336016
R Vinay Kumar,0,1,122,9,120,19.833333333333332,336029
R Vinay Kumar,8,2,129,9,115,19.666666666666668,392182
R Vinay Kumar,5,6,82,9,61,11.333333333333334,392185
R Vinay Kumar,1,1,160,9,151,19.0,392191
R Vinay Kumar,0,0,0,8,128,19.333333333333332,392194
R Vinay Kumar,12,13,99,10,86,17.5,392213
R Vinay Kumar,7,12,127,8,79,13.5,392218
R Vinay Kumar,6,2,124,10,117,19.333333333333332,392224
R Vinay Kumar,8,8,127,10,105,16.833333333333332,392239
R Vinay Kumar,2,2,149,8,111,15.833333333333334,419128
R Vinay Kumar,3,3,141,8,128,17.833333333333332,419140
R Vinay Kumar,4,7,125,8,101,16.5,419151
R Vinay Kumar,10,12,129,9,105,16.0,419157
R Vinay Kumar,8,8,138,9,110,15.166666666666666,419162
R Vinay Kumar,1,1,136,8,108,16.333333333333332,501207
R Vinay Kumar,11,10,124,8,100,16.0,501219
R Vinay Kumar,5,4,100,9,85,17.166666666666668,501225
R Vinay Kumar,18,19,67,9,42,10.833333333333334,501229
R Vinay Kumar,11,9,111,8,85,15.5,501233
R Vinay Kumar,3,3,115,8,97,17.5,501247
R Vinay Kumar,1,1,155,8,154,20.0,501254
R Vinay Kumar,18,16,151,8,99,14.5,548310
R Vinay Kumar,25,26,113,8,58,12.166666666666666,548315
R Vinay Kumar,6,1,189,9,183,19.833333333333332,548318
R Vinay Kumar,11,9,133,8,100,14.833333333333334,548324
R Vinay Kumar,0,1,138,8,138,20.0,548344
R Vinay Kumar,1,2,152,7,114,17.666666666666668,548367
R Vinay Kumar,7,7,120,8,102,17.0,548376
R Vinay Kumar,7,4,122,8,106,18.166666666666668,598004
R Vinay Kumar,1,1,148,8,135,18.666666666666668,598017
R Vinay Kumar,26,20,124,9,76,14.0,598033
R Vinay Kumar,22,6,160,8,138,19.166666666666668,598036
R Vinay Kumar,14,13,112,7,94,16.5,598057
R Vinay Kumar,4,5,143,8,127,17.333333333333332,729299
R Vinay Kumar,0,1,141,8,131,19.0,729315
R Vinay Kumar,0,0,0,10,108,16.833333333333332,733971
R Vinay Kumar,0,0,0,8,139,14.0,734037
R Vinay Kumar,0,0,0,9,150,20.0,829717
R Vinay Kumar,0,1,176,9,176,20.0,829729
R Vinay Kumar,0,1,147,9,140,19.333333333333332,829751
R Vinay Kumar,12,11,108,9,56,15.333333333333334,980901
R Vinay Kumar,1,1,160,9,154,19.5,981007
R Vinay Kumar,6,3,164,8,152,18.0,1136563
AB Agarkar,11,8,139,8,94,14.833333333333334,335993
AB Agarkar,2,6,124,8,72,13.666666666666666,335997
AB Agarkar,20,13,139,3,12,2.0,336000
AB Agarkar,1,2,162,8,148,19.0,336003
AB Agarkar,15,14,59,8,29,9.333333333333334,336021
AB Agarkar,5,2,142,8,118,18.166666666666668,336027
AB Agarkar,7,3,96,8,68,15.666666666666666,392184
AB Agarkar,1,1,126,8,122,19.166666666666668,392190
AB Agarkar,6,7,130,8,111,17.833333333333332,392199
AB Agarkar,0,0,0,8,124,19.666666666666668,392203
AB Agarkar,39,29,115,8,52,11.5,392219
AB Agarkar,0,0,0,7,146,19.833333333333332,392228
AB Agarkar,13,17,97,8,44,11.666666666666666,392233
AB Agarkar,16,12,125,8,94,15.5,419131
AB Agarkar,8,5,167,8,149,18.666666666666668,419135
AB Agarkar,6,6,149,8,128,17.666666666666668,419148
AB Agarkar,9,5,119,9,105,18.5,419153
AB Agarkar,0,0,0,9,116,18.5,501230
AB Agarkar,6,5,132,9,119,17.166666666666668,501246
AB Agarkar,0,0,0,8,140,20.0,548345
AB Agarkar,3,7,79,8,64,12.5,598020
AB Agarkar,9,9,113,9,97,17.5,598059
M Kartik,3,3,139,9,114,17.5,335993
M Kartik,10,11,124,9,84,15.833333333333334,335997
M Kartik,17,13,124,8,84,12.0,336010
M Kartik,10,10,96,9,69,16.0,392184
M Kartik,11,10,115,9,80,16.333333333333332,392219
M Kartik,21,20,101,10,74,13.5,419113
M Kartik,1,2,125,9,122,19.166666666666668,419131
M Kartik,10,12,104,7,43,8.666666666666666,501218
M Kartik,1,2,110,10,108,19.333333333333332,501226
M Kartik,0,0,0,9,130,19.833333333333332,501235
M Kartik,14,9,121,9,97,17.5,548308
M Kartik,4,3,135,9,130,19.333333333333332,548330
M Kartik,0,0,0,10,129,19.833333333333332,548353
M Kartik,8,9,120,9,102,16.5,548365
M Kartik,2,2,122,9,117,19.333333333333332,598004
M Kartik,0,1,112,10,106,18.833333333333332,598057
I Sharma,4,3,139,10,120,18.5,335993
I Sharma,0,0,0,10,120,19.666666666666668,335997
I Sharma,1,1,139,10,136,18.5,336000
I Sharma,4,5,59,10,53,13.833333333333334,336021
I Sharma,2,1,142,10,137,19.666666666666668,336027
I Sharma,0,1,166,9,146,18.666666666666668,336035
I Sharma,9,9,96,10,77,16.666666666666668,392184
I Sharma,1,1,126,9,125,20.166666666666668,392190
I Sharma,6,3,91,8,79,13.5,392197
I Sharma,6,15,101,11,76,14.333333333333334,419113
I Sharma,0,2,149,10,145,19.333333333333332,419148
I Sharma,1,1,133,10,130,19.666666666666668,501199
I Sharma,1,1,145,10,138,19.833333333333332,501203
I Sharma,1,2,123,10,116,19.166666666666668,501224
I Sharma,1,1,141,9,138,19.5,501236
I Sharma,0,0,0,10,134,20.0,501250
I Sharma,0,0,0,11,117,19.166666666666668,598032
I Sharma,0,0,0,10,140,20.0,598051
I Sharma,0,0,0,11,162,19.833333333333332,980931
I Sharma,2,5,143,10,137,18.333333333333332,1082609
I Sharma,5,2,176,10,170,19.5,1082623
I Sharma,1,5,70,10,66,13.833333333333334,1082645
I Sharma,0,0,0,10,110,19.5,1175371
I Sharma,0,0,0,11,117,19.833333333333332,1178409
I Sharma,10,3,138,11,128,19.666666666666668,1181767
I Sharma,1,1,140,11,135,19.833333333333332,1359508
I Sharma,1,3,150,11,146,16.333333333333332,1422134
I Sharma,0,4,134,11,131,17.833333333333332,1426300
AM Rahane,0,7,142,3,13,2.5,335994
AM Rahane,4,10,123,1,0,0.16666666666666666,335997
AM Rahane,9,7,134,7,86,16.166666666666668,392203
AM Rahane,0,1,141,3,18,3.6666666666666665,392208
AM Rahane,12,11,102,8,78,16.333333333333332,392215
AM Rahane,62,49,150,3,4,1.6666666666666665,392218
AM Rahane,1,5,116,3,4,2.3333333333333335,392222
AM Rahane,3,7,124,3,9,1.6666666666666665,392225
AM Rahane,56,41,141,5,21,4.833333333333333,392235
AM Rahane,18,17,139,5,80,11.0,501204
AM Rahane,6,9,76,7,62,11.333333333333334,501214
AM Rahane,15,9,132,6,84,14.333333333333334,501235
AM Rahane,4,8,139,6,112,15.833333333333334,501240
AM Rahane,52,36,128,3,25,3.8333333333333335,501249
AM Rahane,17,10,134,3,71,9.666666666666666,501252
AM Rahane,8,9,94,4,17,3.3333333333333335,501258
AM Rahane,98,66,172,2,0,0.16666666666666666,548309
AM Rahane,0,4,160,2,0,0.16666666666666666,548312
AM Rahane,40,31,166,2,0,0.16666666666666666,548317
AM Rahane,19,16,121,2,0,0.16666666666666666,548320
AM Rahane,103,60,189,2,0,0.16666666666666666,548324
AM Rahane,44,31,191,2,0,0.16666666666666666,548326
AM Rahane,15,10,132,2,0,0.16666666666666666,548332
AM Rahane,13,18,133,2,0,0.16666666666666666,548336
AM Rahane,84,63,147,2,0,0.16666666666666666,548345
AM Rahane,42,32,136,2,0,0.16666666666666666,548349
AM Rahane,5,6,171,2,0,0.16666666666666666,548354
AM Rahane,0,3,126,2,0,0.16666666666666666,548358
AM Rahane,17,22,114,2,0,0.16666666666666666,548361
AM Rahane,61,47,167,2,0,0.16666666666666666,548365
AM Rahane,6,7,118,2,0,0.16666666666666666,548373
AM Rahane,13,17,142,2,0,0.16666666666666666,548377
AM Rahane,28,24,156,2,0,0.16666666666666666,598001
AM Rahane,36,34,134,2,0,0.16666666666666666,598005
AM Rahane,30,27,138,2,0,0.16666666666666666,598009
AM Rahane,34,42,117,2,0,0.16666666666666666,598014
AM Rahane,68,54,163,2,0,0.16666666666666666,598019
AM Rahane,14,13,117,2,0,0.16666666666666666,598023
AM Rahane,16,15,175,2,0,0.16666666666666666,598026
AM Rahane,1,9,144,2,0,0.16666666666666666,598032
AM Rahane,2,7,168,2,0,0.16666666666666666,598036
AM Rahane,6,10,124,2,0,0.16666666666666666,598043
AM Rahane,67,48,179,2,0,0.16666666666666666,598047
AM Rahane,63,45,144,2,0,0.16666666666666666,598049
AM Rahane,59,49,141,2,0,0.16666666666666666,598052
AM Rahane,9,10,143,2,0,0.16666666666666666,598058
AM Rahane,4,8,136,2,0,0.16666666666666666,598063
AM Rahane,12,25,107,2,0,0.16666666666666666,598065
AM Rahane,18,20,131,2,0,0.16666666666666666,598071
AM Rahane,21,18,151,2,0,0.16666666666666666,598072
AM Rahane,59,53,130,2,0,0.16666666666666666,729285
AM Rahane,13,8,181,2,0,0.16666666666666666,729291
AM Rahane,15,12,131,2,0,0.16666666666666666,729297
AM Rahane,23,19,68,1,0,0.16666666666666666,729305
AM Rahane,72,59,147,1,0,0.16666666666666666,729315
AM Rahane,12,10,152,1,0,0.16666666666666666,733975
AM Rahane,30,22,162,1,0,0.16666666666666666,733979
AM Rahane,0,3,92,1,0,0.16666666666666666,733989
AM Rahane,24,22,178,1,0,0.16666666666666666,733999
AM Rahane,4,7,136,3,51,8.333333333333334,734003
AM Rahane,64,50,185,1,0,0.16666666666666666,734011
AM Rahane,23,26,156,1,0,0.16666666666666666,734033
AM Rahane,0,8,141,1,0,0.16666666666666666,829709
AM Rahane,47,39,180,1,0,0.16666666666666666,829715
AM Rahane,46,39,159,1,0,0.16666666666666666,829721
AM Rahane,62,56,124,1,0,0.16666666666666666,829727
AM Rahane,76,55,156,1,0,0.16666666666666666,829735
AM Rahane,74,54,181,1,0,0.16666666666666666,829741
AM Rahane,18,12,126,1,0,0.16666666666666666,829749
AM Rahane,16,12,166,1,0,0.16666666666666666,829769
AM Rahane,91,54,181,1,0,0.16666666666666666,829777
AM Rahane,8,6,187,1,0,0.16666666666666666,829787
AM Rahane,23,17,132,1,0,0.16666666666666666,829797
AM Rahane,37,21,185,1,0,0.16666666666666666,829811
AM Rahane,42,39,106,1,0,0.16666666666666666,829819
AM Rahane,65,41,120,1,0,0.16666666666666666,980901
AM Rahane,21,17,161,1,0,0.16666666666666666,980911
AM Rahane,9,11,141,1,0,0.16666666666666666,980919
AM Rahane,60,46,165,1,0,0.16666666666666666,980931
AM Rahane,67,52,154,1,0,0.16666666666666666,980939
AM Rahane,0,5,81,1,0,0.16666666666666666,980943
AM Rahane,53,45,188,1,0,0.16666666666666666,980949
AM Rahane,4,5,151,1,0,0.16666666666666666,980957
AM Rahane,63,48,153,1,0,0.16666666666666666,980965
AM Rahane,74,48,184,1,0,0.16666666666666666,980969
AM Rahane,0,3,130,1,0,0.16666666666666666,980979
AM Rahane,2,6,97,1,0,0.16666666666666666,980989
AM Rahane,42,36,69,1,0,0.16666666666666666,980997
AM Rahane,19,15,165,1,0,0.16666666666666666,981005
AM Rahane,60,34,183,1,0,0.16666666666666666,1082592
AM Rahane,19,15,157,1,0,0.16666666666666666,1082594
AM Rahane,10,9,103,1,0,0.16666666666666666,1082599
AM Rahane,0,3,166,1,0,0.16666666666666666,1082603
AM Rahane,30,25,148,1,0,0.16666666666666666,1082607
AM Rahane,2,7,176,1,0,0.16666666666666666,1082615
AM Rahane,38,32,156,1,0,0.16666666666666666,1082618
AM Rahane,46,41,175,1,0,0.16666666666666666,1082620
AM Rahane,6,8,153,1,0,0.16666666666666666,1082624
AM Rahane,4,4,160,1,0,0.16666666666666666,1082629
AM Rahane,11,9,150,1,0,0.16666666666666666,1082631
AM Rahane,22,20,141,1,0,0.16666666666666666,1082634
AM Rahane,0,1,151,1,0,0.16666666666666666,1082642
AM Rahane,34,34,77,1,0,0.16666666666666666,1082645
AM Rahane,56,43,151,1,0,0.16666666666666666,1082647
AM Rahane,44,38,119,1,0,0.16666666666666666,1082650
AM Rahane,13,13,117,1,0,0.16666666666666666,1136564
AM Rahane,45,40,150,1,0,0.16666666666666666,1136566
AM Rahane,36,20,202,1,0,0.16666666666666666,1136571
AM Rahane,36,19,154,1,0,0.16666666666666666,1136575
AM Rahane,16,11,132,1,0,0.16666666666666666,1136577
AM Rahane,14,17,161,1,0,0.16666666666666666,1136581
AM Rahane,65,53,139,1,0,0.16666666666666666,1136588
AM Rahane,5,7,144,3,3,0.6666666666666666,1136598
AM Rahane,9,10,154,1,0,0.16666666666666666,1136600
AM Rahane,4,3,174,3,48,4.166666666666667,1136603
AM Rahane,37,36,161,3,4,1.1666666666666667,1136607
AM Rahane,11,12,140,3,62,5.0,1136609
AM Rahane,33,31,159,3,2,1.8333333333333335,1136613
AM Rahane,46,41,143,1,0,0.16666666666666666,1136618
AM Rahane,27,20,163,1,0,0.16666666666666666,1175359
AM Rahane,70,49,192,1,0,0.16666666666666666,1175363
AM Rahane,0,2,156,1,0,0.16666666666666666,1175367
AM Rahane,22,20,154,1,0,0.16666666666666666,1175369
AM Rahane,5,7,128,1,0,0.16666666666666666,1178396
AM Rahane,14,11,144,1,0,0.16666666666666666,1178400
AM Rahane,37,21,184,1,0,0.16666666666666666,1178402
AM Rahane,26,21,160,4,89,11.833333333333334,1178407
AM Rahane,12,12,156,1,0,0.16666666666666666,1178411
AM Rahane,105,63,186,1,0,0.16666666666666666,1178415
AM Rahane,34,21,172,1,0,0.16666666666666666,1178418
AM Rahane,39,34,156,1,0,0.16666666666666666,1178420
AM Rahane,2,4,106,1,0,0.16666666666666666,1178428
AM Rahane,0,1,129,1,0,0.16666666666666666,1216497
AM Rahane,60,46,148,3,19,2.0,1216505
AM Rahane,8,10,181,3,0,0.5,1216509
AM Rahane,26,19,122,1,0,0.16666666666666666,1216524
AM Rahane,15,15,157,3,4,0.6666666666666666,1216529
AM Rahane,2,9,149,3,0,0.3333333333333333,1216543
AM Rahane,0,3,137,3,0,0.5,1237177
AM Rahane,2,4,152,3,0,0.3333333333333333,1237181
AM Rahane,8,8,142,3,5,2.1666666666666665,1254064
AM Rahane,44,34,129,1,0,0.16666666666666666,1304047
AM Rahane,9,10,122,1,0,0.16666666666666666,1304052
AM Rahane,12,11,130,1,0,0.16666666666666666,1304054
AM Rahane,7,11,157,1,0,0.16666666666666666,1304060
AM Rahane,8,14,165,1,0,0.16666666666666666,1304065
AM Rahane,25,24,154,2,0,0.16666666666666666,1304102
AM Rahane,28,24,165,2,0,0.16666666666666666,1304107
AM Rahane,61,27,149,3,0,0.8333333333333334,1359486
AM Rahane,31,19,162,3,9,2.5,1359491
AM Rahane,37,20,217,3,16,2.5,1359498
AM Rahane,9,10,136,3,85,11.166666666666666,1359503
AM Rahane,71,29,232,3,73,7.666666666666667,1359507
AM Rahane,15,13,168,3,42,6.166666666666667,1359511
AM Rahane,21,17,135,3,44,4.333333333333333,1359523
AM Rahane,21,20,152,3,27,4.333333333333333,1359529
AM Rahane,16,11,137,3,31,3.6666666666666665,1359535
AM Rahane,17,10,167,4,88,11.666666666666666,1370350
AM Rahane,27,13,166,4,74,7.166666666666667,1370353
AM Rahane,27,19,160,3,37,4.166666666666667,1422119
AM Rahane,12,12,200,3,59,5.5,1422125
AM Rahane,45,30,157,3,2,1.1666666666666667,1422131
AM Rahane,35,30,163,3,25,3.3333333333333335,1422136
AM Rahane,5,8,198,1,0,0.16666666666666666,1426267
AM Rahane,36,24,172,1,0,0.16666666666666666,1426272
AM Rahane,1,3,206,1,0,0.16666666666666666,1426277
AM Rahane,9,12,203,1,0,0.16666666666666666,1426284
AM Rahane,29,24,140,1,0,0.16666666666666666,1426287
AM Rahane,9,7,161,1,0,0.16666666666666666,1426291
AM Rahane,1,5,189,1,0,0.16666666666666666,1426297
AM Rahane,33,22,172,4,14,2.5,1426306
Shoaib Malik,19,17,147,4,10,2.6666666666666665,335995
Shoaib Malik,6,4,185,4,148,15.166666666666666,335998
Shoaib Malik,23,21,128,5,37,6.333333333333333,336004
Shoaib Malik,2,3,175,5,155,18.166666666666668,336009
Shoaib Malik,1,1,106,6,104,10.833333333333334,336022
MK Tiwary,39,34,147,5,41,6.166666666666667,335995
MK Tiwary,11,9,185,6,161,17.333333333333332,335998
MK Tiwary,5,2,175,7,164,19.333333333333332,336009
MK Tiwary,9,7,102,4,16,2.8333333333333335,336017
MK Tiwary,4,1,186,6,182,20.0,336020
MK Tiwary,36,29,176,4,50,5.0,336032
MK Tiwary,0,3,80,4,18,4.166666666666667,336038
MK Tiwary,9,13,188,6,113,14.166666666666666,392189
MK Tiwary,0,1,145,1,0,0.16666666666666666,419106
MK Tiwary,50,29,130,2,0,0.16666666666666666,419109
MK Tiwary,8,3,101,2,0,0.16666666666666666,419113
MK Tiwary,11,13,129,1,0,0.16666666666666666,419118
MK Tiwary,74,46,162,4,36,5.166666666666667,419127
MK Tiwary,0,3,125,4,18,3.8333333333333335,419131
MK Tiwary,5,7,167,4,39,6.166666666666667,419135
MK Tiwary,35,32,187,3,53,7.5,419139
MK Tiwary,26,18,174,4,98,12.0,419144
MK Tiwary,0,2,149,4,94,12.0,419148
MK Tiwary,27,31,119,4,17,3.1666666666666665,419153
MK Tiwary,27,15,143,4,87,13.0,501198
MK Tiwary,30,21,153,4,84,12.666666666666666,501203
MK Tiwary,26,25,70,4,26,7.166666666666667,501214
MK Tiwary,46,51,115,4,23,4.5,501219
MK Tiwary,0,0,0,6,155,20.0,501222
MK Tiwary,61,47,140,4,41,6.333333333333333,501230
MK Tiwary,34,41,108,4,35,4.5,501234
MK Tiwary,32,26,158,5,80,11.833333333333334,501239
MK Tiwary,1,7,136,4,67,10.666666666666666,501242
MK Tiwary,15,12,57,4,30,6.166666666666667,501245
MK Tiwary,19,24,82,4,21,4.0,501255
MK Tiwary,24,24,114,3,7,0.8333333333333334,501262
MK Tiwary,35,22,169,4,18,3.5,501267
MK Tiwary,4,7,141,4,11,3.0,501269
MK Tiwary,0,1,90,4,19,2.8333333333333335,548307
MK Tiwary,59,49,135,4,7,2.1666666666666665,548312
MK Tiwary,2,5,159,5,122,14.333333333333334,548315
MK Tiwary,24,18,125,4,62,11.0,548320
MK Tiwary,20,27,123,4,30,3.8333333333333335,548323
MK Tiwary,30,28,118,6,66,10.833333333333334,548335
MK Tiwary,1,1,185,5,177,19.5,548344
MK Tiwary,13,13,127,4,73,12.666666666666666,548347
MK Tiwary,6,4,131,7,122,19.166666666666668,548353
MK Tiwary,8,6,138,4,122,15.333333333333334,548357
MK Tiwary,27,25,150,4,3,1.5,548363
MK Tiwary,12,14,155,4,99,12.333333333333334,548368
MK Tiwary,41,43,125,4,6,1.6666666666666665,548370
MK Tiwary,8,9,127,5,100,16.333333333333332,548375
MK Tiwary,9,3,182,7,168,19.0,548381
MK Tiwary,23,23,123,4,51,7.5,597998
MK Tiwary,14,13,114,4,15,2.8333333333333335,598005
MK Tiwary,23,16,148,5,91,13.0,598008
MK Tiwary,1,7,141,5,101,13.333333333333334,598016
MK Tiwary,13,18,115,5,47,7.833333333333333,598022
MK Tiwary,33,24,152,4,65,8.166666666666666,598029
MK Tiwary,15,10,141,7,89,15.833333333333334,598053
MK Tiwary,24,27,111,5,58,10.666666666666666,598057
MK Tiwary,0,2,148,6,112,16.0,598061
MK Tiwary,1,3,135,4,15,3.6666666666666665,729281
MK Tiwary,8,6,156,6,112,14.666666666666666,729289
MK Tiwary,0,2,82,4,15,3.6666666666666665,729293
MK Tiwary,23,13,173,6,131,17.0,729301
MK Tiwary,61,44,130,5,40,7.0,734011
MK Tiwary,10,8,159,7,146,18.0,734019
MK Tiwary,41,31,151,4,58,9.0,734031
MK Tiwary,8,11,108,5,43,6.166666666666667,734039
MK Tiwary,0,0,0,7,153,19.666666666666668,829725
MK Tiwary,32,28,133,4,19,4.666666666666667,829739
MK Tiwary,25,28,151,1,0,0.16666666666666666,829761
MK Tiwary,40,23,157,6,68,11.5,1082594
MK Tiwary,31,27,166,5,87,9.5,1082603
MK Tiwary,27,11,148,7,118,17.0,1082607
MK Tiwary,17,8,176,6,119,16.333333333333332,1082615
MK Tiwary,22,13,156,6,124,16.333333333333332,1082618
MK Tiwary,1,2,175,5,145,17.5,1082620
MK Tiwary,44,35,153,4,57,8.5,1082624
MK Tiwary,0,2,160,4,8,1.1666666666666667,1082629
MK Tiwary,8,9,150,4,53,5.166666666666667,1082631
MK Tiwary,9,5,141,7,102,16.166666666666668,1082634
MK Tiwary,60,45,151,4,35,4.333333333333333,1082642
MK Tiwary,54,47,151,4,7,2.0,1082647
MK Tiwary,7,8,119,5,91,16.5,1082650
MK Tiwary,1,5,117,6,82,13.833333333333334,1136585
MK Tiwary,7,8,136,6,44,9.166666666666666,1136600
MK Tiwary,4,1,174,7,164,19.833333333333332,1136610
MK Tiwary,35,30,142,4,11,3.0,1136616
KD Karthik,24,14,147,6,48,7.333333333333333,335995
KD Karthik,2,4,185,5,156,16.333333333333332,335998
KD Karthik,28,23,128,6,80,10.5,336004
KD Karthik,6,3,175,6,163,19.0,336009
KD Karthik,13,15,145,5,63,10.166666666666666,336015
KD Karthik,6,4,146,6,112,14.5,336026
KD Karthik,56,32,176,6,88,11.0,336032
KD Karthik,10,12,80,6,23,6.5,336038
KD Karthik,18,16,188,5,76,8.666666666666666,392189
KD Karthik,12,9,146,5,83,13.333333333333334,392194
KD Karthik,4,5,138,5,37,6.0,392198
KD Karthik,41,30,134,5,46,7.0,392201
KD Karthik,52,31,141,5,50,7.0,392206
KD Karthik,5,3,112,5,101,18.0,392215
KD Karthik,17,22,112,5,60,9.166666666666666,392219
KD Karthik,44,23,159,6,95,14.166666666666666,392223
KD Karthik,32,29,106,6,41,9.333333333333334,392226
KD Karthik,23,11,139,5,98,16.833333333333332,392230
KD Karthik,31,29,131,5,37,6.166666666666667,392232
KD Karthik,0,1,157,7,144,16.833333333333332,392235
KD Karthik,9,8,141,6,124,17.333333333333332,392237
KD Karthik,20,18,139,5,39,7.666666666666667,419108
KD Karthik,23,26,133,5,94,10.166666666666666,419111
KD Karthik,16,6,109,5,55,7.0,419114
KD Karthik,19,14,171,4,91,11.5,419116
KD Karthik,46,27,157,4,85,10.333333333333334,419120
KD Karthik,17,19,175,4,57,5.333333333333333,419128
KD Karthik,0,1,167,4,20,2.1666666666666665,419131
KD Karthik,69,37,175,6,63,8.666666666666666,419134
KD Karthik,6,4,176,5,82,9.833333333333334,419140
KD Karthik,20,17,158,5,97,11.666666666666666,419144
KD Karthik,17,35,93,5,34,4.333333333333333,419149
KD Karthik,11,14,135,4,67,6.833333333333333,419152
KD Karthik,13,16,100,5,6,1.8333333333333335,419155
KD Karthik,1,2,128,7,67,12.0,419160
KD Karthik,0,7,101,4,4,1.6666666666666665,501202
KD Karthik,21,11,192,6,135,14.333333333333334,501206
KD Karthik,3,5,150,4,136,16.166666666666668,501212
KD Karthik,21,16,174,4,91,9.833333333333334,501220
KD Karthik,6,5,193,4,91,10.5,501223
KD Karthik,42,42,113,4,37,6.166666666666667,501234
KD Karthik,1,2,124,5,71,12.5,501237
KD Karthik,20,15,114,5,26,4.666666666666667,501244
KD Karthik,30,27,115,4,48,7.833333333333333,501248
KD Karthik,31,24,141,4,72,10.833333333333334,501251
KD Karthik,69,33,173,4,27,4.833333333333333,501254
KD Karthik,27,19,161,4,117,14.5,501257
KD Karthik,11,14,112,4,22,3.1666666666666665,501264
KD Karthik,32,32,96,5,3,2.1666666666666665,548308
KD Karthik,7,6,138,6,93,16.5,548314
KD Karthik,0,1,191,6,159,17.166666666666668,548317
KD Karthik,3,4,83,6,34,8.666666666666666,548325
KD Karthik,35,20,157,4,54,9.5,548334
KD Karthik,3,6,161,4,57,9.333333333333334,548339
KD Karthik,40,28,166,4,19,2.6666666666666665,548342
KD Karthik,2,6,91,4,27,6.0,548346
KD Karthik,18,21,109,5,72,12.166666666666666,548351
KD Karthik,11,5,171,4,132,16.0,548355
KD Karthik,44,39,134,4,1,2.166666666666667,548360
KD Karthik,16,14,162,4,2,1.5,548367
KD Karthik,21,26,104,3,24,6.166666666666667,548370
KD Karthik,6,4,138,4,52,6.5,548379
KD Karthik,56,36,142,3,50,7.666666666666667,597999
KD Karthik,37,25,139,3,3,1.0,598002
KD Karthik,85,47,198,3,0,1.1666666666666667,598006
KD Karthik,41,29,174,3,53,7.333333333333333,598011
KD Karthik,30,32,85,3,2,0.8333333333333334,598019
KD Karthik,2,6,158,3,11,3.5,598024
KD Karthik,7,6,158,3,25,5.0,598029
KD Karthik,43,33,185,3,27,3.8333333333333335,598033
KD Karthik,25,19,166,3,11,2.8333333333333335,598037
KD Karthik,0,2,121,3,28,4.666666666666667,598039
KD Karthik,23,23,135,3,37,7.0,598046
KD Karthik,34,18,159,3,89,13.166666666666666,598050
KD Karthik,17,25,112,3,0,0.3333333333333333,598055
KD Karthik,30,23,171,3,25,3.6666666666666665,598060
KD Karthik,21,21,159,3,25,3.5,598063
KD Karthik,0,3,124,5,59,8.833333333333334,598066
KD Karthik,11,18,139,3,12,1.8333333333333335,598070
KD Karthik,22,17,159,3,68,9.333333333333334,598072
KD Karthik,21,26,143,3,4,0.8333333333333334,598073
KD Karthik,0,1,135,3,14,3.1666666666666665,729281
KD Karthik,56,40,156,3,9,1.0,729289
KD Karthik,21,22,82,3,8,2.3333333333333335,729293
KD Karthik,15,14,173,4,100,12.5,729301
KD Karthik,2,3,117,5,94,15.5,729309
KD Karthik,12,16,148,4,69,9.666666666666666,733975
KD Karthik,51,36,167,4,32,4.666666666666667,733981
KD Karthik,36,22,152,4,26,5.666666666666667,733985
KD Karthik,39,30,138,4,52,6.666666666666667,733993
KD Karthik,1,2,157,6,90,12.166666666666666,734005
KD Karthik,3,8,130,3,19,2.6666666666666665,734011
KD Karthik,69,44,159,3,12,2.8333333333333335,734019
KD Karthik,7,13,151,3,42,5.5,734031
KD Karthik,13,7,108,3,13,2.5,734039
KD Karthik,6,8,171,3,25,5.0,829713
KD Karthik,9,11,150,3,38,5.666666666666667,829719
KD Karthik,18,11,175,4,40,8.333333333333334,829737
KD Karthik,10,11,148,4,32,4.166666666666667,829745
KD Karthik,27,18,182,5,84,11.333333333333334,829763
KD Karthik,23,20,122,5,34,5.5,829779
KD Karthik,8,3,214,4,179,17.166666666666668,829785
KD Karthik,2,4,75,5,62,6.833333333333333,829803
KD Karthik,2,2,82,5,57,4.333333333333333,829807
KD Karthik,8,3,168,5,148,18.833333333333332,829819
KD Karthik,28,26,132,5,36,7.333333333333333,829821
KD Karthik,41,26,156,4,50,5.666666666666667,980905
KD Karthik,9,11,136,4,61,8.666666666666666,980917
KD Karthik,8,9,130,4,55,7.5,980929
KD Karthik,50,39,163,4,75,8.5,980937
KD Karthik,19,17,169,4,115,11.5,980945
KD Karthik,33,20,189,4,111,11.0,980949
KD Karthik,2,4,127,4,33,5.166666666666667,980955
KD Karthik,53,43,143,5,22,4.166666666666667,980961
KD Karthik,0,3,121,4,24,5.166666666666667,980967
KD Karthik,51,29,159,4,62,8.0,980975
KD Karthik,2,4,91,4,36,5.166666666666667,980987
KD Karthik,12,8,108,4,12,1.6666666666666665,981001
KD Karthik,3,4,167,4,93,9.5,981007
KD Karthik,26,30,147,4,5,1.8333333333333335,981013
KD Karthik,26,19,157,4,17,3.5,981017
KD Karthik,47,25,179,5,90,10.5,1082593
KD Karthik,30,32,132,5,40,6.5,1082596
KD Karthik,3,5,167,4,99,11.333333333333334,1082603
KD Karthik,44,25,157,5,92,13.833333333333334,1082606
KD Karthik,1,4,184,5,96,10.0,1082610
KD Karthik,3,3,183,4,69,6.5,1082613
KD Karthik,58,44,155,4,46,5.833333333333333,1082616
KD Karthik,2,8,141,5,45,6.0,1082625
KD Karthik,29,26,154,6,91,10.166666666666666,1082629
KD Karthik,65,34,203,4,10,1.5,1082632
KD Karthik,35,23,186,4,117,11.5,1082637
KD Karthik,40,28,184,4,42,6.0,1082640
KD Karthik,0,1,148,4,117,12.833333333333334,1082643
KD Karthik,35,29,164,5,80,7.666666666666667,1136563
KD Karthik,26,25,197,5,79,8.333333333333334,1136565
KD Karthik,29,26,130,5,76,11.0,1136570
KD Karthik,19,10,194,5,89,11.0,1136573
KD Karthik,42,23,160,5,100,12.666666666666666,1136575
KD Karthik,43,28,181,5,81,9.833333333333334,1136578
KD Karthik,18,18,160,5,33,3.1666666666666665,1136586
KD Karthik,23,10,168,6,132,16.833333333333332,1136589
KD Karthik,45,18,168,6,89,11.833333333333334,1136593
KD Karthik,36,26,159,5,107,12.666666666666666,1136597
KD Karthik,5,3,107,6,54,8.166666666666666,1136601
KD Karthik,50,23,240,5,127,12.0,1136604
KD Karthik,41,31,143,5,68,8.5,1136609
KD Karthik,26,22,166,4,115,13.333333333333334,1136614
KD Karthik,52,38,159,5,17,3.8333333333333335,1136618
KD Karthik,8,6,157,5,91,10.333333333333334,1136619
KD Karthik,2,4,179,4,86,11.833333333333334,1175357
KD Karthik,1,1,213,6,208,19.833333333333332,1175361
KD Karthik,50,36,177,5,39,7.0,1175365
KD Karthik,19,15,179,5,92,11.666666666666666,1175372
KD Karthik,19,21,104,5,7,2.8333333333333335,1178398
KD Karthik,2,3,172,6,109,14.5,1178401
KD Karthik,18,14,152,5,75,10.833333333333334,1178404
KD Karthik,0,0,0,7,181,20.0,1178410
KD Karthik,6,4,154,5,64,7.333333333333333,1178413
KD Karthik,97,50,164,4,26,5.166666666666667,1178418
KD Karthik,14,6,224,4,154,15.5,1178422
KD Karthik,21,9,178,5,145,15.0,1178427
KD Karthik,3,9,119,4,50,8.5,1178431
KD Karthik,4,14,81,5,2,2.5,1216494
KD Karthik,3,6,187,4,35,5.833333333333333,1216497
KD Karthik,12,11,157,7,120,15.5,1216501
KD Karthik,1,3,163,5,85,11.333333333333334,1216504
KD Karthik,30,23,141,3,14,2.8333333333333335,1216508
KD Karthik,29,14,159,6,102,15.166666666666666,1216512
KD Karthik,6,8,196,5,85,10.0,1216515
KD Karthik,0,2,143,4,10,1.8333333333333335,1216520
KD Karthik,58,29,155,5,59,10.833333333333334,1216523
KD Karthik,4,8,141,4,29,5.666666666666667,1216526
KD Karthik,0,1,184,6,90,12.166666666666666,1216530
KD Karthik,21,10,170,6,136,17.5,1216536
KD Karthik,1,2,106,5,52,9.666666666666666,1216540
KD Karthik,0,3,137,4,40,4.833333333333333,1216545
KD Karthik,22,9,180,6,155,17.666666666666668,1254060
KD Karthik,8,11,130,6,111,15.166666666666666,1254062
KD Karthik,2,5,162,5,65,7.0,1254067
KD Karthik,40,24,188,6,28,5.166666666666667,1254072
KD Karthik,25,24,123,6,59,10.5,1254075
KD Karthik,12,6,119,7,91,14.333333333333334,1254078
KD Karthik,14,10,147,7,80,13.166666666666666,1254082
KD Karthik,12,14,124,6,65,11.5,1254092
KD Karthik,26,11,163,7,120,16.833333333333332,1254098
KD Karthik,11,11,157,6,121,16.0,1254102
KD Karthik,14,11,154,5,125,16.0,1254106
KD Karthik,18,12,117,5,91,16.666666666666668,1254109
KD Karthik,10,12,134,6,106,14.5,1254115
KD Karthik,0,3,126,5,115,16.833333333333332,1254116
KD Karthik,9,7,152,6,104,13.5,1254117
KD Karthik,32,14,182,4,147,17.333333333333332,1304049
KD Karthik,14,7,117,7,87,16.166666666666668,1304052
KD Karthik,40,22,159,7,79,12.666666666666666,1304059
KD Karthik,7,2,145,4,123,17.0,1304064
KD Karthik,33,13,183,7,108,12.5,1304068
KD Karthik,66,34,179,7,86,11.5,1304073
KD Karthik,13,8,172,7,124,15.666666666666666,1304077
KD Karthik,0,3,56,7,37,8.5,1304082
KD Karthik,6,4,104,7,60,11.833333333333334,1304085
KD Karthik,2,3,163,5,125,16.833333333333332,1304089
KD Karthik,26,17,161,6,113,15.333333333333334,1304095
KD Karthik,30,8,184,5,151,18.666666666666668,1304100
KD Karthik,11,11,145,6,97,11.166666666666666,1304106
KD Karthik,2,2,159,4,136,16.833333333333332,1304113
KD Karthik,37,23,196,6,110,13.333333333333334,1312198
KD Karthik,6,7,142,6,117,15.666666666666666,1312199
KD Karthik,0,3,167,3,144,15.0,1359479
KD Karthik,9,8,117,7,57,9.0,1359483
KD Karthik,1,1,200,4,199,20.166666666666668,1359489
KD Karthik,0,1,162,7,127,14.333333333333334,1359494
KD Karthik,28,14,207,6,153,14.166666666666666,1359498
KD Karthik,7,5,162,4,130,16.5,1359501
KD Karthik,16,13,176,6,146,15.166666666666666,1359506
KD Karthik,22,18,173,6,111,11.666666666666666,1359510
KD Karthik,16,11,124,6,88,14.666666666666666,1359517
KD Karthik,11,9,173,5,134,16.166666666666668,1359524
KD Karthik,30,18,193,6,138,13.833333333333334,1359528
KD Karthik,0,2,166,5,115,15.333333333333334,1359534
KD Karthik,0,1,190,6,126,14.166666666666666,1359544
KD Karthik,38,26,160,7,75,11.833333333333334,1422119
KD Karthik,28,10,160,7,115,16.166666666666668,1422124
KD Karthik,20,8,178,7,147,17.666666666666668,1422128
KD Karthik,4,8,142,8,95,14.5,1422133
KD Karthik,53,23,186,6,103,12.5,1426263
KD Karthik,83,35,248,6,120,9.666666666666666,1426268
KD Karthik,25,18,212,8,148,13.166666666666666,1426274
KD Karthik,11,6,199,7,157,16.833333333333332,1426279
KD Karthik,21,12,150,7,110,10.0,1426290
KD Karthik,14,6,229,6,205,18.0,1426296
KD Karthik,0,2,177,7,166,17.833333333333332,1426300
KD Karthik,14,6,210,5,178,17.833333333333332,1426306
KD Karthik,11,13,168,7,118,14.5,1426310
R Bhatia,17,15,147,7,82,12.166666666666666,335995
R Bhatia,8,5,185,7,173,18.5,335998
R Bhatia,9,8,128,7,106,14.333333333333334,336004
R Bhatia,2,7,141,7,124,16.833333333333332,392206
R Bhatia,0,1,159,7,121,17.166666666666668,392223
R Bhatia,0,1,106,9,97,18.166666666666668,392226
R Bhatia,2,7,157,5,136,14.5,392235
R Bhatia,4,2,141,7,135,19.166666666666668,392237
R Bhatia,21,9,171,7,134,16.5,419116
R Bhatia,2,3,158,8,139,17.333333333333332,419144
R Bhatia,1,5,93,8,63,13.5,419149
R Bhatia,0,1,143,8,138,19.166666666666668,501198
R Bhatia,10,8,115,8,89,16.0,501219
R Bhatia,1,1,136,8,135,19.833333333333332,501242
R Bhatia,1,3,114,5,112,16.0,501262
R Bhatia,11,6,169,7,143,17.666666666666668,501267
R Bhatia,2,3,141,8,116,17.333333333333332,501269
R Bhatia,7,9,90,8,48,7.0,548307
R Bhatia,8,8,135,7,61,10.5,548312
R Bhatia,4,1,159,10,148,19.666666666666668,548315
R Bhatia,3,2,123,9,119,19.666666666666668,548323
R Bhatia,1,1,155,8,153,19.666666666666668,548368
R Bhatia,12,7,125,8,88,15.833333333333334,548370
R Bhatia,12,7,114,8,46,11.166666666666666,598005
R Bhatia,13,7,148,7,127,17.5,598008
R Bhatia,16,6,141,8,116,17.5,598016
R Bhatia,1,10,115,7,79,12.833333333333334,598022
R Bhatia,1,1,152,7,151,19.833333333333332,598029
R Bhatia,26,26,129,7,48,8.666666666666666,598040
R Bhatia,4,5,96,8,83,14.166666666666666,598050
R Bhatia,13,5,141,8,126,18.833333333333332,598053
R Bhatia,3,4,111,7,98,17.833333333333332,598057
R Bhatia,10,9,148,8,133,18.0,598061
R Bhatia,4,3,130,7,106,17.833333333333332,729285
R Bhatia,23,20,131,7,62,11.0,729297
R Bhatia,17,13,152,4,68,10.166666666666666,733975
R Bhatia,6,1,162,8,155,19.833333333333332,733979
R Bhatia,4,8,92,7,71,13.833333333333334,733989
R Bhatia,7,4,136,9,126,18.666666666666668,734003
R Bhatia,6,4,145,10,136,19.0,734017
R Bhatia,0,1,132,9,124,19.0,829797
R Bhatia,0,2,161,7,141,18.833333333333332,980911
R Bhatia,21,11,165,7,115,16.166666666666668,980931
R Bhatia,1,1,154,7,131,18.333333333333332,980939
R Bhatia,3,2,151,7,142,19.5,980957
R Bhatia,9,4,184,7,165,18.333333333333332,980969
R Bhatia,0,0,0,8,123,19.666666666666668,980979
R Bhatia,0,0,0,8,156,20.0,1082594
R Bhatia,16,17,103,7,51,8.0,1082599
MF Maharoof,18,12,147,8,114,16.833333333333332,335995
MF Maharoof,39,16,145,8,91,16.0,336015
MF Maharoof,10,12,102,8,64,11.333333333333334,336017
MF Maharoof,19,11,186,4,134,15.5,336020
MF Maharoof,0,1,106,5,104,10.5,336022
MF Maharoof,13,8,146,7,121,15.666666666666666,336026
MF Maharoof,20,13,176,7,127,15.166666666666666,336032
MF Maharoof,6,6,80,7,48,10.0,336038
MF Maharoof,3,8,106,7,87,15.833333333333334,392226
MF Maharoof,18,13,131,8,106,17.333333333333332,392232
MF Maharoof,1,1,139,7,133,19.5,419108
MF Maharoof,28,18,109,4,54,6.333333333333333,419114
MF Maharoof,2,3,158,7,136,16.666666666666668,419144
MF Maharoof,0,1,93,9,67,15.166666666666666,419149
VY Mahesh,6,5,147,9,128,18.0,335995
VY Mahesh,3,5,128,9,125,17.5,336004
VY Mahesh,0,1,145,9,144,19.666666666666668,336015
VY Mahesh,3,6,102,9,98,16.166666666666668,336017
VY Mahesh,3,10,80,9,69,13.0,336038
TM Srivastava,7,9,151,6,111,14.166666666666666,335995
TM Srivastava,1,1,163,8,162,20.0,336035
TM Srivastava,0,1,124,9,124,20.0,392204
B Chipli,8,11,158,1,0,0.16666666666666666,335996
B Chipli,2,10,145,2,0,0.16666666666666666,336026
B Chipli,10,7,151,1,0,0.16666666666666666,336034
B Chipli,6,9,133,4,40,5.666666666666667,501199
B Chipli,48,40,145,3,9,2.6666666666666665,501203
B Chipli,61,35,168,4,64,9.166666666666666,501208
B Chipli,14,12,154,5,89,12.0,501212
B Chipli,5,3,163,6,151,18.833333333333332,501216
B Chipli,6,8,123,5,49,7.833333333333333,501224
B Chipli,4,10,122,3,2,1.1666666666666667,501229
B Chipli,17,15,141,3,66,7.0,501236
B Chipli,12,7,144,7,122,17.166666666666668,501239
B Chipli,1,2,163,6,146,17.666666666666668,501243
B Chipli,18,14,135,6,97,14.666666666666666,501250
B Chipli,10,11,128,5,51,10.166666666666666,501256
B Chipli,5,4,129,6,117,17.833333333333332,501259
B Chipli,10,9,115,5,73,10.666666666666666,548311
B Chipli,1,6,133,3,7,1.8333333333333335,548314
B Chipli,25,17,150,6,108,13.833333333333334,548321
B Chipli,1,3,95,7,60,12.333333333333334,548346
B Chipli,16,17,118,3,11,2.3333333333333335,598067
DW Steyn,1,2,158,11,156,19.166666666666668,335996
DW Steyn,1,3,116,11,114,18.666666666666668,336006
DW Steyn,0,0,0,10,121,20.0,392182
DW Steyn,0,3,82,10,69,12.833333333333334,392185
DW Steyn,8,9,149,10,124,17.5,419128
DW Steyn,0,1,125,9,122,18.333333333333332,419151
DW Steyn,0,2,129,8,95,14.833333333333334,419157
DW Steyn,5,5,138,10,124,18.166666666666668,419162
DW Steyn,7,6,133,8,110,17.666666666666668,501199
DW Steyn,13,12,145,8,118,16.833333333333332,501203
DW Steyn,1,2,154,10,145,19.166666666666668,501212
DW Steyn,4,9,123,9,95,15.666666666666666,501224
DW Steyn,11,6,135,9,123,19.0,501250
DW Steyn,5,8,115,10,95,14.666666666666666,548311
DW Steyn,2,2,133,9,123,18.833333333333332,548314
DW Steyn,2,3,150,8,126,17.666666666666668,548321
DW Steyn,7,3,122,8,109,18.666666666666668,548335
DW Steyn,3,5,95,10,86,17.166666666666668,548346
DW Steyn,0,0,0,8,122,20.166666666666668,548376
DW Steyn,3,3,114,9,109,19.333333333333332,598004
DW Steyn,9,5,112,9,97,17.833333333333332,598010
DW Steyn,4,1,114,10,110,20.166666666666668,598018
DW Steyn,18,8,133,10,104,18.0,598032
DW Steyn,14,13,142,9,107,15.5,598051
DW Steyn,1,3,146,9,140,19.166666666666668,598056
DW Steyn,0,1,121,8,112,18.666666666666668,598065
DW Steyn,4,2,126,9,121,19.666666666666668,598071
DW Steyn,0,0,0,8,116,19.833333333333332,729285
DW Steyn,12,16,113,9,87,14.333333333333334,729295
DW Steyn,9,8,122,9,100,16.5,733989
DW Steyn,1,2,132,9,130,19.833333333333332,734015
DW Steyn,0,1,131,9,123,18.666666666666668,829751
DW Steyn,1,1,128,11,127,19.833333333333332,829781
DW Steyn,19,11,107,11,86,17.666666666666668,829815
DW Steyn,1,2,130,8,128,19.5,980929
DW Steyn,0,0,0,9,156,20.0,1178414
DW Steyn,1,2,100,10,93,15.5,1216510
DB Das,29,20,124,4,6,1.0,335997
DB Das,11,13,139,7,112,14.333333333333334,336000
DB Das,5,8,162,3,17,3.0,336003
DB Das,27,32,135,4,23,5.166666666666667,336025
DB Das,31,20,142,5,66,12.0,336027
DB Das,0,1,166,3,43,5.5,336035
DB Das,18,9,90,6,25,4.166666666666667,548307
DB Das,12,14,135,5,7,2.3333333333333335,548312
DB Das,35,23,123,7,71,12.833333333333334,548323
DB Das,9,8,118,7,98,16.5,548335
DB Das,11,4,127,6,111,18.333333333333332,548347
DB Das,15,17,131,5,106,15.5,548353
DB Das,1,3,138,6,133,17.5,548357
DB Das,4,1,150,6,146,20.0,548363
DB Das,19,10,155,6,126,17.166666666666668,548368
DB Das,2,3,125,7,83,14.333333333333334,548370
DB Das,1,3,141,7,109,16.333333333333332,598016
DB Das,19,15,115,6,52,8.166666666666666,598022
DB Das,6,7,152,6,140,18.166666666666668,598029
DB Das,18,26,129,6,46,7.833333333333333,598040
DB Das,23,17,96,6,57,10.0,598050
DB Das,8,6,148,7,113,16.5,598061
MK Pandey,0,3,123,3,14,2.8333333333333335,335997
MK Pandey,3,6,131,7,97,16.833333333333332,336036
MK Pandey,2,2,134,7,120,19.0,392199
MK Pandey,114,73,168,2,0,0.16666666666666666,392236
MK Pandey,47,34,137,2,0,0.16666666666666666,392238
MK Pandey,4,8,127,2,0,0.16666666666666666,392239
MK Pandey,0,7,129,3,15,3.1666666666666665,419109
MK Pandey,38,26,194,1,0,0.16666666666666666,419112
MK Pandey,42,30,86,1,0,0.16666666666666666,419115
MK Pandey,40,27,153,1,0,0.16666666666666666,419119
MK Pandey,20,28,157,1,0,0.16666666666666666,419123
MK Pandey,39,29,149,1,0,0.16666666666666666,419128
MK Pandey,5,7,156,1,0,0.16666666666666666,419133
MK Pandey,28,24,173,1,0,0.16666666666666666,419136
MK Pandey,1,6,169,1,0,0.16666666666666666,419145
MK Pandey,0,1,125,1,0,0.16666666666666666,419151
MK Pandey,14,13,131,1,0,0.16666666666666666,419154
MK Pandey,16,18,129,1,0,0.16666666666666666,419157
MK Pandey,5,9,138,7,91,11.833333333333334,419162
MK Pandey,12,9,110,3,17,2.8333333333333335,501226
MK Pandey,10,13,136,3,21,3.3333333333333335,501228
MK Pandey,19,23,146,3,31,5.333333333333333,501232
MK Pandey,30,31,138,2,0,0.16666666666666666,501235
MK Pandey,59,47,129,2,0,0.16666666666666666,501241
MK Pandey,28,30,108,2,0,0.16666666666666666,501248
MK Pandey,49,42,134,2,0,0.16666666666666666,501250
MK Pandey,23,20,133,2,0,0.16666666666666666,501259
MK Pandey,16,12,104,2,0,0.16666666666666666,501262
MK Pandey,0,5,121,1,0,0.16666666666666666,548308
MK Pandey,7,2,149,7,123,18.5,548313
MK Pandey,0,3,103,8,90,15.833333333333334,548319
MK Pandey,13,6,135,4,23,3.8333333333333335,548330
MK Pandey,80,56,141,2,0,0.16666666666666666,548337
MK Pandey,21,20,144,1,0,0.16666666666666666,548341
MK Pandey,0,1,162,1,0,0.16666666666666666,548348
MK Pandey,17,15,133,3,10,1.3333333333333333,548353
MK Pandey,0,2,134,3,4,0.8333333333333334,548362
MK Pandey,15,29,102,2,0,0.16666666666666666,598000
MK Pandey,0,4,96,2,0,0.16666666666666666,598003
MK Pandey,9,8,151,6,121,17.333333333333332,598015
MK Pandey,7,6,108,8,101,17.5,598018
MK Pandey,29,29,108,3,13,3.0,598055
MK Pandey,66,47,169,3,41,5.833333333333333,598061
MK Pandey,10,14,163,3,37,5.5,598067
MK Pandey,64,53,155,3,3,1.8333333333333335,729279
MK Pandey,48,42,148,3,0,0.5,729289
MK Pandey,5,3,143,3,1,0.6666666666666666,729299
MK Pandey,8,10,99,1,0,0.16666666666666666,729307
MK Pandey,19,11,141,4,45,9.0,729315
MK Pandey,1,2,109,4,33,4.833333333333333,733971
MK Pandey,0,0,149,4,120,14.666666666666666,733979
MK Pandey,23,14,149,3,94,12.0,733985
MK Pandey,36,35,145,3,64,7.166666666666667,733997
MK Pandey,14,21,137,3,47,7.5,734009
MK Pandey,35,32,145,3,8,2.1666666666666665,734015
MK Pandey,18,28,152,3,63,7.166666666666667,734023
MK Pandey,13,12,187,3,5,1.0,734027
MK Pandey,2,7,146,3,31,5.166666666666667,734037
MK Pandey,21,20,156,3,2,1.5,734043
MK Pandey,94,50,194,3,6,0.8333333333333334,734049
MK Pandey,40,24,166,3,11,3.0,829705
MK Pandey,23,15,171,3,79,10.833333333333334,829713
MK Pandey,3,10,159,3,31,4.5,829723
MK Pandey,12,6,157,3,15,2.5,829733
MK Pandey,0,3,140,3,26,4.333333333333333,829739
MK Pandey,33,24,98,3,33,3.8333333333333335,829743
MK Pandey,22,19,159,3,35,4.666666666666667,829761
MK Pandey,15,20,127,3,1,0.5,829765
MK Pandey,33,26,160,3,52,6.5,829781
MK Pandey,22,15,177,3,31,3.6666666666666665,829791
MK Pandey,1,1,158,3,43,5.833333333333333,829805
MK Pandey,21,21,164,3,6,1.1666666666666667,829811
MK Pandey,15,12,88,3,59,10.0,980903
MK Pandey,52,29,177,3,18,3.8333333333333335,980909
MK Pandey,11,11,141,4,93,13.833333333333334,980915
MK Pandey,12,11,133,3,75,8.666666666666666,980925
MK Pandey,8,12,170,4,32,4.833333333333333,980959
MK Pandey,0,2,152,3,15,2.3333333333333335,980975
MK Pandey,15,10,56,3,4,0.5,980989
MK Pandey,50,35,171,3,14,2.5,980995
MK Pandey,1,3,117,3,21,3.3333333333333335,981001
MK Pandey,48,30,167,4,47,6.166666666666667,981009
MK Pandey,36,28,131,4,49,7.166666666666667,981015
MK Pandey,77,46,163,4,42,5.0,1082597
MK Pandey,25,16,160,4,107,10.166666666666666,1082601
MK Pandey,46,35,161,4,37,5.833333333333333,1082604
MK Pandey,69,49,158,4,19,2.1666666666666665,1082608
MK Pandey,24,21,184,4,112,11.666666666666666,1082613
MK Pandey,15,16,123,4,59,5.833333333333333,1082617
MK Pandey,0,0,0,5,166,17.833333333333332,1082620
MK Pandey,5,4,151,4,108,12.5,1082622
MK Pandey,39,29,156,4,12,2.6666666666666665,1082627
MK Pandey,37,32,150,4,14,4.166666666666667,1082631
MK Pandey,4,3,153,5,147,13.5,1082636
MK Pandey,18,23,149,5,77,10.0,1082639
MK Pandey,32,32,155,5,49,6.166666666666667,1082644
MK Pandey,11,8,147,4,72,8.166666666666666,1136567
MK Pandey,4,11,134,4,42,5.5,1136570
MK Pandey,57,42,161,5,35,5.166666666666667,1136576
MK Pandey,0,2,176,3,0,1.0,1136580
MK Pandey,16,11,106,4,15,2.1666666666666665,1136583
MK Pandey,54,51,124,4,15,2.5,1136585
MK Pandey,16,15,150,4,109,13.666666666666666,1136588
MK Pandey,21,17,157,4,81,11.166666666666666,1136596
MK Pandey,5,7,137,4,35,6.0,1136599
MK Pandey,5,6,166,4,132,16.166666666666668,1136606
MK Pandey,62,38,199,4,64,8.166666666666666,1136611
MK Pandey,25,22,161,4,119,13.0,1136614
MK Pandey,8,16,130,4,34,4.0,1136617
MK Pandey,8,5,173,5,145,17.666666666666668,1175357
MK Pandey,1,4,195,5,162,14.833333333333334,1175363
MK Pandey,10,13,120,4,59,8.166666666666666,1175371
MK Pandey,16,21,90,4,31,4.333333333333333,1178394
MK Pandey,19,15,142,5,72,13.5,1178397
MK Pandey,83,49,171,3,4,1.6666666666666665,1178416
MK Pandey,61,36,151,3,26,4.0,1178420
MK Pandey,36,25,192,3,66,6.5,1178423
MK Pandey,71,47,159,3,39,4.166666666666667,1178426
MK Pandey,9,12,169,3,45,4.666666666666667,1178429
MK Pandey,30,36,146,3,31,3.3333333333333335,1181766
MK Pandey,15,29,110,3,54,6.5,1216498
MK Pandey,26,19,115,3,9,1.5,1216502
MK Pandey,54,44,154,3,23,4.833333333333333,1216507
MK Pandey,6,7,153,5,69,9.5,1216512
MK Pandey,29,21,152,3,1,0.8333333333333334,1216516
MK Pandey,83,47,149,3,4,0.8333333333333334,1216518
MK Pandey,44,31,208,3,106,9.833333333333334,1216524
MK Pandey,4,3,141,3,21,3.6666666666666665,1216528
MK Pandey,3,5,155,3,73,9.666666666666666,1216532
MK Pandey,34,33,138,3,16,2.166666666666667,1216534
MK Pandey,30,19,159,3,31,4.333333333333333,1216538
MK Pandey,1,2,189,4,148,15.833333333333334,1216542
MK Pandey,51,38,135,3,24,4.166666666666667,1216545
MK Pandey,24,21,122,3,1,1.0,1237178
MK Pandey,21,14,166,3,10,1.3333333333333333,1237180
MK Pandey,61,44,170,3,10,1.6666666666666665,1254060
MK Pandey,38,39,127,3,8,2.5,1254063
MK Pandey,2,7,132,3,66,7.5,1254066
MK Pandey,61,46,163,3,19,3.6666666666666665,1254080
MK Pandey,31,20,157,1,0,0.16666666666666666,1254085
MK Pandey,63,40,177,3,59,5.5,1254088
MK Pandey,17,16,119,4,24,5.166666666666667,1254105
MK Pandey,13,23,113,4,10,2.5,1254107
MK Pandey,6,5,154,4,13,2.6666666666666665,1304050
MK Pandey,5,6,193,3,92,10.5,1304053
MK Pandey,11,10,165,4,16,3.3333333333333335,1304058
MK Pandey,38,29,191,3,51,5.666666666666667,1304072
MK Pandey,6,8,148,3,16,3.0,1304077
MK Pandey,22,22,160,3,27,4.166666666666667,1304083
MK Pandey,0,1,132,3,0,0.6666666666666666,1359485
MK Pandey,25,17,154,3,32,3.8333333333333335,1359490
MK Pandey,50,38,148,5,2,2.5,1359494
MK Pandey,21,23,118,5,64,8.333333333333334,1359502
MK Pandey,34,27,140,5,56,7.5,1359508
MK Pandey,1,3,184,4,111,11.5,1359514
MK Pandey,1,4,125,5,15,3.0,1359518
MK Pandey,27,29,129,4,18,2.8333333333333335,1359529
MK Pandey,0,3,132,6,84,9.166666666666666,1359533
MK Pandey,42,30,162,7,54,6.333333333333333,1426289
HH Gibbs,7,9,160,3,27,3.5,335999
HH Gibbs,47,34,147,2,0,0.16666666666666666,336002
HH Gibbs,10,10,138,2,0,0.16666666666666666,336007
HH Gibbs,19,20,134,2,0,0.16666666666666666,336011
HH Gibbs,5,7,160,2,0,0.16666666666666666,336014
HH Gibbs,22,22,179,3,19,2.3333333333333335,336020
HH Gibbs,44,34,170,2,0,0.16666666666666666,336031
HH Gibbs,5,7,147,3,20,4.0,336034
HH Gibbs,8,10,131,2,0,0.16666666666666666,336037
HH Gibbs,43,26,102,2,0,0.16666666666666666,392184
HH Gibbs,13,7,175,2,0,0.16666666666666666,392188
HH Gibbs,58,44,154,2,0,0.16666666666666666,392192
HH Gibbs,69,55,159,2,0,0.16666666666666666,392196
HH Gibbs,0,4,137,2,0,0.16666666666666666,392201
HH Gibbs,8,10,134,1,0,0.16666666666666666,392205
HH Gibbs,0,2,93,2,0,0.16666666666666666,392209
HH Gibbs,0,5,136,2,0,0.16666666666666666,392212
HH Gibbs,13,13,159,2,0,0.16666666666666666,392216
HH Gibbs,28,34,155,2,0,0.16666666666666666,392228
HH Gibbs,26,37,124,2,0,0.16666666666666666,392229
HH Gibbs,60,43,145,2,0,0.16666666666666666,392236
HH Gibbs,0,2,140,2,0,0.16666666666666666,392237
HH Gibbs,53,48,135,2,0,0.16666666666666666,392239
HH Gibbs,19,23,138,3,58,6.0,419106
HH Gibbs,45,36,174,3,50,5.166666666666667,419110
HH Gibbs,23,23,169,3,42,3.1666666666666665,419117
HH Gibbs,31,26,168,3,0,1.0,419120
HH Gibbs,25,14,137,3,2,0.8333333333333334,419126
HH Gibbs,27,16,120,3,0,0.5,419130
HH Gibbs,50,45,150,1,0,0.16666666666666666,419135
HH Gibbs,17,15,107,1,0,0.16666666666666666,419138
HH Gibbs,12,10,141,1,0,0.16666666666666666,419151
HH Gibbs,18,26,96,2,0,0.16666666666666666,419163
HH Gibbs,66,58,177,1,0,0.16666666666666666,548363
HH Gibbs,2,6,162,1,0,0.16666666666666666,548367
HH Gibbs,13,24,104,1,0,0.16666666666666666,548370
DNT Zoysa,1,2,160,8,96,14.333333333333334,335999
DNT Zoysa,10,7,144,7,123,17.333333333333332,336024
D Kalyankrishna,3,8,160,9,117,16.333333333333332,335999
SE Marsh,84,62,161,1,0,0.16666666666666666,335999
SE Marsh,40,32,163,1,0,0.16666666666666666,336003
SE Marsh,39,34,110,1,0,0.16666666666666666,336006
SE Marsh,58,38,160,1,0,0.16666666666666666,336013
SE Marsh,74,51,135,1,0,0.16666666666666666,336016
SE Marsh,113,68,214,1,0,0.16666666666666666,336019
SE Marsh,2,5,90,1,0,0.16666666666666666,336022
SE Marsh,81,56,177,1,0,0.16666666666666666,336028
SE Marsh,60,46,170,1,0,0.16666666666666666,336031
SE Marsh,40,31,163,1,0,0.16666666666666666,336035
SE Marsh,23,17,108,1,0,0.16666666666666666,336039
SE Marsh,57,47,142,2,0,0.16666666666666666,419132
SE Marsh,2,9,169,1,0,0.16666666666666666,419136
SE Marsh,0,1,166,2,0,0.16666666666666666,419156
SE Marsh,88,57,187,2,0,0.16666666666666666,419159
SE Marsh,1,3,101,2,0,0.16666666666666666,501202
SE Marsh,12,14,192,3,60,6.0,501206
SE Marsh,71,42,174,3,57,4.5,501220
SE Marsh,91,45,193,3,24,3.8333333333333335,501223
SE Marsh,5,7,113,3,31,4.666666666666667,501234
SE Marsh,61,47,124,3,1,1.0,501237
SE Marsh,4,8,114,4,4,2.1666666666666665,501244
SE Marsh,32,28,115,3,24,4.166666666666667,501248
SE Marsh,43,34,141,3,20,3.8333333333333335,501251
SE Marsh,42,30,173,3,23,3.0,501254
SE Marsh,46,28,161,3,20,3.6666666666666665,501257
SE Marsh,79,49,200,3,21,4.166666666666667,501260
SE Marsh,13,8,112,3,9,1.8333333333333335,501264
SE Marsh,7,6,150,3,30,4.5,548309
SE Marsh,64,54,116,3,0,0.3333333333333333,548319
SE Marsh,1,6,127,3,15,3.0,548323
SE Marsh,33,30,121,3,22,3.1666666666666665,548328
SE Marsh,26,17,155,3,14,2.8333333333333335,548331
SE Marsh,68,40,158,3,48,6.5,548334
SE Marsh,17,26,158,3,34,5.5,548339
SE Marsh,32,22,151,2,0,0.16666666666666666,548343
SE Marsh,8,10,159,2,0,0.16666666666666666,548350
SE Marsh,34,27,122,1,0,0.16666666666666666,548354
SE Marsh,22,20,163,2,0,0.16666666666666666,548359
SE Marsh,11,7,186,3,5,2.5,548366
SE Marsh,13,15,132,2,0,0.16666666666666666,548369
SE Marsh,45,44,162,2,0,0.16666666666666666,598028
SE Marsh,10,12,155,2,0,0.16666666666666666,598037
SE Marsh,73,51,168,3,12,2.1666666666666665,598041
SE Marsh,8,4,168,2,0,0.16666666666666666,598045
SE Marsh,77,64,136,3,0,0.6666666666666666,598052
SE Marsh,18,20,112,3,1,1.0,598056
SE Marsh,6,7,182,2,0,0.16666666666666666,598064
SE Marsh,63,47,176,4,6,2.5,598066
SE Marsh,30,17,148,3,22,2.3333333333333335,734025
SE Marsh,40,35,163,3,22,2.5,734033
SE Marsh,65,40,186,3,3,2.1666666666666665,829741
SE Marsh,10,10,87,3,3,1.1666666666666667,829753
SE Marsh,1,4,123,3,9,2.5,829759
SE Marsh,5,4,110,3,1,0.5,829767
SE Marsh,13,16,107,3,8,1.6666666666666665,980913
SE Marsh,4,6,151,3,95,12.5,980919
SE Marsh,56,41,131,3,20,3.8333333333333335,980925
SE Marsh,40,34,138,3,14,2.3333333333333335,980935
SE Marsh,45,34,155,3,20,3.0,980941
SE Marsh,1,3,150,3,63,6.833333333333333,980955
SE Marsh,26,21,180,2,0,0.16666666666666666,1082612
SE Marsh,30,24,183,3,11,1.5,1082616
SE Marsh,84,49,176,3,26,2.5,1082623
SE Marsh,20,17,126,3,2,1.0,1082633
SE Marsh,58,43,186,3,2,1.0,1082637
SE Marsh,11,10,155,3,36,5.166666666666667,1082639
SE Marsh,19,15,204,4,116,11.166666666666666,1082641
SE Marsh,10,13,70,3,0,0.3333333333333333,1082645
SA Asnodkar,60,34,179,2,0,0.16666666666666666,336000
SA Asnodkar,32,29,89,2,0,0.16666666666666666,336005
SA Asnodkar,39,36,96,2,0,0.16666666666666666,336008
SA Asnodkar,50,44,167,2,0,0.16666666666666666,336023
SA Asnodkar,5,3,143,2,0,0.16666666666666666,336027
SA Asnodkar,41,26,204,2,0,0.16666666666666666,336033
SA Asnodkar,17,18,129,2,0,0.16666666666666666,336036
SA Asnodkar,39,21,188,2,0,0.16666666666666666,336038
SA Asnodkar,28,20,147,2,0,0.16666666666666666,336040
SA Asnodkar,0,2,49,2,0,0.16666666666666666,392182
SA Asnodkar,3,4,102,1,0,0.16666666666666666,392195
SA Asnodkar,11,8,138,3,17,3.6666666666666665,392198
SA Asnodkar,10,8,118,3,8,2.1666666666666665,392202
SA Asnodkar,0,1,135,2,0,0.16666666666666666,392205
SA Asnodkar,26,25,132,3,1,0.6666666666666666,392217
SA Asnodkar,44,39,109,2,0,0.16666666666666666,392220
SA Asnodkar,4,6,96,3,22,1.3333333333333333,392233
SA Asnodkar,0,0,0,2,0,0.16666666666666666,419107
SA Asnodkar,5,4,136,1,0,0.16666666666666666,419111
SA Asnodkar,9,9,145,1,0,0.16666666666666666,501220
Sohail Tanvir,2,2,179,8,175,19.5,336000
Sohail Tanvir,6,6,96,8,87,13.333333333333334,336008
Sohail Tanvir,13,8,143,3,16,2.1666666666666665,336027
Sohail Tanvir,5,5,188,3,64,6.833333333333333,336038
Sohail Tanvir,9,7,147,9,130,18.0,336040
Salman Butt,7,7,139,1,0,0.16666666666666666,336000
Salman Butt,4,4,198,1,0,0.16666666666666666,336014
Salman Butt,48,44,122,1,0,0.16666666666666666,336017
Salman Butt,13,13,59,1,0,0.16666666666666666,336021
Salman Butt,72,53,135,1,0,0.16666666666666666,336025
Salman Butt,24,20,142,1,0,0.16666666666666666,336027
Salman Butt,24,19,166,1,0,0.16666666666666666,336035
BJ Hodge,1,3,139,4,39,5.0,336000
BJ Hodge,1,3,162,4,18,3.3333333333333335,336003
BJ Hodge,10,11,124,2,0,0.16666666666666666,336010
BJ Hodge,31,34,96,4,12,3.8333333333333335,392184
BJ Hodge,10,14,75,3,53,5.666666666666667,392186
BJ Hodge,5,7,126,4,52,8.5,392190
BJ Hodge,24,22,91,3,6,2.1666666666666665,392197
BJ Hodge,17,15,130,3,0,0.3333333333333333,392199
BJ Hodge,73,59,131,3,1,0.8333333333333334,392203
BJ Hodge,70,43,146,3,21,4.833333333333333,392207
BJ Hodge,10,19,146,3,55,7.166666666666667,392211
BJ Hodge,0,3,115,3,6,0.8333333333333334,392219
BJ Hodge,48,41,148,3,25,4.666666666666667,392228
BJ Hodge,71,44,180,3,29,4.833333333333333,392231
BJ Hodge,6,8,97,3,9,1.1666666666666667,392233
BJ Hodge,13,9,145,2,0,0.16666666666666666,419106
BJ Hodge,50,45,130,1,0,0.16666666666666666,419109
BJ Hodge,0,2,101,1,0,0.16666666666666666,419113
BJ Hodge,36,34,129,2,0,0.16666666666666666,419118
BJ Hodge,27,21,144,4,83,11.666666666666666,501200
BJ Hodge,39,36,136,5,13,3.0,501207
BJ Hodge,11,7,173,4,145,17.333333333333332,501210
BJ Hodge,19,14,132,4,88,10.666666666666666,501215
BJ Hodge,2,8,124,4,49,8.166666666666666,501219
BJ Hodge,8,14,100,4,22,4.333333333333333,501225
BJ Hodge,0,2,67,5,0,1.6666666666666665,501229
BJ Hodge,27,25,111,5,21,4.666666666666667,501233
BJ Hodge,24,12,117,5,66,10.166666666666666,501238
BJ Hodge,35,18,149,6,92,14.833333333333334,501242
BJ Hodge,5,12,115,5,67,10.166666666666666,501247
BJ Hodge,4,6,155,4,103,13.333333333333334,501254
BJ Hodge,33,17,89,4,41,3.3333333333333335,501258
BJ Hodge,51,42,132,4,41,7.0,501261
BJ Hodge,21,16,172,4,79,11.0,548309
BJ Hodge,44,29,160,5,59,8.833333333333334,548312
BJ Hodge,12,9,121,6,102,16.833333333333332,548320
BJ Hodge,1,2,189,4,177,18.833333333333332,548324
BJ Hodge,48,20,191,5,116,13.666666666666666,548326
BJ Hodge,3,5,132,5,128,19.0,548332
BJ Hodge,10,8,133,5,80,12.166666666666666,548336
BJ Hodge,22,18,147,3,95,14.333333333333334,548345
BJ Hodge,1,2,136,5,87,11.833333333333334,548349
BJ Hodge,36,22,171,5,113,13.5,548354
BJ Hodge,33,28,114,5,32,8.833333333333334,548361
BJ Hodge,14,14,167,4,121,14.666666666666666,548365
BJ Hodge,5,7,156,5,133,16.333333333333332,598001
BJ Hodge,45,30,134,5,60,10.333333333333334,598005
BJ Hodge,22,19,138,5,81,12.666666666666666,598009
BJ Hodge,15,16,117,5,49,8.0,598014
BJ Hodge,27,15,163,5,112,15.333333333333334,598019
BJ Hodge,13,17,117,5,66,10.0,598023
BJ Hodge,9,6,175,6,150,17.666666666666668,598026
BJ Hodge,32,18,168,5,112,14.5,598036
BJ Hodge,4,5,179,4,125,15.0,598047
BJ Hodge,0,1,143,7,137,17.0,598058
BJ Hodge,39,27,136,8,79,13.0,598063
BJ Hodge,8,7,107,6,57,13.666666666666666,598065
BJ Hodge,54,29,131,7,57,10.166666666666666,598071
BJ Hodge,19,20,151,6,86,12.333333333333334,598072
BJ Hodge,1,8,130,6,103,16.166666666666668,729285
BJ Hodge,40,30,145,8,64,10.666666666666666,734017
BJ Hodge,31,18,156,7,78,13.333333333333334,734033
BJ Hodge,29,16,184,4,131,15.166666666666666,734041
Umar Gul,2,2,139,9,134,17.833333333333332,336000
Umar Gul,6,2,124,9,118,15.833333333333334,336010
Umar Gul,7,4,142,9,124,18.666666666666668,336027
Umar Gul,24,11,166,8,101,15.666666666666666,336035
AB Dinda,0,0,0,11,137,20.166666666666668,335993
AB Dinda,1,3,139,11,137,18.666666666666668,336000
AB Dinda,1,1,59,11,57,14.666666666666666,336021
AB Dinda,2,2,96,11,94,19.5,392184
AB Dinda,0,1,91,10,91,15.333333333333334,392197
AB Dinda,0,1,149,9,145,19.166666666666668,419148
AB Dinda,0,5,91,11,86,16.833333333333332,501201
AB Dinda,2,5,103,11,100,18.0,548319
AB Dinda,0,2,102,11,102,18.666666666666668,598000
AB Dinda,0,1,108,11,108,19.0,598018
AB Dinda,1,1,129,11,128,20.0,598027
AB Dinda,2,2,120,11,117,19.666666666666668,598038
AB Dinda,6,5,164,10,157,18.833333333333332,598042
AB Dinda,0,3,66,10,58,14.166666666666666,729305
AB Dinda,2,5,113,10,111,19.333333333333332,729313
AB Dinda,2,4,158,10,150,18.5,733983
AB Dinda,7,7,103,10,96,14.333333333333334,1082599
SP Fleming,9,11,158,2,0,0.16666666666666666,336001
SP Fleming,0,2,102,2,0,0.16666666666666666,336005
SP Fleming,14,16,134,2,0,0.16666666666666666,336007
SP Fleming,44,28,177,2,0,0.16666666666666666,336009
SP Fleming,1,4,165,2,0,0.16666666666666666,336013
SP Fleming,26,29,144,2,0,0.16666666666666666,336018
SP Fleming,32,20,51,2,0,0.16666666666666666,336025
SP Fleming,45,39,96,2,0,0.16666666666666666,336029
SP Fleming,7,4,185,2,0,0.16666666666666666,336033
SP Fleming,14,9,137,2,0,0.16666666666666666,336037
S Vidyut,54,37,158,3,16,3.8333333333333335,336001
S Vidyut,5,10,102,3,0,0.3333333333333333,336005
S Vidyut,40,23,177,1,0,0.16666666666666666,336009
S Vidyut,8,4,165,1,0,0.16666666666666666,336013
S Vidyut,16,11,144,1,0,0.16666666666666666,336018
S Vidyut,0,3,96,7,80,15.666666666666666,336029
S Vidyut,6,7,112,2,0,0.16666666666666666,336039
S Vidyut,16,14,156,2,0,0.16666666666666666,336040
JA Morkel,28,16,158,5,112,15.0,336001
JA Morkel,42,33,102,7,38,8.0,336005
JA Morkel,29,19,134,7,73,13.666666666666666,336007
JA Morkel,30,15,177,5,92,10.333333333333334,336009
JA Morkel,7,6,165,6,142,17.666666666666668,336013
JA Morkel,5,4,144,7,134,19.166666666666668,336018
JA Morkel,1,5,96,6,74,14.166666666666666,336029
JA Morkel,65,39,185,4,80,8.666666666666666,336033
JA Morkel,12,12,137,5,104,15.5,336037
JA Morkel,16,13,156,4,61,9.166666666666666,336040
JA Morkel,5,3,166,6,153,19.166666666666668,392185
JA Morkel,13,14,165,6,126,14.333333333333334,392189
JA Morkel,13,7,157,6,96,13.166666666666666,392196
JA Morkel,4,1,158,7,153,19.833333333333332,392202
JA Morkel,6,4,154,5,109,12.666666666666666,392206
JA Morkel,4,5,168,5,144,18.166666666666668,392209
JA Morkel,2,2,179,5,170,17.166666666666668,392214
JA Morkel,9,7,125,7,103,16.333333333333332,392224
JA Morkel,21,10,168,5,136,17.166666666666668,392231
JA Morkel,20,17,140,5,101,14.333333333333334,392238
JA Morkel,42,26,156,7,69,10.166666666666666,419110
JA Morkel,0,3,180,5,134,13.833333333333334,419116
JA Morkel,12,12,123,6,94,14.166666666666666,419121
JA Morkel,19,19,124,7,65,12.666666666666666,419123
JA Morkel,28,12,154,6,119,16.0,419129
JA Morkel,1,3,144,5,133,16.666666666666668,419133
JA Morkel,62,34,240,4,83,8.5,419137
JA Morkel,1,4,103,7,48,9.333333333333334,419155
JA Morkel,13,7,184,6,139,16.833333333333332,419159
JA Morkel,4,4,126,6,73,13.5,419163
JA Morkel,15,6,157,6,133,17.333333333333332,419165
JA Morkel,15,9,150,5,126,17.5,501198
JA Morkel,9,8,179,5,143,16.666666666666668,501211
JA Morkel,9,4,128,6,106,15.333333333333334,501215
JA Morkel,2,3,145,7,115,16.166666666666668,501221
JA Morkel,0,4,138,5,116,16.833333333333332,501226
JA Morkel,19,5,156,5,128,18.0,501236
JA Morkel,0,0,0,4,141,18.666666666666668,501240
JA Morkel,30,30,108,5,46,11.166666666666666,501245
JA Morkel,5,4,188,5,173,18.666666666666668,501249
JA Morkel,13,10,148,7,115,16.5,501261
JA Morkel,5,9,118,8,70,15.333333333333334,501266
JA Morkel,28,10,168,6,123,16.833333333333332,501268
JA Morkel,2,4,196,5,180,18.5,501271
JA Morkel,3,8,100,5,66,10.0,548306
JA Morkel,2,3,182,8,141,17.5,548311
JA Morkel,2,3,104,8,84,17.333333333333332,548316
JA Morkel,28,7,198,6,158,18.166666666666668,548318
JA Morkel,3,3,147,6,139,19.166666666666668,548322
JA Morkel,8,9,143,8,95,14.833333333333334,548343
JA Morkel,13,8,133,7,113,18.166666666666668,548347
JA Morkel,13,9,151,5,102,13.333333333333334,548352
JA Morkel,3,3,164,6,150,18.0,548355
JA Morkel,18,6,114,7,74,16.166666666666668,548361
JA Morkel,14,8,116,7,75,15.833333333333334,548371
JA Morkel,0,1,216,5,169,16.666666666666668,548380
JA Morkel,13,11,133,8,102,16.0,598015
JA Morkel,23,16,183,5,90,12.333333333333334,598041
JA Morkel,10,10,116,8,35,7.666666666666667,598073
JA Morkel,6,5,138,6,131,19.0,729299
JA Morkel,7,13,66,7,16,5.666666666666667,729305
JA Morkel,15,14,113,7,67,9.5,729313
JA Morkel,16,8,154,7,50,9.666666666666666,733991
JA Morkel,1,1,183,6,166,19.166666666666668,733999
JA Morkel,73,55,144,3,15,2.6666666666666665,829707
JA Morkel,5,2,151,8,137,19.166666666666668,829761
JA Morkel,8,8,120,5,93,13.5,829801
JA Morkel,16,9,154,5,98,15.0,980939
AB de Villiers,26,21,159,3,103,11.5,336001
AB de Villiers,21,17,128,4,4,2.5,336004
AB de Villiers,0,1,175,3,42,5.166666666666667,336009
AB de Villiers,20,22,145,4,48,7.166666666666667,336015
AB de Villiers,7,12,102,3,1,0.6666666666666666,336017
AB de Villiers,21,25,146,3,80,7.166666666666667,336026
AB de Villiers,105,54,188,3,0,0.3333333333333333,392189
AB de Villiers,21,23,146,4,41,5.833333333333333,392194
AB de Villiers,50,40,138,3,20,2.6666666666666665,392198
AB de Villiers,5,9,134,3,29,3.6666666666666665,392201
AB de Villiers,0,1,141,3,18,3.3333333333333335,392206
AB de Villiers,50,38,112,4,42,9.333333333333334,392215
AB de Villiers,40,32,112,3,45,7.0,392219
AB de Villiers,44,36,159,4,52,6.5,392223
AB de Villiers,11,11,106,4,17,3.6666666666666665,392226
AB de Villiers,73,54,139,3,10,2.3333333333333335,392230
AB de Villiers,28,29,131,4,1,1.0,392232
AB de Villiers,6,6,157,6,136,14.666666666666666,392235
AB de Villiers,26,21,141,5,77,10.833333333333334,392237
AB de Villiers,7,13,139,4,10,2.0,419108
AB de Villiers,15,24,133,4,39,3.8333333333333335,419111
AB de Villiers,11,11,109,3,36,3.8333333333333335,419114
AB de Villiers,2,3,171,5,91,11.833333333333334,419116
AB de Villiers,27,26,157,3,34,4.0,419120
AB de Villiers,45,35,175,3,43,3.6666666666666665,419128
AB de Villiers,4,7,135,5,70,7.666666666666667,419152
AB de Villiers,54,40,147,4,40,5.666666666666667,501200
AB de Villiers,38,36,125,4,14,4.833333333333333,501205
AB de Villiers,0,7,132,5,24,5.166666666666667,501208
AB de Villiers,65,44,153,5,30,5.0,501211
AB de Villiers,5,2,143,4,74,7.666666666666667,501227
AB de Villiers,26,20,179,4,73,9.166666666666666,501232
AB de Villiers,27,14,199,4,150,14.833333333333334,501244
AB de Villiers,13,13,99,4,63,6.0,501255
AB de Villiers,34,27,112,4,12,4.166666666666667,501260
AB de Villiers,0,3,119,1,0,0.16666666666666666,501266
AB de Villiers,11,10,161,4,54,9.166666666666666,501268
AB de Villiers,15,14,165,4,137,14.833333333333334,501270
AB de Villiers,18,12,141,4,15,2.6666666666666665,501271
AB de Villiers,64,42,151,4,43,6.166666666666667,548310
AB de Villiers,10,10,113,4,8,3.6666666666666665,548315
AB de Villiers,4,2,189,4,151,16.5,548318
AB de Villiers,6,9,133,4,42,5.166666666666667,548324
AB de Villiers,33,14,178,6,119,16.0,548327
AB de Villiers,52,39,158,5,23,5.333333333333333,548331
AB de Villiers,58,22,165,5,64,11.833333333333334,548336
AB de Villiers,0,1,138,4,33,5.5,548344
AB de Villiers,17,13,152,4,123,15.5,548350
AB de Villiers,47,17,179,5,103,14.0,548356
AB de Villiers,9,4,163,5,129,17.5,548362
AB de Villiers,14,13,152,5,36,6.666666666666667,548367
AB de Villiers,4,11,120,5,39,5.666666666666667,548376
AB de Villiers,22,22,141,4,71,9.333333333333334,598008
AB de Villiers,64,32,156,4,49,9.0,598012
AB de Villiers,39,32,148,4,25,3.6666666666666665,598017
AB de Villiers,7,8,107,4,49,8.0,598023
AB de Villiers,31,8,247,4,194,16.5,598027
AB de Villiers,2,3,124,4,32,7.0,598033
AB de Villiers,21,13,160,4,61,8.166666666666666,598036
AB de Villiers,50,23,175,4,87,13.166666666666666,598042
AB de Villiers,6,2,160,4,144,18.833333333333332,598045
AB de Villiers,15,15,157,4,46,6.333333333333333,598048
AB de Villiers,32,17,178,5,84,13.5,598054
AB de Villiers,28,22,112,4,45,8.833333333333334,598057
AB de Villiers,38,19,178,4,122,15.333333333333334,598064
AB de Villiers,5,3,101,3,63,5.5,598068
AB de Villiers,45,48,114,5,17,4.0,729287
AB de Villiers,11,12,138,5,115,16.0,729299
AB de Villiers,0,1,66,5,5,2.3333333333333335,729305
AB de Villiers,17,15,113,5,26,3.1666666666666665,729313
AB de Villiers,89,41,153,5,36,6.833333333333333,733977
AB de Villiers,9,7,158,4,85,10.0,733983
AB de Villiers,47,25,154,5,26,5.666666666666667,733991
AB de Villiers,58,32,183,4,38,7.833333333333333,733999
AB de Villiers,33,17,177,4,44,8.333333333333334,734005
AB de Villiers,28,14,129,4,65,14.333333333333334,734013
AB de Villiers,29,17,153,5,78,12.5,734021
AB de Villiers,13,13,153,5,90,13.166666666666666,734027
AB de Villiers,10,6,148,6,87,14.166666666666666,734035
AB de Villiers,28,13,171,5,50,8.166666666666666,829713
AB de Villiers,46,28,150,4,66,10.333333333333334,829719
AB de Villiers,41,11,175,5,53,10.833333333333334,829737
AB de Villiers,14,10,148,5,59,8.5,829745
AB de Villiers,47,34,129,3,31,4.666666666666667,829749
AB de Villiers,56,44,182,3,10,0.8333333333333334,829763
AB de Villiers,2,4,111,3,45,4.0,829771
AB de Villiers,21,14,122,3,10,2.3333333333333335,829779
AB de Villiers,47,24,214,3,111,11.5,829785
AB de Villiers,132,58,227,3,19,3.3333333333333335,829795
AB de Villiers,10,9,75,3,32,3.1666666666666665,829803
AB de Villiers,0,1,82,3,42,2.8333333333333335,829807
AB de Villiers,66,38,168,3,35,6.166666666666667,829819
AB de Villiers,1,3,132,3,23,4.333333333333333,829821
AB de Villiers,82,42,216,3,5,1.6666666666666665,980907
AB de Villiers,55,33,182,3,0,0.6666666666666666,980921
AB de Villiers,29,21,157,3,31,4.0,980927
AB de Villiers,83,46,173,3,26,3.8333333333333335,980931
AB de Villiers,20,16,177,3,8,1.8333333333333335,980937
AB de Villiers,47,32,176,3,41,5.5,980953
AB de Villiers,4,6,180,4,91,11.333333333333334,980959
AB de Villiers,1,3,188,3,90,11.333333333333334,980969
AB de Villiers,64,35,171,3,62,7.666666666666667,980977
AB de Villiers,24,27,144,3,7,1.3333333333333333,980981
AB de Villiers,125,51,240,3,18,4.0,980987
AB de Villiers,58,30,182,3,70,7.666666666666667,980995
AB de Villiers,0,2,196,3,136,11.166666666666666,980999
AB de Villiers,6,8,129,3,5,1.3333333333333333,981011
AB de Villiers,79,47,142,3,5,1.5,981013
AB de Villiers,5,6,191,3,108,10.666666666666666,981019
AB de Villiers,89,46,144,3,2,1.1666666666666667,1082598
AB de Villiers,19,21,130,3,59,9.5,1082602
AB de Villiers,29,30,126,3,14,2.0,1082607
AB de Villiers,8,6,42,4,1,1.5,1082617
AB de Villiers,5,11,122,3,18,4.166666666666667,1082621
AB de Villiers,3,8,92,3,11,2.1666666666666665,1082624
AB de Villiers,43,27,158,4,39,5.333333333333333,1082628
AB de Villiers,10,6,112,4,23,3.0,1082633
AB de Villiers,10,8,155,4,20,3.0,1082636
AB de Villiers,44,23,170,4,58,8.5,1136563
AB de Villiers,57,40,155,4,32,5.0,1136568
AB de Villiers,20,18,192,4,79,8.166666666666666,1136571
AB de Villiers,1,2,159,3,38,4.333333333333333,1136574
AB de Villiers,90,39,172,4,28,4.666666666666667,1136579
AB de Villiers,68,30,197,3,35,4.5,1136584
AB de Villiers,1,4,123,4,44,6.333333333333333,1136595
AB de Villiers,5,8,136,4,59,7.333333333333333,1136599
AB de Villiers,72,37,176,4,14,2.8333333333333335,1136605
AB de Villiers,69,39,214,3,6,1.1666666666666667,1136611
AB de Villiers,53,35,131,3,19,3.0,1136613
AB de Villiers,9,10,66,4,26,5.5,1175356
AB de Villiers,70,41,176,4,67,7.0,1175362
AB de Villiers,1,2,105,4,20,3.3333333333333335,1175366
AB de Villiers,13,9,152,3,46,6.666666666666667,1175369
AB de Villiers,63,32,200,3,63,8.166666666666666,1175372
AB de Villiers,17,16,144,3,15,2.1666666666666665,1178395
AB de Villiers,59,38,173,3,43,4.0,1178403
AB de Villiers,75,51,163,3,11,2.3333333333333335,1178406
AB de Villiers,25,19,157,3,11,2.6666666666666665,1178414
AB de Villiers,82,44,191,3,30,3.3333333333333335,1178417
AB de Villiers,17,19,166,3,61,6.0,1178421
AB de Villiers,10,4,59,2,0,0.16666666666666666,1178424
AB de Villiers,1,2,169,3,0,0.8333333333333334,1178429
AB de Villiers,15,12,161,4,95,11.5,1216499
AB de Villiers,24,24,109,4,26,4.833333333333333,1216502
AB de Villiers,35,21,148,4,81,12.666666666666666,1216505
AB de Villiers,28,18,100,5,3,2.8333333333333335,1216510
AB de Villiers,12,10,155,4,121,16.0,1216514
AB de Villiers,9,6,126,4,23,4.166666666666667,1216519
AB de Villiers,55,22,165,4,91,13.166666666666666,1216522
AB de Villiers,0,2,155,4,59,10.5,1216525
AB de Villiers,2,5,159,6,115,16.166666666666668,1216531
AB de Villiers,51,30,152,4,79,11.333333333333334,1216534
AB de Villiers,69,32,181,4,90,12.5,1216540
AB de Villiers,37,35,133,4,41,6.333333333333333,1216544
AB de Villiers,55,24,191,4,85,12.5,1216547
AB de Villiers,55,42,126,4,14,3.6666666666666665,1237178
AB de Villiers,48,27,147,5,87,12.666666666666666,1254058
AB de Villiers,1,5,139,5,85,12.333333333333334,1254063
AB de Villiers,76,34,195,5,90,11.333333333333334,1254067
AB de Villiers,4,9,114,5,59,6.5,1254076
AB de Villiers,75,42,169,5,59,8.666666666666666,1254079
AB de Villiers,3,9,134,5,57,10.5,1254083
AB de Villiers,0,1,84,5,47,8.333333333333334,1254087
AB de Villiers,23,18,154,5,68,11.833333333333334,1254090
AB de Villiers,19,13,134,6,89,14.333333333333334,1254095
AB de Villiers,26,26,159,4,4,2.3333333333333335,1254101
AB de Villiers,4,1,145,5,119,16.166666666666668,1254103
AB de Villiers,11,6,154,5,117,16.0,1254108
AB de Villiers,12,11,151,3,108,13.5,1254113
AB de Villiers,11,9,120,5,75,12.5,1254115
LPC Silva,0,2,147,4,100,12.666666666666666,336002
LPC Silva,17,14,144,4,19,4.5,336024
LPC Silva,23,10,170,5,145,17.833333333333332,336031
DB Ravi Teja,7,7,147,6,111,15.166666666666666,336002
DB Ravi Teja,6,8,134,7,102,15.833333333333334,336011
DB Ravi Teja,10,7,160,3,11,2.6666666666666665,336014
DB Ravi Teja,9,5,179,7,151,17.666666666666668,336020
DB Ravi Teja,36,26,144,6,52,9.333333333333334,336024
DB Ravi Teja,40,28,131,5,49,10.333333333333334,336037
DB Ravi Teja,8,5,175,7,163,18.5,392188
DB Ravi Teja,9,9,154,7,133,15.833333333333334,392192
DB Ravi Teja,4,4,136,7,111,17.333333333333332,392212
DB Ravi Teja,7,3,164,8,153,18.833333333333332,392220
DB Ravi Teja,27,34,153,4,38,4.5,392223
DB Ravi Teja,10,15,124,7,77,13.5,392229
DB Ravi Teja,28,20,133,7,73,13.166666666666666,501199
DB Ravi Teja,14,10,145,7,83,14.166666666666666,501203
DB Ravi Teja,10,6,154,8,127,17.833333333333332,501212
DB Ravi Teja,1,4,123,7,87,13.666666666666666,501224
DB Ravi Teja,8,5,122,7,105,17.166666666666668,501229
DB Ravi Teja,29,21,144,6,69,11.0,501239
DB Ravi Teja,2,9,163,2,0,0.16666666666666666,501243
DB Ravi Teja,30,27,135,2,0,0.16666666666666666,501250
DB Ravi Teja,60,41,182,2,0,0.16666666666666666,501264
DB Ravi Teja,0,2,115,8,94,14.0,548311
DB Ravi Teja,4,2,133,7,119,18.166666666666668,548314
DB Ravi Teja,4,4,123,8,113,19.0,598000
DB Ravi Teja,10,13,120,4,62,10.666666666666666,598013
Misbah-ul-Haq,34,28,168,3,20,2.8333333333333335,336002
Misbah-ul-Haq,8,7,116,6,64,12.333333333333334,336006
Misbah-ul-Haq,0,1,107,3,35,5.666666666666667,336012
Misbah-ul-Haq,21,8,128,3,3,2.3333333333333335,336016
Misbah-ul-Haq,0,1,126,3,0,0.6666666666666666,336023
Misbah-ul-Haq,47,25,145,5,65,11.166666666666666,336026
Misbah-ul-Haq,4,6,122,5,30,8.333333333333334,336029
Misbah-ul-Haq,3,5,151,5,98,13.0,336034
YV Takawale,14,20,151,1,0,0.16666666666666666,336004
YV Takawale,27,32,92,1,0,0.16666666666666666,336008
YV Takawale,5,5,155,8,140,18.166666666666668,336024
YV Takawale,23,7,131,8,107,18.5,336036
YV Takawale,18,22,124,2,0,0.16666666666666666,392225
YV Takawale,40,28,138,2,0,0.16666666666666666,729299
YV Takawale,0,3,66,2,0,0.16666666666666666,729305
YV Takawale,0,7,113,4,25,1.8333333333333335,729313
YV Takawale,45,36,153,2,0,0.16666666666666666,734027
YV Takawale,19,17,148,2,0,0.16666666666666666,734035
RR Raje,6,5,151,9,127,18.666666666666668,336004
RR Raje,1,2,155,9,152,19.5,336024
RR Raje,1,2,131,9,107,18.833333333333332,336036
RR Raje,11,7,123,9,105,17.333333333333332,392212
RR Raje,1,2,102,9,100,19.166666666666668,392215
PJ Sangwan,2,4,128,8,116,16.333333333333332,336004
PJ Sangwan,0,1,102,10,102,17.5,336017
PJ Sangwan,1,1,138,9,137,20.0,392198
PJ Sangwan,0,3,141,8,128,17.5,392206
PJ Sangwan,0,0,0,9,141,19.333333333333332,392223
PJ Sangwan,5,5,106,10,97,18.333333333333332,392226
PJ Sangwan,0,1,141,9,141,20.166666666666668,392237
PJ Sangwan,4,9,109,8,101,11.5,419114
PJ Sangwan,6,5,135,9,111,17.166666666666668,419152
PJ Sangwan,4,2,148,9,143,19.5,598008
PJ Sangwan,1,2,154,9,140,17.5,1082629
PJ Sangwan,1,1,203,9,187,19.5,1082632
PJ Sangwan,0,1,148,8,139,17.0,1082643
PJ Sangwan,0,4,139,8,127,17.666666666666668,1136567
PJ Sangwan,2,5,125,8,101,17.0,1304094
Mohammad Asif,0,1,128,10,125,17.666666666666668,336004
Mohammad Asif,3,5,80,10,70,13.333333333333334,336038
GD McGrath,0,2,128,11,127,18.333333333333332,336004
GD McGrath,0,0,0,11,102,17.666666666666668,336017
GD McGrath,4,3,80,11,75,15.5,336038
Joginder Sharma,0,0,0,8,152,20.0,336001
Joginder Sharma,0,1,102,8,82,14.5,336005
Joginder Sharma,16,10,134,8,77,15.0,336007
Joginder Sharma,16,15,137,8,101,15.666666666666666,392181
Joginder Sharma,4,3,165,9,160,19.166666666666668,392189
Joginder Sharma,0,1,145,9,125,17.833333333333332,501221
MS Gony,1,4,102,9,85,15.0,336005
MS Gony,15,6,134,9,114,18.833333333333332,336007
MS Gony,13,5,177,8,156,18.5,336009
MS Gony,4,4,96,8,80,16.166666666666668,336029
MS Gony,2,3,185,7,180,18.833333333333332,336033
MS Gony,6,2,165,8,154,18.666666666666668,392189
MS Gony,0,0,0,8,157,20.166666666666668,392196
MS Gony,7,5,109,7,84,13.666666666666666,392234
MS Gony,2,6,123,7,111,17.5,419121
MS Gony,0,1,154,7,126,17.333333333333332,501212
MS Gony,0,1,122,9,121,19.833333333333332,501229
MS Gony,4,8,115,7,90,12.666666666666666,548311
MS Gony,42,18,151,8,96,15.166666666666666,598016
MS Gony,0,0,0,8,107,17.833333333333332,598021
MS Gony,0,3,155,8,102,13.5,598037
MS Gony,0,1,168,8,168,20.0,598041
MS Gony,3,3,136,6,128,18.833333333333332,598052
M Muralitharan,0,3,102,10,90,16.333333333333332,336005
M Muralitharan,0,1,165,11,164,19.833333333333332,392189
M Muralitharan,3,4,154,10,142,18.833333333333332,392206
M Muralitharan,4,2,125,10,114,18.666666666666668,392224
M Muralitharan,1,1,109,11,108,19.833333333333332,392234
M Muralitharan,1,2,156,10,134,18.166666666666668,419110
M Muralitharan,5,7,100,10,91,18.0,501225
M Muralitharan,6,8,133,11,117,17.5,548324
M Muralitharan,0,1,120,10,118,19.5,548376
M Ntini,11,12,102,11,90,16.833333333333332,336005
M Ntini,0,6,96,10,94,18.666666666666668,336029
DT Patil,4,1,116,8,88,16.0,336006
DT Patil,9,12,126,7,36,10.5,336023
A Kumble,3,7,116,10,106,17.5,336006
A Kumble,0,0,0,10,107,18.0,336012
A Kumble,0,1,128,10,128,20.166666666666668,336016
A Kumble,8,8,126,10,77,15.5,336023
A Kumble,2,1,122,10,120,20.0,336029
A Kumble,1,5,82,11,73,13.666666666666666,392185
A Kumble,1,1,153,10,151,19.833333333333332,392188
A Kumble,5,3,160,11,154,19.5,392191
A Kumble,1,3,139,10,129,18.333333333333332,392204
A Kumble,0,0,0,11,97,19.5,392213
A Kumble,7,6,127,9,101,17.5,392218
A Kumble,1,1,127,11,123,19.166666666666668,392239
A Kumble,1,1,149,11,148,20.0,419128
A Kumble,1,1,141,10,139,19.5,419140
A Kumble,2,4,125,10,122,18.5,419151
A Kumble,1,3,129,11,123,19.166666666666668,419157
A Kumble,1,2,138,11,136,19.666666666666668,419162
S Anirudha,1,7,134,3,4,1.1666666666666667,336007
S Anirudha,0,0,0,7,236,20.0,419137
S Anirudha,24,15,126,7,88,15.0,419163
S Anirudha,6,3,157,7,151,19.666666666666668,419165
S Anirudha,64,55,150,1,0,0.16666666666666666,501198
S Anirudha,0,1,182,1,0,0.16666666666666666,501206
S Anirudha,9,9,145,6,97,12.5,501221
S Anirudha,7,7,138,7,120,18.0,501226
S Anirudha,3,2,156,7,153,19.833333333333332,501236
S Anirudha,18,5,114,8,78,16.5,548361
S Anirudha,1,1,116,8,109,19.0,548371
S Anirudha,0,2,133,1,0,0.16666666666666666,598015
S Anirudha,3,5,139,6,103,15.166666666666666,734037
MM Patel,0,1,96,11,96,16.0,336008
MM Patel,0,0,0,10,186,19.666666666666668,336038
MM Patel,0,2,49,10,45,13.666666666666666,392182
MM Patel,0,1,118,9,109,18.166666666666668,392202
MM Patel,5,7,109,11,94,16.666666666666668,392220
MM Patel,23,10,122,11,94,17.166666666666668,392230
MM Patel,5,6,96,10,87,17.5,392233
MM Patel,0,2,85,10,85,19.333333333333332,419115
MM Patel,4,3,160,9,140,18.5,419118
MM Patel,0,1,82,11,82,13.0,501251
MM Patel,1,2,96,11,95,19.833333333333332,548308
MM Patel,1,5,83,11,80,18.166666666666668,548325
MM Patel,0,0,0,11,104,19.166666666666668,548370
MM Patel,0,0,0,11,139,18.5,598070
MM Patel,0,1,148,11,148,19.333333333333332,1082643
CK Kapugedera,8,9,177,6,130,14.333333333333334,336009
CK Kapugedera,0,2,144,5,45,8.666666666666666,336018
CK Kapugedera,8,11,156,6,124,16.5,336040
A Chopra,2,5,124,1,0,0.16666666666666666,336010
A Chopra,24,23,198,2,0,0.16666666666666666,336014
A Chopra,13,17,122,2,0,0.16666666666666666,336017
A Chopra,1,4,59,2,0,0.16666666666666666,336021
A Chopra,2,3,166,7,97,14.833333333333334,336035
A Chopra,11,19,96,5,14,5.5,392184
T Taibu,15,12,124,5,44,7.666666666666667,336010
T Taibu,9,5,198,5,171,18.333333333333332,336014
T Taibu,7,9,122,5,77,13.5,336017
J Arunkumar,22,17,117,1,0,0.16666666666666666,336010
J Arunkumar,1,3,128,1,0,0.16666666666666666,336016
J Arunkumar,0,3,126,1,0,0.16666666666666666,336023
PP Ojha,0,0,0,11,100,18.666666666666668,335986
PP Ojha,1,2,134,10,126,19.5,336011
PP Ojha,0,1,179,9,177,19.333333333333332,336020
PP Ojha,1,1,131,9,130,19.833333333333332,336037
PP Ojha,0,2,154,10,154,19.5,392192
PP Ojha,1,1,137,10,136,20.0,392201
PP Ojha,0,2,93,11,92,14.166666666666666,392209
PP Ojha,0,2,153,10,147,18.833333333333332,392223
PP Ojha,0,0,0,11,137,19.833333333333332,419126
PP Ojha,0,0,0,11,120,17.166666666666668,419130
PP Ojha,2,2,107,11,105,17.833333333333332,419138
PP Ojha,0,0,0,11,147,20.0,419141
PP Ojha,1,4,96,11,95,18.333333333333332,419163
PP Ojha,0,2,78,11,78,18.333333333333332,419164
PP Ojha,0,1,96,10,91,19.0,548308
PP Ojha,3,11,83,10,74,16.0,548325
PP Ojha,1,1,109,10,108,19.833333333333332,548351
PP Ojha,1,1,85,11,77,17.333333333333332,598019
PP Ojha,0,2,139,10,135,18.166666666666668,598070
PP Ojha,1,1,143,11,130,19.666666666666668,598073
PP Ojha,1,5,103,10,100,19.0,729287
PP Ojha,2,2,164,10,160,18.5,734031
PP Ojha,1,1,171,10,164,19.833333333333332,734045
SP Goswami,20,24,107,2,0,0.16666666666666666,336012
SP Goswami,52,42,145,3,23,5.166666666666667,336026
SP Goswami,10,19,122,2,0,0.16666666666666666,336029
SP Goswami,43,46,134,2,0,0.16666666666666666,392199
SP Goswami,10,14,139,2,0,0.16666666666666666,392204
SP Goswami,8,10,129,2,0,0.16666666666666666,419109
SP Goswami,22,20,140,2,0,0.16666666666666666,501230
SP Goswami,6,3,114,2,0,0.16666666666666666,501262
SP Goswami,1,3,169,2,0,0.16666666666666666,501267
SP Goswami,0,3,141,3,7,1.8333333333333335,501269
SP Goswami,23,18,160,3,1,1.6666666666666665,548312
SP Goswami,0,1,166,3,7,1.6666666666666665,548317
SP Goswami,24,22,121,4,48,8.0,548320
SP Goswami,1,2,133,4,75,11.333333333333334,548336
SP Goswami,18,21,136,7,92,13.166666666666666,548349
SP Goswami,3,3,118,8,110,19.0,548373
SP Goswami,35,25,161,2,0,0.16666666666666666,1136614
SP Goswami,12,9,130,2,0,0.16666666666666666,1136617
SP Goswami,4,4,169,1,0,0.16666666666666666,1136620
SP Goswami,0,3,122,2,0,0.16666666666666666,1237178
SP Goswami,0,1,166,8,162,18.666666666666668,1237180
SR Tendulkar,40,43,113,2,0,0.16666666666666666,336012
SR Tendulkar,12,16,142,2,0,0.16666666666666666,336018
SR Tendulkar,0,3,52,2,0,0.16666666666666666,336021
SR Tendulkar,23,19,155,2,0,0.16666666666666666,336024
SR Tendulkar,65,46,159,2,0,0.16666666666666666,336028
SR Tendulkar,18,16,166,2,0,0.16666666666666666,336032
SR Tendulkar,30,34,131,2,0,0.16666666666666666,336036
SR Tendulkar,59,49,162,2,0,0.16666666666666666,392181
SR Tendulkar,35,26,142,2,0,0.16666666666666666,392192
SR Tendulkar,68,45,178,2,0,0.16666666666666666,392197
SR Tendulkar,1,5,105,2,0,0.16666666666666666,392200
SR Tendulkar,34,30,134,2,0,0.16666666666666666,392203
SR Tendulkar,11,11,141,2,0,0.16666666666666666,392208
SR Tendulkar,2,4,123,2,0,0.16666666666666666,392212
SR Tendulkar,15,14,102,4,0,1.1666666666666667,392215
SR Tendulkar,0,3,150,2,0,0.16666666666666666,392218
SR Tendulkar,41,28,116,4,38,6.0,392222
SR Tendulkar,40,30,124,5,22,5.5,392225
SR Tendulkar,11,14,141,4,46,6.166666666666667,392227
SR Tendulkar,46,40,141,2,0,0.16666666666666666,392235
SR Tendulkar,17,11,196,2,0,0.16666666666666666,419107
SR Tendulkar,63,32,200,2,0,0.16666666666666666,419114
SR Tendulkar,25,22,137,2,0,0.16666666666666666,419119
SR Tendulkar,71,48,152,2,0,0.16666666666666666,419122
SR Tendulkar,72,52,163,2,0,0.16666666666666666,419125
SR Tendulkar,53,41,156,2,0,0.16666666666666666,419130
SR Tendulkar,11,15,147,2,0,0.16666666666666666,419132
SR Tendulkar,35,25,171,2,0,0.16666666666666666,419138
SR Tendulkar,45,35,122,2,0,0.16666666666666666,419142
SR Tendulkar,29,25,150,2,0,0.16666666666666666,419146
SR Tendulkar,89,59,162,2,0,0.16666666666666666,419150
SR Tendulkar,30,26,172,2,0,0.16666666666666666,419152
SR Tendulkar,19,18,176,2,0,0.16666666666666666,419157
SR Tendulkar,9,9,169,2,0,0.16666666666666666,419162
SR Tendulkar,48,45,134,2,0,0.16666666666666666,419165
SR Tendulkar,46,50,88,2,0,0.16666666666666666,501201
SR Tendulkar,55,46,139,2,0,0.16666666666666666,501205
SR Tendulkar,100,66,165,2,0,0.16666666666666666,501210
SR Tendulkar,35,39,114,2,0,0.16666666666666666,501218
SR Tendulkar,5,8,150,2,0,0.16666666666666666,501221
SR Tendulkar,28,24,167,2,0,0.16666666666666666,501224
SR Tendulkar,7,7,87,2,0,0.16666666666666666,501231
SR Tendulkar,51,45,154,2,0,0.16666666666666666,501237
SR Tendulkar,24,24,144,2,0,0.16666666666666666,501241
SR Tendulkar,14,14,172,2,0,0.16666666666666666,501246
SR Tendulkar,6,9,82,2,0,0.16666666666666666,501251
SR Tendulkar,37,42,107,1,0,0.16666666666666666,501256
SR Tendulkar,31,35,128,2,0,0.16666666666666666,501263
SR Tendulkar,38,27,162,2,0,0.16666666666666666,501267
SR Tendulkar,36,28,144,2,0,0.16666666666666666,501269
SR Tendulkar,40,24,138,2,0,0.16666666666666666,501270
SR Tendulkar,16,15,109,2,0,0.16666666666666666,548306
SR Tendulkar,23,23,157,2,0,0.16666666666666666,548334
SR Tendulkar,34,29,161,2,0,0.16666666666666666,548339
SR Tendulkar,7,7,166,2,0,0.16666666666666666,548342
SR Tendulkar,14,14,91,2,0,0.16666666666666666,548346
SR Tendulkar,34,35,109,2,0,0.16666666666666666,548351
SR Tendulkar,74,44,171,2,0,0.16666666666666666,548355
SR Tendulkar,24,27,134,2,0,0.16666666666666666,548360
SR Tendulkar,2,2,177,2,0,0.16666666666666666,548363
SR Tendulkar,0,1,162,2,0,0.16666666666666666,548367
SR Tendulkar,27,24,104,2,0,0.16666666666666666,548370
SR Tendulkar,58,51,144,1,0,0.16666666666666666,548377
SR Tendulkar,11,11,138,1,0,0.16666666666666666,548379
SR Tendulkar,23,19,142,2,0,0.16666666666666666,597999
SR Tendulkar,0,1,139,2,0,0.16666666666666666,598002
SR Tendulkar,1,1,198,2,0,0.16666666666666666,598006
SR Tendulkar,44,29,174,2,0,0.16666666666666666,598011
SR Tendulkar,1,3,85,1,0,0.16666666666666666,598019
SR Tendulkar,54,47,158,2,0,0.16666666666666666,598024
SR Tendulkar,2,6,158,2,0,0.16666666666666666,598029
SR Tendulkar,23,13,185,2,0,0.16666666666666666,598033
SR Tendulkar,9,10,166,2,0,0.16666666666666666,598037
SR Tendulkar,14,12,121,2,0,0.16666666666666666,598039
SR Tendulkar,15,18,135,2,0,0.16666666666666666,598046
SR Tendulkar,48,28,159,2,0,0.16666666666666666,598050
SR Tendulkar,15,13,112,2,0,0.16666666666666666,598055
SR Tendulkar,38,31,171,2,0,0.16666666666666666,598060
U Kaul,0,1,160,11,160,20.0,336013
TM Dilshan,18,15,145,6,83,13.666666666666666,336015
TM Dilshan,25,19,102,6,26,4.666666666666667,336017
TM Dilshan,16,6,186,5,158,17.833333333333332,336020
TM Dilshan,6,5,106,4,96,9.166666666666666,336022
TM Dilshan,4,10,146,4,90,9.166666666666666,336026
TM Dilshan,0,1,176,5,88,10.833333333333334,336032
TM Dilshan,33,22,80,5,19,5.5,336038
TM Dilshan,50,27,188,4,8,2.1666666666666665,392189
TM Dilshan,67,47,146,3,10,2.0,392194
TM Dilshan,7,10,138,4,25,3.1666666666666665,392198
TM Dilshan,48,45,134,4,34,5.166666666666667,392201
TM Dilshan,13,13,141,4,18,3.5,392206
TM Dilshan,42,34,149,3,58,7.166666666666667,392211
TM Dilshan,17,19,112,3,38,8.5,392215
TM Dilshan,1,2,112,4,58,8.666666666666666,392219
TM Dilshan,37,18,159,3,6,1.6666666666666665,392223
TM Dilshan,10,19,106,3,16,3.166666666666667,392226
TM Dilshan,33,41,139,4,13,3.0,392230
TM Dilshan,24,13,157,4,98,11.333333333333334,392235
TM Dilshan,65,51,141,4,0,1.1666666666666667,392237
TM Dilshan,0,3,139,3,10,1.5,419108
TM Dilshan,0,1,133,3,39,3.6666666666666665,419111
TM Dilshan,17,12,109,1,0,0.16666666666666666,419114
TM Dilshan,15,24,171,3,35,3.6666666666666665,419116
TM Dilshan,1,2,100,3,1,0.6666666666666666,419155
TM Dilshan,11,11,128,3,9,1.5,419160
TM Dilshan,1,4,147,2,0,0.16666666666666666,501200
TM Dilshan,59,52,125,2,0,0.16666666666666666,501205
TM Dilshan,7,8,132,2,0,0.16666666666666666,501208
TM Dilshan,0,1,153,2,0,0.16666666666666666,501211
TM Dilshan,38,31,170,1,0,0.16666666666666666,501222
TM Dilshan,0,1,143,2,0,0.16666666666666666,501227
TM Dilshan,15,19,179,2,0,0.16666666666666666,501232
TM Dilshan,16,9,199,2,0,0.16666666666666666,501244
TM Dilshan,52,31,117,2,0,0.16666666666666666,501247
TM Dilshan,38,24,147,2,0,0.16666666666666666,501252
TM Dilshan,4,8,178,1,0,0.16666666666666666,548327
TM Dilshan,72,57,165,2,0,0.16666666666666666,548336
TM Dilshan,1,3,138,1,0,0.16666666666666666,548344
TM Dilshan,71,54,179,1,0,0.16666666666666666,548356
TM Dilshan,19,25,131,1,0,0.16666666666666666,548360
TM Dilshan,53,44,163,2,0,0.16666666666666666,548362
TM Dilshan,43,49,152,2,0,0.16666666666666666,548367
TM Dilshan,10,7,205,2,0,0.16666666666666666,548372
TM Dilshan,4,12,120,2,0,0.16666666666666666,548376
TM Dilshan,0,8,140,2,0,0.16666666666666666,597999
TM Dilshan,5,9,122,2,0,0.16666666666666666,598004
TM Dilshan,25,22,107,1,0,0.16666666666666666,598023
TM Dilshan,32,35,247,2,0,0.16666666666666666,598027
TM Dilshan,13,18,124,2,0,0.16666666666666666,598033
A Mishra,4,5,145,7,85,14.166666666666666,336015
A Mishra,31,32,102,7,40,7.833333333333333,336017
A Mishra,2,5,80,8,68,12.333333333333334,336038
A Mishra,0,4,138,8,130,18.666666666666668,392198
A Mishra,11,8,141,9,129,18.166666666666668,392206
A Mishra,2,3,159,8,122,17.5,392223
A Mishra,13,4,157,8,144,17.0,392235
A Mishra,0,1,141,8,140,19.833333333333332,392237
A Mishra,3,5,109,7,75,9.333333333333334,419114
A Mishra,6,3,171,8,164,19.5,419116
A Mishra,0,1,157,8,152,18.5,419120
A Mishra,4,6,158,10,144,18.5,419144
A Mishra,10,10,93,10,67,15.5,419149
A Mishra,11,16,135,8,87,12.166666666666666,419152
A Mishra,4,9,128,8,71,13.0,419160
A Mishra,2,2,133,9,126,19.333333333333332,501199
A Mishra,12,5,145,9,121,17.333333333333332,501203
A Mishra,0,1,154,9,145,19.166666666666668,501212
A Mishra,25,19,123,8,93,14.833333333333334,501224
A Mishra,0,1,122,8,121,19.666666666666668,501229
A Mishra,2,5,141,8,138,19.166666666666668,501236
A Mishra,9,9,144,8,124,17.666666666666668,501239
A Mishra,0,1,135,8,123,18.833333333333332,501250
A Mishra,18,6,128,8,101,18.5,501256
A Mishra,0,2,133,8,123,18.5,548314
A Mishra,6,6,150,9,128,18.166666666666668,548321
A Mishra,1,1,122,9,117,19.5,548335
A Mishra,1,6,95,9,78,15.5,548346
A Mishra,8,5,133,10,118,18.5,548359
A Mishra,0,0,0,7,83,16.0,598004
A Mishra,16,13,112,8,87,16.333333333333332,598010
A Mishra,1,1,120,9,118,19.666666666666668,598013
A Mishra,30,24,114,8,41,10.833333333333334,598018
A Mishra,15,21,151,5,31,5.0,598030
A Mishra,21,28,133,8,28,6.333333333333333,598032
A Mishra,6,8,142,8,96,13.0,598051
A Mishra,0,0,0,10,121,20.0,598065
A Mishra,4,5,113,10,106,17.666666666666668,729295
A Mishra,0,2,122,10,118,19.666666666666668,733989
A Mishra,4,4,144,9,119,18.0,829707
A Mishra,1,1,133,9,132,19.5,829739
A Mishra,2,4,87,8,65,13.833333333333334,829757
A Mishra,1,3,160,9,143,19.166666666666668,829777
A Mishra,3,9,86,10,72,13.333333333333334,980903
A Mishra,1,5,123,8,94,13.166666666666666,980993
A Mishra,8,14,137,9,120,16.5,1082595
A Mishra,4,9,62,9,56,14.333333333333334,1082626
A Mishra,9,14,63,9,45,8.5,1082635
A Mishra,8,2,194,10,186,19.5,1082640
A Mishra,13,9,161,8,135,17.166666666666668,1082642
A Mishra,7,4,143,8,106,16.166666666666668,1082646
A Mishra,1,2,130,9,115,18.5,1136582
A Mishra,6,8,120,10,105,17.5,1178409
A Mishra,8,11,99,10,85,12.166666666666666,1178425
A Mishra,1,2,159,9,153,19.166666666666668,1181766
A Mishra,6,3,138,9,110,18.166666666666668,1181767
A Mishra,19,30,101,9,64,11.333333333333334,1359517
AD Mascarenhas,9,8,138,6,81,12.5,336015
AD Mascarenhas,0,1,49,6,21,8.666666666666666,392182
AD Mascarenhas,27,28,140,6,70,9.166666666666666,392190
AD Mascarenhas,4,2,102,5,20,4.333333333333333,392195
AD Mascarenhas,8,8,118,6,79,13.166666666666666,392202
AD Mascarenhas,9,7,203,7,170,17.333333333333332,419107
AD Mascarenhas,3,3,136,7,106,16.5,419111
AD Mascarenhas,5,5,132,7,73,14.166666666666666,548313
AD Mascarenhas,0,1,127,7,92,16.666666666666668,548323
AD Mascarenhas,9,10,121,7,85,14.5,548328
AD Mascarenhas,5,5,116,10,108,18.166666666666668,598021
NK Patel,4,2,138,8,129,18.333333333333332,336015
NK Patel,57,39,176,2,0,0.16666666666666666,336019
NK Patel,40,29,129,7,67,12.166666666666666,336036
NK Patel,2,11,147,1,0,0.16666666666666666,336040
NK Patel,4,16,49,3,1,1.1666666666666667,392182
NK Patel,14,22,96,4,27,3.166666666666667,392233
LA Pomersbach,34,24,135,3,40,6.5,336016
LA Pomersbach,1,1,214,4,206,19.666666666666668,336019
LA Pomersbach,25,12,90,4,29,3.1666666666666665,336022
LA Pomersbach,79,50,177,3,1,0.6666666666666666,336028
LA Pomersbach,13,12,170,4,113,12.833333333333334,336031
LA Pomersbach,5,7,101,7,67,11.333333333333334,392222
LA Pomersbach,8,5,113,3,22,3.3333333333333335,392226
LA Pomersbach,1,2,127,3,9,2.1666666666666665,392229
LA Pomersbach,26,32,86,3,5,2.166666666666667,392234
LA Pomersbach,16,14,99,2,0,0.16666666666666666,501255
LA Pomersbach,29,18,161,5,74,12.0,501268
LA Pomersbach,4,4,165,5,140,15.5,501270
LA Pomersbach,2,3,141,5,47,6.666666666666667,501271
LA Pomersbach,7,9,168,1,0,0.16666666666666666,598041
LA Pomersbach,33,40,112,4,44,7.333333333333333,598056
LA Pomersbach,18,10,115,3,6,0.6666666666666666,598059
Iqbal Abdulla,1,2,122,8,118,19.333333333333332,336017
Iqbal Abdulla,0,1,119,10,114,19.833333333333332,419153
Iqbal Abdulla,3,3,143,9,140,19.5,501198
Iqbal Abdulla,12,9,115,10,94,17.833333333333332,501219
Iqbal Abdulla,1,1,90,10,82,11.5,548307
Iqbal Abdulla,1,2,135,11,125,18.666666666666668,548312
Iqbal Abdulla,6,11,96,9,83,14.333333333333334,598050
Iqbal Abdulla,2,3,116,9,108,19.333333333333332,598069
Iqbal Abdulla,20,14,175,8,113,14.5,829737
Iqbal Abdulla,0,3,122,10,122,19.166666666666668,829779
Iqbal Abdulla,32,24,142,8,59,9.833333333333334,981013
Iqbal Abdulla,4,2,191,9,186,19.666666666666668,981019
Iqbal Abdulla,5,7,151,8,136,17.166666666666668,1082595
Younis Khan,3,7,176,3,5,1.6666666666666665,336019
PM Sarvesh Kumar,1,2,179,11,177,19.666666666666668,336020
DP Vijaykumar,0,0,0,11,147,19.833333333333332,336002
DP Vijaykumar,1,1,179,10,177,19.5,336020
Shoaib Akhtar,2,7,59,9,49,12.833333333333334,336021
Abdur Razzak,0,2,126,11,112,18.833333333333332,336023
H Das,2,5,144,8,129,17.666666666666668,336024
DR Smith,20,16,159,3,25,2.8333333333333335,336028
DR Smith,17,17,166,3,65,7.333333333333333,336032
DR Smith,8,7,131,5,90,15.5,336036
DR Smith,35,22,154,3,58,7.0,392192
DR Smith,12,5,159,5,111,13.833333333333334,392196
DR Smith,48,28,137,6,48,9.5,392201
DR Smith,7,8,134,6,110,17.0,392205
DR Smith,49,22,93,5,0,2.5,392209
DR Smith,16,12,136,5,57,9.833333333333334,392212
DR Smith,47,32,164,5,69,9.666666666666666,392220
DR Smith,1,2,153,6,141,17.166666666666668,392223
DR Smith,4,7,147,6,104,14.0,419141
DR Smith,13,8,131,6,101,16.333333333333332,419147
DR Smith,5,10,78,6,24,6.333333333333333,419164
DR Smith,24,9,171,6,146,17.666666666666668,548355
DR Smith,2,3,134,6,78,14.166666666666666,548360
DR Smith,6,5,162,6,39,8.0,548367
DR Smith,0,1,104,7,92,16.833333333333332,548370
DR Smith,86,57,144,2,0,0.16666666666666666,548377
DR Smith,38,22,138,2,0,0.16666666666666666,548379
DR Smith,3,5,139,7,69,10.833333333333334,598002
DR Smith,8,12,158,1,0,0.16666666666666666,598024
DR Smith,62,45,158,1,0,0.16666666666666666,598029
DR Smith,50,36,185,1,0,0.16666666666666666,598033
DR Smith,33,32,166,1,0,0.16666666666666666,598037
DR Smith,38,39,121,1,0,0.16666666666666666,598039
DR Smith,22,24,135,1,0,0.16666666666666666,598046
DR Smith,47,53,159,1,0,0.16666666666666666,598050
DR Smith,0,1,112,1,0,0.16666666666666666,598055
DR Smith,21,17,171,1,0,0.16666666666666666,598060
DR Smith,68,28,139,1,0,0.16666666666666666,598070
DR Smith,62,44,159,1,0,0.16666666666666666,598072
DR Smith,4,4,143,1,0,0.16666666666666666,598073
DR Smith,65,42,190,1,0,0.16666666666666666,729283
DR Smith,29,28,171,1,0,0.16666666666666666,729293
DR Smith,50,28,127,1,0,0.16666666666666666,729297
DR Smith,29,22,135,1,0,0.16666666666666666,729303
DR Smith,66,46,142,1,0,0.16666666666666666,729311
DR Smith,16,11,142,1,0,0.16666666666666666,733971
DR Smith,79,51,170,1,0,0.16666666666666666,733981
DR Smith,4,4,183,1,0,0.16666666666666666,733987
DR Smith,57,51,149,1,0,0.16666666666666666,733995
DR Smith,44,35,141,1,0,0.16666666666666666,734003
DR Smith,9,15,132,1,0,0.16666666666666666,734013
DR Smith,5,6,151,1,0,0.16666666666666666,734023
DR Smith,47,28,177,1,0,0.16666666666666666,734029
DR Smith,34,17,155,1,0,0.16666666666666666,734035
DR Smith,24,20,167,1,0,0.16666666666666666,734045
DR Smith,7,11,182,1,0,0.16666666666666666,734047
DR Smith,34,30,136,1,0,0.16666666666666666,829707
DR Smith,27,25,190,1,0,0.16666666666666666,829711
DR Smith,0,1,145,1,0,0.16666666666666666,829723
DR Smith,62,29,177,1,0,0.16666666666666666,829729
DR Smith,40,29,150,1,0,0.16666666666666666,829735
DR Smith,39,29,171,1,0,0.16666666666666666,829745
DR Smith,26,13,180,1,0,0.16666666666666666,829753
DR Smith,25,19,122,1,0,0.16666666666666666,829765
DR Smith,21,19,163,1,0,0.16666666666666666,829773
DR Smith,0,6,143,1,0,0.16666666666666666,829779
DR Smith,27,34,152,1,0,0.16666666666666666,829789
DR Smith,6,10,149,1,0,0.16666666666666666,829797
DR Smith,18,24,112,1,0,0.16666666666666666,829801
DR Smith,0,4,154,1,0,0.16666666666666666,829817
DR Smith,17,12,133,1,0,0.16666666666666666,829821
DR Smith,57,47,153,1,0,0.16666666666666666,829823
DR Smith,28,20,163,1,0,0.16666666666666666,980937
DR Smith,53,30,169,1,0,0.16666666666666666,980945
DR Smith,63,37,189,1,0,0.16666666666666666,980949
DR Smith,15,18,127,1,0,0.16666666666666666,980955
DR Smith,15,14,143,1,0,0.16666666666666666,980961
DR Smith,1,9,121,1,0,0.16666666666666666,980967
DR Smith,27,18,159,1,0,0.16666666666666666,980975
DR Smith,7,6,91,1,0,0.16666666666666666,980987
DR Smith,0,1,108,1,0,0.16666666666666666,981001
DR Smith,37,23,167,5,107,11.166666666666666,981007
DR Smith,73,41,147,5,8,3.8333333333333335,981013
DR Smith,1,3,157,6,78,12.166666666666666,981017
DR Smith,0,0,0,6,175,20.0,1082593
DR Smith,37,27,132,6,55,9.166666666666666,1082596
DR Smith,47,30,167,1,0,0.16666666666666666,1082603
DR Smith,0,2,157,1,0,0.16666666666666666,1082606
DR Smith,1,4,184,1,0,0.16666666666666666,1082610
DR Smith,5,4,183,6,111,11.833333333333334,1082613
DR Smith,4,4,155,6,93,12.166666666666666,1082616
DR Smith,0,1,154,5,91,10.0,1082629
DR Smith,9,4,203,1,0,0.16666666666666666,1082632
DR Smith,74,39,186,1,0,0.16666666666666666,1082637
DR Smith,8,8,184,1,0,0.16666666666666666,1082640
DR Smith,54,33,148,1,0,0.16666666666666666,1082643
SD Chitnis,9,5,159,8,142,18.166666666666668,336028
SD Chitnis,3,4,166,7,135,17.833333333333332,336032
SD Chitnis,6,8,138,5,123,16.0,392225
SD Chitnis,9,9,115,7,96,15.833333333333334,501248
SD Chitnis,6,5,163,7,132,17.166666666666668,548359
SD Chitnis,11,13,186,6,97,12.5,548366
SD Chitnis,11,12,118,5,64,10.5,548371
SD Chitnis,38,32,133,5,13,4.666666666666667,548374
CRD Fernando,2,1,159,9,149,19.0,336028
CRD Fernando,2,2,134,11,131,19.666666666666668,419165
VS Yeligati,2,2,159,11,157,20.0,336028
L Balaji,0,4,96,9,94,18.0,336029
L Balaji,0,0,0,10,164,19.666666666666668,392189
L Balaji,2,3,154,9,136,17.666666666666668,392206
L Balaji,0,1,125,9,114,18.5,392224
L Balaji,2,6,109,10,105,18.166666666666668,392234
L Balaji,15,10,156,9,114,15.666666666666666,419110
L Balaji,0,2,124,9,124,19.833333333333332,419123
L Balaji,3,8,103,9,67,14.333333333333334,419155
L Balaji,1,1,115,11,114,20.0,501219
L Balaji,3,1,140,9,137,20.0,501230
L Balaji,0,0,0,11,141,20.166666666666668,598016
L Balaji,9,7,115,11,103,17.666666666666668,598022
L Balaji,0,3,96,11,95,17.833333333333332,598050
L Balaji,0,2,127,10,122,18.5,729307
L Balaji,1,1,183,10,178,19.833333333333332,733991
A Mukund,0,1,185,8,185,20.166666666666668,336033
A Mukund,19,21,160,1,0,0.16666666666666666,598036
RR Powar,28,21,108,9,62,13.833333333333334,336039
RR Powar,10,10,102,9,80,16.833333333333332,392200
RR Powar,0,0,0,8,124,19.833333333333332,392204
RR Powar,6,7,114,9,87,16.0,392210
RR Powar,7,5,86,10,77,19.0,392234
RR Powar,3,7,129,9,106,15.5,419108
RR Powar,2,1,132,10,122,19.5,419121
RR Powar,3,6,124,9,121,18.833333333333332,501219
RR Powar,0,1,111,9,110,18.166666666666668,501233
RR Powar,8,6,115,9,105,18.666666666666668,501247
JP Duminy,9,7,162,4,80,12.0,392181
JP Duminy,47,40,142,3,3,1.8333333333333335,392192
JP Duminy,18,14,178,4,138,14.0,392197
JP Duminy,59,63,105,4,2,1.6666666666666665,392200
JP Duminy,52,37,134,5,47,8.166666666666666,392203
JP Duminy,1,6,141,4,18,3.8333333333333335,392208
JP Duminy,52,48,123,4,7,2.0,392212
JP Duminy,0,4,102,2,0,0.16666666666666666,392215
JP Duminy,59,41,150,4,47,8.166666666666666,392218
JP Duminy,4,5,124,6,47,11.333333333333334,392225
JP Duminy,62,54,141,3,7,2.3333333333333335,392227
JP Duminy,9,6,141,3,0,0.6666666666666666,392235
JP Duminy,35,28,150,5,59,7.666666666666667,419146
JP Duminy,31,32,162,5,27,4.0,419150
JP Duminy,21,14,172,5,95,14.0,419152
JP Duminy,42,19,176,5,123,15.333333333333334,419157
JP Duminy,19,27,127,4,14,3.0,419161
JP Duminy,3,4,169,5,60,8.5,419162
JP Duminy,6,7,134,7,89,15.0,419165
JP Duminy,14,17,133,5,49,8.0,501199
JP Duminy,6,8,145,5,51,9.166666666666666,501203
JP Duminy,22,15,168,5,106,14.833333333333334,501208
JP Duminy,18,16,154,4,86,11.166666666666666,501212
JP Duminy,17,11,141,6,116,16.0,501236
JP Duminy,54,30,163,4,55,9.0,501243
JP Duminy,30,30,135,4,55,7.666666666666667,501250
JP Duminy,8,10,128,4,38,7.5,501256
JP Duminy,23,26,129,4,65,9.5,501259
JP Duminy,12,10,182,3,115,13.5,501264
JP Duminy,4,5,150,5,101,12.166666666666666,548321
JP Duminy,58,26,183,4,99,13.333333333333334,548326
JP Duminy,13,9,185,5,158,17.666666666666668,548329
JP Duminy,16,15,122,5,91,14.333333333333334,548335
JP Duminy,26,24,166,5,77,11.333333333333334,548341
JP Duminy,25,24,95,5,41,8.5,548346
JP Duminy,4,3,169,5,163,19.166666666666668,548348
JP Duminy,24,31,119,3,59,8.666666666666666,548373
JP Duminy,74,53,122,5,19,4.5,548376
JP Duminy,67,47,135,5,16,4.333333333333333,729281
JP Duminy,52,35,156,5,57,7.166666666666667,729289
JP Duminy,15,14,82,5,17,4.5,729293
JP Duminy,19,6,173,5,131,16.833333333333332,729301
JP Duminy,19,24,117,3,26,7.0,729309
JP Duminy,39,31,148,5,70,10.166666666666666,733975
JP Duminy,28,17,167,6,110,14.166666666666666,733981
JP Duminy,40,28,152,5,58,9.166666666666666,733985
JP Duminy,4,5,138,6,123,16.333333333333332,733993
JP Duminy,48,30,157,5,66,9.5,734005
JP Duminy,8,8,130,4,29,4.833333333333333,734011
JP Duminy,17,21,159,4,80,10.666666666666666,734019
JP Duminy,44,28,151,5,60,9.833333333333334,734031
JP Duminy,8,8,108,6,65,9.833333333333334,734039
JP Duminy,5,5,144,7,96,14.833333333333334,829707
JP Duminy,44,38,175,3,44,4.833333333333333,829715
JP Duminy,21,19,157,3,21,3.333333333333333,829725
JP Duminy,54,41,158,3,14,2.3333333333333335,829731
JP Duminy,5,8,133,3,1,1.5,829739
JP Duminy,78,50,181,3,2,0.6666666666666666,829747
JP Duminy,13,14,87,3,1,1.1666666666666667,829757
JP Duminy,25,16,151,3,60,10.0,829761
JP Duminy,56,39,160,3,20,2.6666666666666665,829777
JP Duminy,28,19,148,3,0,0.3333333333333333,829783
JP Duminy,12,16,153,3,13,2.8333333333333335,829793
JP Duminy,6,7,120,3,16,2.6666666666666665,829801
JP Duminy,67,43,181,3,53,6.5,829813
JP Duminy,7,5,177,5,170,18.5,980921
JP Duminy,49,30,152,5,50,8.166666666666666,980933
JP Duminy,48,43,168,4,11,3.8333333333333335,980945
JP Duminy,13,7,147,4,119,15.0,980961
JP Duminy,34,32,150,4,42,6.166666666666667,980965
JP Duminy,9,9,123,6,70,9.666666666666666,980993
JP Duminy,14,14,119,6,62,13.166666666666666,980997
JP Duminy,17,15,147,4,74,11.833333333333334,981003
JP Duminy,23,29,130,3,5,1.1666666666666667,1136591
JP Duminy,13,11,175,6,149,17.0,1136597
JP Duminy,0,0,0,8,196,20.0,1136601
JP Duminy,0,0,0,8,157,20.0,1136607
A Flintoff,24,23,137,4,18,3.0,392181
A Flintoff,22,13,166,5,132,16.166666666666668,392185
A Flintoff,16,17,165,5,96,10.666666666666666,392189
T Thushara,1,2,137,9,136,19.833333333333332,392181
T Thushara,1,5,109,9,101,18.0,392234
T Thushara,2,3,154,8,150,19.0,419129
T Thushara,8,8,130,8,116,17.5,419147
JD Ryder,0,2,129,1,0,0.16666666666666666,392182
JD Ryder,0,1,153,1,0,0.16666666666666666,392188
JD Ryder,32,21,160,1,0,0.16666666666666666,392191
JD Ryder,2,5,139,1,0,0.16666666666666666,392204
JD Ryder,22,19,161,1,0,0.16666666666666666,392221
JD Ryder,31,17,109,2,0,0.16666666666666666,501202
JD Ryder,17,10,140,1,0,0.16666666666666666,501207
JD Ryder,56,26,175,1,0,0.16666666666666666,501213
JD Ryder,12,15,104,1,0,0.16666666666666666,501218
JD Ryder,15,11,110,1,0,0.16666666666666666,501226
JD Ryder,19,12,136,1,0,0.16666666666666666,501228
JD Ryder,51,34,146,1,0,0.16666666666666666,501232
JD Ryder,18,12,138,1,0,0.16666666666666666,501235
JD Ryder,0,1,129,1,0,0.16666666666666666,501241
JD Ryder,15,18,108,1,0,0.16666666666666666,501248
JD Ryder,35,20,134,1,0,0.16666666666666666,501250
JD Ryder,18,14,133,1,0,0.16666666666666666,501259
JD Ryder,1,6,104,1,0,0.16666666666666666,501262
JD Ryder,8,8,149,1,0,0.16666666666666666,548313
JD Ryder,7,11,103,1,0,0.16666666666666666,548319
JD Ryder,73,56,151,2,0,0.16666666666666666,548322
JD Ryder,34,22,175,2,0,0.16666666666666666,548327
JD Ryder,9,10,135,2,0,0.16666666666666666,548330
JD Ryder,82,57,173,2,0,0.16666666666666666,548333
JD Ryder,0,2,141,1,0,0.16666666666666666,548337
JD Ryder,7,6,144,2,0,0.16666666666666666,548341
JD Ryder,9,13,113,2,0,0.16666666666666666,548351
JD Ryder,1,2,120,2,0,0.16666666666666666,548365
JD Ryder,22,24,92,2,0,0.16666666666666666,548375
KP Pietersen,32,30,129,4,0,0.6666666666666666,392182
KP Pietersen,0,1,82,5,43,7.0,392185
KP Pietersen,11,15,153,4,19,4.0,392188
KP Pietersen,0,2,160,4,47,5.5,392191
KP Pietersen,36,24,137,3,0,0.3333333333333333,392194
KP Pietersen,13,12,134,3,63,11.333333333333334,392199
KP Pietersen,23,14,156,5,112,15.333333333333334,419133
KP Pietersen,66,44,173,3,26,4.333333333333333,419136
KP Pietersen,16,19,141,3,20,3.6666666666666665,419140
KP Pietersen,62,29,131,3,6,1.6666666666666665,419154
KP Pietersen,21,16,129,3,30,5.0,419157
KP Pietersen,19,14,138,3,24,2.8333333333333335,419162
KP Pietersen,29,21,83,3,34,7.5,419164
KP Pietersen,43,26,110,3,32,3.8333333333333335,548316
KP Pietersen,103,64,158,3,2,1.0,548321
KP Pietersen,9,8,82,3,27,5.333333333333333,548325
KP Pietersen,32,23,167,3,12,2.3333333333333335,548333
KP Pietersen,27,21,141,3,20,3.0,548337
KP Pietersen,50,26,198,3,127,13.333333333333334,548342
KP Pietersen,5,5,144,3,13,2.1666666666666665,548345
KP Pietersen,36,34,135,3,0,0.6666666666666666,548349
KP Pietersen,16,17,173,3,96,11.5,729301
KP Pietersen,26,18,117,4,70,12.5,729309
KP Pietersen,14,15,148,3,33,4.333333333333333,733975
KP Pietersen,0,1,167,3,31,4.333333333333333,733981
KP Pietersen,6,12,152,3,14,2.6666666666666665,733985
KP Pietersen,35,19,138,2,0,0.16666666666666666,733993
KP Pietersen,33,29,157,4,10,2.1666666666666665,734005
KP Pietersen,13,18,130,1,0,0.16666666666666666,734011
KP Pietersen,49,32,159,2,0,0.16666666666666666,734019
KP Pietersen,44,31,151,2,0,0.16666666666666666,734031
KP Pietersen,58,41,108,1,0,0.16666666666666666,734039
KP Pietersen,21,14,120,3,73,9.833333333333334,980901
KP Pietersen,37,31,161,3,27,4.0,980911
KP Pietersen,15,15,141,3,10,2.3333333333333335,980919
KP Pietersen,0,1,165,3,12,1.8333333333333335,980931
T Henderson,11,14,49,4,3,3.1666666666666665,392182
T Henderson,0,1,96,8,59,11.0,392233
Kamran Khan,3,5,49,11,45,14.0,392182
Kamran Khan,0,0,0,11,127,20.0,419158
RS Bopara,22,16,96,1,0,0.16666666666666666,392183
RS Bopara,15,15,146,1,0,0.16666666666666666,392186
RS Bopara,84,59,160,1,0,0.16666666666666666,392191
RS Bopara,11,15,126,1,0,0.16666666666666666,392195
RS Bopara,6,14,102,1,0,0.16666666666666666,392200
RS Bopara,56,48,129,1,0,0.16666666666666666,419108
RS Bopara,77,50,186,1,0,0.16666666666666666,419112
RS Bopara,38,32,152,1,0,0.16666666666666666,419117
RS Bopara,1,8,132,1,0,0.16666666666666666,419121
RS Bopara,25,26,144,1,0,0.16666666666666666,419124
RS Bopara,0,2,138,1,0,0.16666666666666666,419127
RS Bopara,1,4,142,1,0,0.16666666666666666,419132
RS Bopara,42,33,169,4,61,9.166666666666666,419136
RS Bopara,8,11,144,6,102,12.0,419143
RS Bopara,22,15,153,5,84,11.666666666666666,829711
RS Bopara,23,19,121,6,82,14.333333333333334,829727
RS Bopara,41,30,159,3,46,6.333333333333333,829731
RS Bopara,2,4,172,3,127,14.5,829743
RS Bopara,23,27,131,5,66,8.833333333333334,829751
RS Bopara,0,2,149,6,120,16.833333333333332,829759
RS Bopara,17,12,186,5,115,14.5,829787
RS Bopara,17,11,159,6,96,15.166666666666666,829793
CH Gayle,10,12,96,2,0,0.16666666666666666,392184
CH Gayle,44,26,75,2,0,0.16666666666666666,392186
CH Gayle,41,33,126,1,0,0.16666666666666666,392190
CH Gayle,12,11,91,2,0,0.16666666666666666,392197
CH Gayle,40,37,130,2,0,0.16666666666666666,392199
CH Gayle,7,7,131,1,0,0.16666666666666666,392203
CH Gayle,17,17,146,2,0,0.16666666666666666,392207
CH Gayle,75,60,140,1,0,0.16666666666666666,419122
CH Gayle,12,11,162,1,0,0.16666666666666666,419127
CH Gayle,30,21,125,1,0,0.16666666666666666,419131
CH Gayle,4,7,167,2,0,0.16666666666666666,419135
CH Gayle,88,42,187,2,0,0.16666666666666666,419139
CH Gayle,40,21,174,2,0,0.16666666666666666,419144
CH Gayle,34,15,149,2,0,0.16666666666666666,419148
CH Gayle,7,4,119,2,0,0.16666666666666666,419153
CH Gayle,0,2,126,3,19,2.6666666666666665,419158
CH Gayle,102,55,170,2,0,0.16666666666666666,501222
CH Gayle,26,14,143,1,0,0.16666666666666666,501227
CH Gayle,49,26,179,1,0,0.16666666666666666,501232
CH Gayle,107,49,199,1,0,0.16666666666666666,501244
CH Gayle,38,15,117,1,0,0.16666666666666666,501247
CH Gayle,70,44,147,1,0,0.16666666666666666,501252
CH Gayle,38,12,99,1,0,0.16666666666666666,501255
CH Gayle,0,7,112,1,0,0.16666666666666666,501260
CH Gayle,75,50,119,2,0,0.16666666666666666,501266
CH Gayle,8,9,161,2,0,0.16666666666666666,501268
CH Gayle,89,47,165,2,0,0.16666666666666666,501270
CH Gayle,0,3,141,2,0,0.16666666666666666,501271
CH Gayle,2,8,113,2,0,0.16666666666666666,548315
CH Gayle,68,35,189,2,0,0.16666666666666666,548318
CH Gayle,8,9,133,2,0,0.16666666666666666,548324
CH Gayle,81,48,178,2,0,0.16666666666666666,548327
CH Gayle,87,55,158,2,0,0.16666666666666666,548331
CH Gayle,4,8,165,4,57,9.833333333333334,548336
CH Gayle,86,57,138,2,0,0.16666666666666666,548344
CH Gayle,71,42,152,2,0,0.16666666666666666,548350
CH Gayle,26,22,179,2,0,0.16666666666666666,548356
CH Gayle,76,58,131,2,0,0.16666666666666666,548360
CH Gayle,56,30,163,1,0,0.16666666666666666,548362
CH Gayle,6,8,152,1,0,0.16666666666666666,548367
CH Gayle,122,61,205,1,0,0.16666666666666666,548372
CH Gayle,27,10,120,1,0,0.16666666666666666,548376
CH Gayle,92,58,140,1,0,0.16666666666666666,597999
CH Gayle,1,2,122,1,0,0.16666666666666666,598004
CH Gayle,79,49,141,1,0,0.16666666666666666,598008
CH Gayle,4,10,156,1,0,0.16666666666666666,598012
CH Gayle,13,9,148,1,0,0.16666666666666666,598017
CH Gayle,49,44,107,2,0,0.16666666666666666,598023
CH Gayle,171,65,247,1,0,0.16666666666666666,598027
CH Gayle,18,20,124,1,0,0.16666666666666666,598033
CH Gayle,33,15,160,2,0,0.16666666666666666,598036
CH Gayle,21,21,175,2,0,0.16666666666666666,598042
CH Gayle,71,52,160,2,0,0.16666666666666666,598045
CH Gayle,13,15,157,2,0,0.16666666666666666,598048
CH Gayle,4,7,178,2,0,0.16666666666666666,598054
CH Gayle,33,36,112,2,0,0.16666666666666666,598057
CH Gayle,59,32,178,2,0,0.16666666666666666,598064
CH Gayle,28,13,101,2,0,0.16666666666666666,598068
CH Gayle,20,7,113,1,0,0.16666666666666666,729313
CH Gayle,27,19,153,1,0,0.16666666666666666,733977
CH Gayle,38,24,158,1,0,0.16666666666666666,733983
CH Gayle,4,7,154,1,0,0.16666666666666666,733991
CH Gayle,19,25,183,2,0,0.16666666666666666,733999
CH Gayle,22,23,177,1,0,0.16666666666666666,734005
CH Gayle,46,50,129,1,0,0.16666666666666666,734013
CH Gayle,14,20,153,1,0,0.16666666666666666,734021
CH Gayle,6,9,153,1,0,0.16666666666666666,734027
CH Gayle,96,56,171,1,0,0.16666666666666666,829713
CH Gayle,21,16,150,1,0,0.16666666666666666,829719
CH Gayle,10,23,175,1,0,0.16666666666666666,829737
CH Gayle,20,17,129,1,0,0.16666666666666666,829749
CH Gayle,62,40,97,1,0,0.16666666666666666,829757
CH Gayle,10,4,182,1,0,0.16666666666666666,829763
CH Gayle,21,9,111,1,0,0.16666666666666666,829771
CH Gayle,116,56,214,1,0,0.16666666666666666,829785
CH Gayle,13,12,227,1,0,0.16666666666666666,829795
CH Gayle,17,14,75,1,0,0.16666666666666666,829803
CH Gayle,35,10,82,1,0,0.16666666666666666,829807
CH Gayle,1,5,2,2,0,0.16666666666666666,829813
CH Gayle,27,26,168,1,0,0.16666666666666666,829819
CH Gayle,41,43,132,1,0,0.16666666666666666,829821
CH Gayle,1,4,216,1,0,0.16666666666666666,980907
CH Gayle,0,3,182,1,0,0.16666666666666666,980921
CH Gayle,7,7,180,2,0,0.16666666666666666,980959
CH Gayle,5,6,144,2,0,0.16666666666666666,980981
CH Gayle,6,13,240,1,0,0.16666666666666666,980987
CH Gayle,49,31,182,1,0,0.16666666666666666,980995
CH Gayle,73,32,196,1,0,0.16666666666666666,980999
CH Gayle,1,4,129,1,0,0.16666666666666666,981011
CH Gayle,9,12,142,1,0,0.16666666666666666,981013
CH Gayle,76,38,191,1,0,0.16666666666666666,981019
CH Gayle,32,21,165,1,0,0.16666666666666666,1082591
CH Gayle,6,8,151,1,0,0.16666666666666666,1082595
CH Gayle,22,27,130,1,0,0.16666666666666666,1082602
CH Gayle,77,38,209,1,0,0.16666666666666666,1082610
CH Gayle,7,16,42,1,0,0.16666666666666666,1082617
CH Gayle,8,11,122,1,0,0.16666666666666666,1082621
CH Gayle,0,2,112,2,0,0.16666666666666666,1082633
CH Gayle,0,1,155,1,0,0.16666666666666666,1082636
CH Gayle,48,38,152,1,0,0.16666666666666666,1082646
CH Gayle,63,33,196,2,0,0.16666666666666666,1136572
CH Gayle,104,63,185,2,0,0.16666666666666666,1136576
CH Gayle,62,38,124,2,0,0.16666666666666666,1136578
CH Gayle,23,22,117,2,0,0.16666666666666666,1136585
CH Gayle,50,40,164,2,0,0.16666666666666666,1136594
CH Gayle,8,11,152,2,0,0.16666666666666666,1136598
CH Gayle,1,1,136,2,0,0.16666666666666666,1136600
CH Gayle,21,17,207,2,0,0.16666666666666666,1136604
CH Gayle,18,14,83,2,0,0.16666666666666666,1136608
CH Gayle,18,11,174,2,0,0.16666666666666666,1136610
CH Gayle,0,2,142,2,0,0.16666666666666666,1136616
CH Gayle,79,47,168,2,0,0.16666666666666666,1175359
CH Gayle,20,13,184,2,0,0.16666666666666666,1175361
CH Gayle,40,24,169,2,0,0.16666666666666666,1175364
CH Gayle,5,7,128,2,0,0.16666666666666666,1178393
CH Gayle,16,14,150,2,0,0.16666666666666666,1178397
CH Gayle,63,36,190,2,0,0.16666666666666666,1178399
CH Gayle,99,64,166,2,0,0.16666666666666666,1178403
CH Gayle,30,22,170,2,0,0.16666666666666666,1178407
CH Gayle,69,37,158,2,0,0.16666666666666666,1178412
CH Gayle,23,10,181,2,0,0.16666666666666666,1178417
CH Gayle,4,3,159,2,0,0.16666666666666666,1178423
CH Gayle,14,14,180,1,0,0.16666666666666666,1178427
CH Gayle,28,28,159,2,0,0.16666666666666666,1178430
CH Gayle,20,20,119,3,37,5.166666666666667,1216498
CH Gayle,12,19,151,3,48,5.5,1216506
CH Gayle,24,21,172,3,32,3.6666666666666665,1216517
CH Gayle,51,29,147,3,47,8.166666666666666,1216520
CH Gayle,53,45,165,3,73,8.166666666666666,1216531
CH Gayle,99,63,170,3,1,1.1666666666666667,1216537
CH Gayle,29,13,159,3,16,2.5,1216546
CH Gayle,40,28,211,3,21,2.8333333333333335,1254061
CH Gayle,10,10,102,3,1,0.8333333333333334,1254065
CH Gayle,11,9,182,3,112,12.833333333333334,1254068
CH Gayle,15,17,108,3,15,3.3333333333333335,1254071
CH Gayle,43,35,124,3,48,7.5,1254074
CH Gayle,0,1,118,3,34,5.833333333333333,1254078
CH Gayle,46,24,174,3,18,3.6666666666666665,1254083
CH Gayle,13,9,161,3,17,3.6666666666666665,1254086
CH Gayle,1,4,129,3,34,5.5,1254099
CH Gayle,14,17,118,3,26,4.333333333333333,1254107
MC Henriques,6,8,96,7,44,12.5,392184
MC Henriques,30,24,146,4,90,13.166666666666666,392211
MC Henriques,2,8,115,7,42,8.166666666666666,392219
MC Henriques,11,5,157,6,111,15.0,419120
MC Henriques,44,40,122,5,35,7.333333333333333,598004
MC Henriques,22,18,160,5,92,12.333333333333334,598036
MC Henriques,27,13,175,5,107,15.333333333333334,598042
MC Henriques,0,1,160,5,150,19.166666666666668,598045
MC Henriques,7,9,157,5,94,12.166666666666666,598048
MC Henriques,26,22,178,4,30,5.166666666666667,598054
MC Henriques,11,11,112,5,68,13.333333333333334,598057
MC Henriques,16,7,178,5,132,17.166666666666668,598064
MC Henriques,12,3,101,4,72,6.333333333333333,598068
MC Henriques,9,13,122,6,82,12.0,733989
MC Henriques,0,1,179,5,152,18.5,734007
MC Henriques,7,5,172,5,159,18.666666666666668,829743
MC Henriques,30,32,149,4,55,6.166666666666667,829759
MC Henriques,19,9,181,3,77,8.333333333333334,829773
MC Henriques,41,33,128,4,4,1.1666666666666667,829781
MC Henriques,20,21,186,3,39,4.666666666666667,829787
MC Henriques,74,46,159,3,29,4.0,829793
MC Henriques,28,24,179,3,54,6.333333333333333,829799
MC Henriques,53,21,123,3,18,2.5,829807
MC Henriques,11,19,107,3,7,1.1666666666666667,829815
MC Henriques,19,23,171,3,30,3.3333333333333335,980907
MC Henriques,6,9,134,3,15,2.8333333333333335,980915
MC Henriques,20,21,140,3,3,1.1666666666666667,980923
MC Henriques,5,4,141,6,134,17.333333333333332,980935
MC Henriques,1,4,110,6,25,7.333333333333333,980943
MC Henriques,31,14,185,4,144,16.0,980953
MC Henriques,14,16,123,4,32,5.0,980967
MC Henriques,1,2,172,5,171,19.833333333333332,980973
MC Henriques,10,8,132,5,91,15.5,980979
MC Henriques,0,1,130,5,105,15.166666666666666,980983
MC Henriques,18,13,155,5,65,9.666666666666666,981003
MC Henriques,11,10,138,7,111,15.333333333333334,981009
MC Henriques,31,21,156,3,12,2.1666666666666665,981015
MC Henriques,11,6,161,3,5,1.3333333333333333,981017
MC Henriques,4,5,194,3,60,6.833333333333333,981019
MC Henriques,52,37,200,3,15,2.0,1082591
MC Henriques,52,39,137,3,32,3.3333333333333335,1082596
MC Henriques,13,10,148,3,44,6.833333333333333,1082604
MC Henriques,9,16,148,3,20,5.166666666666667,1082609
MC Henriques,12,6,186,5,165,18.333333333333332,1082611
MC Henriques,55,28,162,4,80,12.666666666666666,1082615
MC Henriques,7,6,204,5,168,17.333333333333332,1082623
MC Henriques,25,18,173,5,87,11.833333333333334,1082630
MC Henriques,4,6,134,5,82,12.5,1082634
MC Henriques,44,35,136,3,7,1.3333333333333333,1082638
MC Henriques,4,2,154,3,19,2.3333333333333335,1082643
MC Henriques,14,17,108,6,47,8.833333333333334,1254071
MC Henriques,2,3,118,6,56,11.5,1254078
MC Henriques,12,9,149,7,119,17.0,1254090
MC Henriques,3,3,134,6,121,12.333333333333334,1254094
R Bishnoi,0,1,82,8,61,11.166666666666666,392185
R Bishnoi,1,2,153,7,110,15.833333333333334,392188
R Bishnoi,18,14,139,3,2,1.0,392204
FH Edwards,3,2,175,8,165,19.166666666666668,392188
FH Edwards,1,3,154,9,152,18.833333333333332,392192
KV Sharma,1,3,153,8,118,16.666666666666668,392188
KV Sharma,5,9,120,7,106,17.166666666666668,598013
KV Sharma,7,13,114,6,15,5.166666666666667,598018
KV Sharma,6,8,133,5,7,2.1666666666666665,598032
KV Sharma,39,33,142,7,61,9.166666666666666,598051
KV Sharma,22,18,146,7,50,8.833333333333334,598056
KV Sharma,4,3,121,9,115,19.166666666666668,598065
KV Sharma,2,2,126,8,107,18.166666666666668,598071
KV Sharma,4,5,118,7,100,17.666666666666668,729285
KV Sharma,10,8,113,8,86,13.666666666666666,729295
KV Sharma,17,7,129,7,95,17.5,729311
KV Sharma,1,1,145,8,140,19.833333333333332,733977
KV Sharma,0,1,122,8,100,16.333333333333332,733989
KV Sharma,1,1,179,7,170,19.666666666666668,734007
KV Sharma,4,4,132,8,122,18.333333333333332,734015
KV Sharma,5,2,139,8,134,19.833333333333332,734037
KV Sharma,4,6,153,7,127,17.0,829711
KV Sharma,19,10,159,8,125,17.166666666666668,829731
KV Sharma,2,5,131,7,122,17.833333333333332,829751
KV Sharma,1,1,149,8,135,19.5,829759
KV Sharma,4,2,181,8,177,19.833333333333332,829773
KV Sharma,32,20,128,8,66,12.166666666666666,829781
KV Sharma,16,13,159,5,62,10.833333333333334,829793
KV Sharma,11,7,179,7,151,17.5,829799
KV Sharma,15,21,107,7,46,9.666666666666666,829815
KV Sharma,26,17,171,8,138,16.166666666666668,980907
KV Sharma,2,2,134,8,122,18.833333333333332,980915
KV Sharma,8,11,138,8,113,15.833333333333334,981009
KV Sharma,11,10,151,5,59,9.166666666666666,1082618
KV Sharma,9,8,158,7,98,13.666666666666666,1082628
KV Sharma,5,5,128,7,119,18.333333333333332,1082638
KV Sharma,19,6,215,7,169,16.5,1082641
KV Sharma,4,7,133,9,95,15.166666666666666,1082647
KV Sharma,1,5,121,8,75,13.5,1082650
KV Sharma,0,0,0,7,166,20.0,1136593
KV Sharma,1,3,117,10,80,13.166666666666666,1359483
KV Sharma,2,2,124,9,115,18.833333333333332,1359517
KV Sharma,20,7,212,9,179,17.5,1426274
KV Sharma,6,4,177,9,167,18.833333333333332,1426300
KV Sharma,5,4,168,9,155,19.0,1426310
PC Valthaty,5,7,140,2,0,0.16666666666666666,392190
PC Valthaty,1,5,138,4,28,5.0,392198
PC Valthaty,6,6,101,3,2,0.8333333333333334,501202
PC Valthaty,120,63,192,1,0,0.16666666666666666,501206
PC Valthaty,73,45,150,2,0,0.16666666666666666,501212
PC Valthaty,42,29,174,2,0,0.16666666666666666,501220
PC Valthaty,14,10,193,2,0,0.16666666666666666,501223
PC Valthaty,7,8,113,2,0,0.16666666666666666,501234
PC Valthaty,33,38,124,1,0,0.16666666666666666,501237
PC Valthaty,21,16,114,2,0,0.16666666666666666,501244
PC Valthaty,23,22,115,2,0,0.16666666666666666,501248
PC Valthaty,14,14,141,1,0,0.16666666666666666,501251
PC Valthaty,17,10,173,2,0,0.16666666666666666,501254
PC Valthaty,62,50,161,1,0,0.16666666666666666,501257
PC Valthaty,20,17,200,1,0,0.16666666666666666,501260
PC Valthaty,5,6,112,1,0,0.16666666666666666,501264
PC Valthaty,13,15,150,2,0,0.16666666666666666,548309
PC Valthaty,1,5,132,2,0,0.16666666666666666,548313
PC Valthaty,0,1,116,1,0,0.16666666666666666,548319
PC Valthaty,8,8,121,2,0,0.16666666666666666,548328
PC Valthaty,6,12,155,2,0,0.16666666666666666,548331
PC Valthaty,2,10,133,3,0,1.3333333333333333,548374
PC Valthaty,6,17,116,3,14,3.166666666666667,598021
RJ Quiney,6,2,140,3,7,2.1666666666666665,392190
RJ Quiney,7,8,102,3,5,1.5,392195
RJ Quiney,4,9,138,1,0,0.16666666666666666,392198
RJ Quiney,28,31,118,1,0,0.16666666666666666,392202
RJ Quiney,51,40,138,1,0,0.16666666666666666,392225
RJ Quiney,6,10,122,1,0,0.16666666666666666,392230
RJ Quiney,1,2,96,2,0,0.16666666666666666,392233
AS Raut,21,13,140,7,107,16.5,392190
AS Raut,1,4,102,7,33,6.833333333333333,392195
AS Raut,36,23,135,7,53,10.0,392205
AS Raut,1,1,200,6,192,19.5,392210
AS Raut,7,5,132,7,96,16.0,392217
AS Raut,1,2,109,7,80,13.333333333333334,392220
AS Raut,11,13,122,7,70,13.5,392230
AS Raut,2,4,207,7,194,18.666666666666668,419137
AS Raut,0,3,147,7,121,15.666666666666666,419141
AS Raut,20,17,129,8,78,13.833333333333334,419150
AS Raut,32,20,118,8,60,13.333333333333334,419154
AS Raut,2,4,129,6,97,13.666666666666666,419158
AS Raut,11,15,76,4,27,4.833333333333333,501214
AS Raut,25,21,145,7,98,13.166666666666666,501220
AS Raut,19,14,128,7,100,14.333333333333334,501249
AS Raut,5,8,134,7,121,17.5,501252
Yashpal Singh,20,18,126,7,81,14.166666666666666,392190
Yashpal Singh,8,8,91,5,67,10.5,392197
Yashpal Singh,13,20,115,5,7,2.166666666666667,392219
Yashpal Singh,6,19,97,4,9,1.3333333333333333,392233
M Manhas,23,13,146,6,103,15.833333333333334,392194
M Manhas,23,16,138,7,102,15.5,392198
M Manhas,3,2,134,6,118,17.333333333333332,392201
M Manhas,0,4,141,6,123,16.0,392206
M Manhas,26,25,106,5,36,7.5,392226
M Manhas,0,2,131,3,1,0.6666666666666666,392232
M Manhas,31,24,139,6,72,12.5,419108
M Manhas,11,10,133,6,109,12.666666666666666,419111
M Manhas,1,3,109,6,74,9.0,419114
M Manhas,32,22,171,6,95,12.666666666666666,419116
M Manhas,8,8,157,5,97,12.5,419120
M Manhas,26,28,93,7,50,10.166666666666666,419149
M Manhas,25,32,100,6,32,7.166666666666667,419155
M Manhas,23,22,128,5,25,3.8333333333333335,419160
M Manhas,35,32,109,3,0,0.3333333333333333,501202
M Manhas,12,19,140,3,27,4.0,501207
M Manhas,20,18,175,3,27,4.166666666666667,501213
M Manhas,0,1,104,3,14,3.6666666666666665,501218
M Manhas,20,23,110,6,36,5.666666666666667,501226
M Manhas,0,4,136,4,21,3.6666666666666665,501228
M Manhas,3,5,146,6,124,17.0,501232
M Manhas,24,19,138,6,91,13.0,501235
M Manhas,0,1,129,7,109,18.5,501241
M Manhas,0,1,133,6,45,7.833333333333333,501259
M Manhas,31,28,103,6,47,8.666666666666666,548319
M Manhas,6,4,175,7,159,18.666666666666668,548327
M Manhas,22,14,144,7,85,14.166666666666666,548341
M Manhas,7,4,162,6,147,19.0,548348
M Manhas,42,34,113,6,46,10.0,548351
M Manhas,1,3,133,5,45,6.833333333333333,548353
M Manhas,11,9,115,7,98,17.333333333333332,548358
M Manhas,11,13,129,7,97,13.666666666666666,598027
M Manhas,2,4,143,6,124,18.166666666666668,598035
M Manhas,13,5,171,7,151,18.833333333333332,729293
M Manhas,10,10,127,7,73,11.333333333333334,729297
M Manhas,3,4,142,7,134,18.666666666666668,729311
M Manhas,8,3,183,7,156,18.333333333333332,733987
M Manhas,1,1,149,7,136,19.0,733995
AA Bilakhia,12,14,159,6,127,15.5,392196
AA Bilakhia,22,26,137,3,8,1.0,392201
AA Bilakhia,1,5,134,3,33,4.333333333333333,392205
AA Bilakhia,16,8,145,7,124,18.0,392236
AA Bilakhia,10,20,140,3,20,1.6666666666666665,392237
AA Bilakhia,6,7,135,7,108,17.166666666666668,392239
AA Bilakhia,2,4,147,7,111,15.666666666666666,419141
AN Ghosh,0,1,91,6,76,12.333333333333334,392197
AN Ghosh,7,7,160,3,13,2.6666666666666665,392221
BAW Mendis,0,1,91,9,87,15.0,392197
BAW Mendis,1,1,149,11,145,19.666666666666668,419148
BAW Mendis,2,4,164,9,154,18.0,598042
DL Vettori,0,0,0,7,187,20.0,392189
DL Vettori,29,27,138,6,48,7.5,392198
DL Vettori,1,2,106,8,90,17.166666666666668,392226
DL Vettori,4,2,131,9,111,18.0,392232
DL Vettori,19,17,176,7,121,14.666666666666666,419140
DL Vettori,12,6,158,9,141,17.833333333333332,419144
DL Vettori,2,4,93,6,42,7.666666666666667,419149
DL Vettori,3,6,132,9,112,17.166666666666668,501208
DL Vettori,2,2,153,9,137,18.5,501211
DL Vettori,18,19,143,7,98,12.666666666666666,501227
DL Vettori,0,1,141,7,67,10.166666666666666,501271
DL Vettori,3,4,151,7,82,12.5,548310
DL Vettori,20,12,113,7,33,9.333333333333334,548315
DL Vettori,1,1,189,8,182,19.5,548318
DL Vettori,1,2,133,7,98,14.333333333333334,548324
DL Vettori,2,3,158,7,150,18.666666666666668,548331
DL Vettori,4,4,138,7,107,17.5,548344
MN van Wyk,43,35,130,5,48,8.666666666666666,392199
MN van Wyk,32,35,131,4,8,2.5,392203
MN van Wyk,18,12,146,5,100,16.166666666666668,392207
MN van Wyk,70,47,146,1,0,0.16666666666666666,392211
MN van Wyk,0,2,115,4,6,1.1666666666666667,392219
RE van der Merwe,9,9,134,6,99,16.166666666666668,392199
RE van der Merwe,35,19,139,8,80,13.333333333333334,392204
RE van der Merwe,15,16,99,7,47,11.0,392213
RE van der Merwe,3,4,127,7,67,12.166666666666666,392218
RE van der Merwe,3,6,124,7,88,15.333333333333334,392224
RE van der Merwe,23,18,168,3,7,2.1666666666666665,392236
RE van der Merwe,2,5,137,3,17,1.8333333333333335,392238
RE van der Merwe,32,21,127,3,17,3.6666666666666665,392239
RE van der Merwe,1,2,129,8,105,17.666666666666668,419109
RE van der Merwe,8,6,91,8,79,14.666666666666666,501201
RE van der Merwe,2,3,142,8,132,19.166666666666668,501204
RE van der Merwe,2,4,141,8,133,18.833333333333332,501233
RE van der Merwe,2,3,133,8,128,19.166666666666668,501238
RE van der Merwe,8,9,113,3,4,0.8333333333333334,598059
RE van der Merwe,14,16,126,7,60,9.833333333333334,598062
TL Suman,23,14,137,5,47,9.166666666666666,392201
TL Suman,41,30,134,5,54,10.0,392205
TL Suman,17,17,93,6,69,8.5,392209
TL Suman,20,13,136,3,5,2.0,392212
TL Suman,27,17,159,3,28,3.8333333333333335,392216
TL Suman,29,19,164,1,0,0.16666666666666666,392220
TL Suman,3,7,153,1,0,0.16666666666666666,392223
TL Suman,31,24,155,3,66,9.5,392228
TL Suman,0,1,124,3,34,4.5,392229
TL Suman,12,12,145,3,60,7.0,392236
TL Suman,24,25,140,4,78,8.166666666666666,392237
TL Suman,10,11,135,3,0,0.6666666666666666,392239
TL Suman,7,8,138,7,118,16.5,419106
TL Suman,10,4,174,6,146,18.333333333333332,419110
TL Suman,26,22,169,7,111,11.833333333333334,419117
TL Suman,29,19,168,6,100,13.5,419120
TL Suman,9,15,137,6,66,8.333333333333334,419126
TL Suman,15,17,120,6,41,6.166666666666667,419130
TL Suman,15,11,150,6,119,15.666666666666666,419135
TL Suman,11,16,107,7,76,12.0,419138
TL Suman,78,57,178,3,11,2.3333333333333335,419145
TL Suman,55,44,131,3,28,4.333333333333333,419147
TL Suman,0,1,141,3,1,0.8333333333333334,419151
TL Suman,43,31,165,3,13,1.6666666666666665,419156
TL Suman,5,6,142,3,11,1.8333333333333335,419160
TL Suman,4,4,96,3,18,5.333333333333333,419163
TL Suman,0,0,0,7,153,20.0,501237
TL Suman,36,16,144,5,62,11.166666666666666,501241
TL Suman,4,5,82,6,42,7.833333333333333,501251
TL Suman,14,13,107,6,41,11.5,501256
TL Suman,5,6,128,1,0,0.16666666666666666,501263
TL Suman,4,4,162,1,0,0.16666666666666666,501267
TL Suman,2,7,144,7,120,15.833333333333334,501269
TL Suman,5,9,138,1,0,0.16666666666666666,548314
TL Suman,10,10,191,2,0,0.16666666666666666,548317
TL Suman,6,14,96,3,1,1.1666666666666667,598003
TL Suman,23,15,137,5,11,2.6666666666666665,598011
TL Suman,12,14,108,3,38,4.5,598018
TL Suman,0,1,120,3,23,3.0,598038
TL Suman,11,14,164,3,19,3.0,598042
Shoaib Ahmed,0,3,137,8,129,18.166666666666668,392201
Shoaib Ahmed,1,2,93,10,92,14.0,392209
Shoaib Ahmed,0,1,153,11,153,19.666666666666668,392223
GR Napier,15,16,134,6,63,11.833333333333334,392203
KP Appanna,0,1,139,11,131,19.5,392204
KP Appanna,1,2,141,11,139,19.666666666666668,419140
KP Appanna,1,1,125,11,124,19.833333333333332,419151
LA Carseldine,39,31,135,3,0,0.5,392205
LA Carseldine,15,8,200,5,158,17.166666666666668,392210
LA Carseldine,9,8,104,3,27,5.833333333333333,392213
LA Carseldine,9,8,132,6,89,14.333333333333334,392217
LA Carseldine,8,11,109,3,5,1.3333333333333333,392220
NV Ojha,0,6,135,4,0,0.8333333333333334,392205
NV Ojha,68,51,200,1,0,0.16666666666666666,392210
NV Ojha,52,38,104,2,0,0.16666666666666666,392213
NV Ojha,0,2,132,2,0,0.16666666666666666,392217
NV Ojha,16,14,109,4,17,4.166666666666667,392220
NV Ojha,1,4,138,6,134,19.0,392225
NV Ojha,9,17,122,3,5,2.0,392230
NV Ojha,22,12,96,1,0,0.16666666666666666,392233
NV Ojha,12,12,203,3,0,0.5,419107
NV Ojha,24,14,136,3,13,1.5,419111
NV Ojha,16,18,85,1,0,0.16666666666666666,419115
NV Ojha,27,18,160,2,0,0.16666666666666666,419118
NV Ojha,13,9,173,2,0,0.16666666666666666,419124
NV Ojha,14,17,140,2,0,0.16666666666666666,419126
NV Ojha,80,49,174,2,0,0.16666666666666666,419129
NV Ojha,27,14,118,2,0,0.16666666666666666,419134
NV Ojha,93,54,207,2,0,0.16666666666666666,419137
NV Ojha,1,5,147,2,0,0.16666666666666666,419141
NV Ojha,44,37,147,2,0,0.16666666666666666,419143
NV Ojha,0,5,129,2,0,0.16666666666666666,419150
NV Ojha,7,9,118,2,0,0.16666666666666666,419154
NV Ojha,18,22,129,2,0,0.16666666666666666,419158
NV Ojha,29,30,91,5,26,4.833333333333333,501201
NV Ojha,0,2,142,5,32,7.333333333333333,501204
NV Ojha,11,9,180,4,90,10.0,501213
NV Ojha,2,4,139,3,28,4.0,501216
NV Ojha,19,8,215,6,173,17.166666666666668,501223
NV Ojha,16,11,147,6,108,15.333333333333334,501227
NV Ojha,1,2,124,7,79,14.5,501230
NV Ojha,0,3,141,3,3,1.3333333333333333,501233
NV Ojha,13,14,133,3,21,2.6666666666666665,501238
NV Ojha,7,10,169,3,0,0.5,501243
NV Ojha,1,7,132,4,4,1.3333333333333333,501246
NV Ojha,25,14,144,1,0,0.16666666666666666,501253
NV Ojha,28,28,129,1,0,0.16666666666666666,501257
NV Ojha,8,19,51,1,0,0.16666666666666666,501265
NV Ojha,33,26,133,3,13,1.0,548310
NV Ojha,14,12,110,1,0,0.16666666666666666,548316
NV Ojha,1,4,158,1,0,0.16666666666666666,548321
NV Ojha,13,15,82,1,0,0.16666666666666666,548325
NV Ojha,60,45,169,3,4,0.5,548329
NV Ojha,11,6,167,8,138,17.5,548333
NV Ojha,5,4,198,7,186,18.5,548342
NV Ojha,11,11,144,6,101,14.666666666666666,548345
NV Ojha,11,3,135,6,122,14.833333333333334,548349
NV Ojha,2,6,139,7,117,17.166666666666668,548357
NV Ojha,3,11,107,3,5,1.0,548364
NV Ojha,34,29,138,6,36,5.833333333333333,548369
NV Ojha,13,12,187,6,105,11.666666666666666,548372
NV Ojha,5,6,136,6,126,17.0,548374
NV Ojha,28,28,130,3,17,2.1666666666666665,548378
NV Ojha,7,5,125,6,97,11.833333333333334,548380
NV Ojha,9,9,123,5,56,9.0,597998
NV Ojha,0,1,149,8,149,20.0,598001
NV Ojha,10,4,154,6,143,19.166666666666668,729317
NV Ojha,15,11,145,6,108,16.166666666666668,733977
NV Ojha,17,19,122,4,53,6.666666666666667,733989
NV Ojha,13,3,33,4,14,3.5,733993
NV Ojha,7,3,151,5,128,19.0,734001
NV Ojha,73,35,179,3,54,8.333333333333334,734007
NV Ojha,22,24,132,3,12,1.6666666666666665,734015
NV Ojha,24,20,154,3,96,12.666666666666666,734021
NV Ojha,19,18,184,3,112,11.5,734029
NV Ojha,26,23,139,3,4,0.6666666666666666,734037
NV Ojha,15,11,153,4,46,6.166666666666667,829711
NV Ojha,25,31,121,4,33,5.166666666666667,829727
NV Ojha,12,10,159,5,85,12.833333333333334,829731
NV Ojha,18,8,172,4,140,16.333333333333332,829743
NV Ojha,9,9,131,4,51,6.166666666666667,829751
NV Ojha,28,26,149,5,75,10.0,829759
NV Ojha,20,12,181,5,121,13.166666666666666,829773
NV Ojha,0,3,128,3,4,0.8333333333333334,829781
NV Ojha,8,6,186,6,167,17.833333333333332,829787
NV Ojha,2,3,179,5,135,15.5,829799
NV Ojha,0,1,107,6,46,9.5,829815
NV Ojha,0,4,171,4,80,8.833333333333334,980907
NV Ojha,37,28,134,6,45,9.833333333333334,980915
NV Ojha,2,2,141,7,134,17.166666666666668,980935
NV Ojha,18,21,110,7,27,8.333333333333334,980943
NV Ojha,1,3,185,5,152,17.0,980953
NV Ojha,9,6,123,7,103,17.5,980967
NV Ojha,7,5,132,7,109,18.0,980979
NV Ojha,7,9,130,7,121,18.166666666666668,980983
NV Ojha,16,14,155,7,115,15.5,981003
NV Ojha,15,25,138,3,28,3.6666666666666665,981009
NV Ojha,7,9,156,7,122,16.333333333333332,981015
NV Ojha,10,8,161,7,82,12.666666666666666,981017
NV Ojha,7,4,194,7,142,16.5,981019
NV Ojha,9,9,146,6,114,15.833333333333334,1082600
NV Ojha,11,11,148,7,107,15.333333333333334,1082604
NV Ojha,34,20,148,5,44,9.5,1082609
NV Ojha,9,9,134,6,95,14.166666666666666,1082634
NV Ojha,16,16,121,6,96,15.666666666666666,1082648
NV Ojha,1,4,160,5,124,15.333333333333334,1136596
SM Harwood,3,7,135,9,126,18.166666666666668,392205
SM Harwood,5,6,132,9,107,17.5,392217
M Vijay,14,13,154,1,0,0.16666666666666666,392206
M Vijay,31,33,168,1,0,0.16666666666666666,392209
M Vijay,10,12,131,1,0,0.16666666666666666,392217
M Vijay,5,9,125,1,0,0.16666666666666666,392224
M Vijay,3,6,156,1,0,0.16666666666666666,419110
M Vijay,33,26,161,1,0,0.16666666666666666,419113
M Vijay,14,6,180,7,159,18.0,419116
M Vijay,0,3,123,4,87,12.666666666666666,419121
M Vijay,3,7,124,5,51,9.833333333333334,419123
M Vijay,42,28,154,1,0,0.16666666666666666,419129
M Vijay,78,39,144,1,0,0.16666666666666666,419133
M Vijay,127,56,240,1,0,0.16666666666666666,419137
M Vijay,14,17,147,1,0,0.16666666666666666,419142
M Vijay,23,13,130,1,0,0.16666666666666666,419147
M Vijay,50,40,128,1,0,0.16666666666666666,419153
M Vijay,17,11,103,1,0,0.16666666666666666,419155
M Vijay,13,11,184,1,0,0.16666666666666666,419159
M Vijay,15,10,126,1,0,0.16666666666666666,419163
M Vijay,26,19,157,1,0,0.16666666666666666,419165
M Vijay,4,4,150,2,0,0.16666666666666666,501198
M Vijay,74,43,182,2,0,0.16666666666666666,501206
M Vijay,31,21,179,2,0,0.16666666666666666,501211
M Vijay,28,18,128,2,0,0.16666666666666666,501215
M Vijay,12,9,145,2,0,0.16666666666666666,501221
M Vijay,31,29,138,1,0,0.16666666666666666,501226
M Vijay,31,31,137,2,0,0.16666666666666666,501228
M Vijay,3,14,156,1,0,0.16666666666666666,501236
M Vijay,5,6,145,2,0,0.16666666666666666,501240
M Vijay,5,14,108,2,0,0.16666666666666666,501245
M Vijay,53,40,188,2,0,0.16666666666666666,501249
M Vijay,35,33,170,2,0,0.16666666666666666,501253
M Vijay,16,11,148,2,0,0.16666666666666666,501261
M Vijay,6,9,118,2,0,0.16666666666666666,501266
M Vijay,5,5,168,2,0,0.16666666666666666,501268
M Vijay,95,52,196,2,0,0.16666666666666666,501271
M Vijay,10,17,100,2,0,0.16666666666666666,548306
M Vijay,2,5,182,1,0,0.16666666666666666,548311
M Vijay,0,0,0,2,0,0.16666666666666666,548316
M Vijay,11,15,198,1,0,0.16666666666666666,548318
M Vijay,8,11,147,2,0,0.16666666666666666,548322
M Vijay,14,11,151,2,0,0.16666666666666666,548352
M Vijay,41,29,164,1,0,0.16666666666666666,548355
M Vijay,0,5,114,2,0,0.16666666666666666,548361
M Vijay,48,40,114,2,0,0.16666666666666666,548364
M Vijay,36,25,155,2,0,0.16666666666666666,548368
M Vijay,10,14,116,1,0,0.16666666666666666,548371
M Vijay,1,5,182,1,0,0.16666666666666666,548379
M Vijay,113,58,216,1,0,0.16666666666666666,548380
M Vijay,42,30,183,2,0,0.16666666666666666,548381
M Vijay,5,8,132,2,0,0.16666666666666666,598002
M Vijay,50,50,136,1,0,0.16666666666666666,598007
M Vijay,2,5,156,2,0,0.16666666666666666,598012
M Vijay,24,22,133,2,0,0.16666666666666666,598015
M Vijay,18,13,160,2,0,0.16666666666666666,598020
M Vijay,2,5,118,3,22,4.666666666666667,598022
M Vijay,3,5,179,1,0,0.16666666666666666,598026
M Vijay,18,22,154,2,0,0.16666666666666666,598030
M Vijay,2,4,70,2,0,0.16666666666666666,598046
M Vijay,29,20,208,2,0,0.16666666666666666,598051
M Vijay,55,50,133,2,0,0.16666666666666666,598058
M Vijay,31,23,158,2,0,0.16666666666666666,598062
M Vijay,32,19,80,2,0,0.16666666666666666,598068
M Vijay,23,20,191,2,0,0.16666666666666666,598070
M Vijay,18,20,116,2,0,0.16666666666666666,598073
M Vijay,18,20,135,2,0,0.16666666666666666,729281
M Vijay,0,2,156,1,0,0.16666666666666666,729289
M Vijay,11,12,82,2,0,0.16666666666666666,729293
M Vijay,52,40,173,2,0,0.16666666666666666,729301
M Vijay,40,35,117,2,0,0.16666666666666666,729309
M Vijay,13,11,148,2,0,0.16666666666666666,733975
M Vijay,35,30,167,2,0,0.16666666666666666,733981
M Vijay,24,20,152,2,0,0.16666666666666666,733985
M Vijay,1,3,157,1,0,0.16666666666666666,734005
M Vijay,5,8,159,1,0,0.16666666666666666,734019
M Vijay,8,12,151,1,0,0.16666666666666666,734031
M Vijay,37,32,127,2,0,0.16666666666666666,829709
M Vijay,35,29,171,1,0,0.16666666666666666,829717
M Vijay,19,18,157,1,0,0.16666666666666666,829725
M Vijay,0,4,142,1,0,0.16666666666666666,829733
M Vijay,21,18,186,1,0,0.16666666666666666,829741
M Vijay,34,32,87,1,0,0.16666666666666666,829753
M Vijay,12,16,123,1,0,0.16666666666666666,829759
M Vijay,39,34,137,1,0,0.16666666666666666,829775
M Vijay,2,6,79,1,0,0.16666666666666666,829785
M Vijay,28,21,174,1,0,0.16666666666666666,829791
M Vijay,24,18,173,1,0,0.16666666666666666,829799
M Vijay,42,34,154,1,0,0.16666666666666666,980905
M Vijay,1,5,107,1,0,0.16666666666666666,980913
M Vijay,53,49,151,1,0,0.16666666666666666,980919
M Vijay,26,22,131,1,0,0.16666666666666666,980925
M Vijay,2,3,138,1,0,0.16666666666666666,980935
M Vijay,19,13,155,1,0,0.16666666666666666,980941
M Vijay,55,41,150,1,0,0.16666666666666666,980955
M Vijay,6,11,145,1,0,0.16666666666666666,980963
M Vijay,25,16,173,1,0,0.16666666666666666,980971
M Vijay,89,57,169,2,0,0.16666666666666666,980977
M Vijay,54,52,116,1,0,0.16666666666666666,980985
M Vijay,6,12,176,2,0,0.16666666666666666,980991
M Vijay,16,8,114,1,0,0.16666666666666666,980999
M Vijay,59,41,168,2,0,0.16666666666666666,981005
M Vijay,12,10,180,2,0,0.16666666666666666,1136572
M Vijay,38,35,101,1,0,0.16666666666666666,1178419
M Vijay,26,26,126,4,11,3.8333333333333335,1181764
M Vijay,1,7,158,1,0,0.16666666666666666,1216492
M Vijay,21,21,194,1,0,0.16666666666666666,1216496
M Vijay,10,15,126,1,0,0.16666666666666666,1216539
SB Jakati,13,8,154,8,136,17.5,392206
SB Jakati,7,7,125,8,114,17.833333333333332,392224
SB Jakati,0,0,0,9,126,19.333333333333332,419147
SB Jakati,0,0,0,9,122,19.833333333333332,419163
SB Jakati,0,0,0,10,100,19.0,501266
SB Jakati,6,10,100,10,91,17.333333333333332,548306
SB Jakati,1,2,104,10,103,19.666666666666668,548316
SB Jakati,1,2,147,11,145,19.666666666666668,981013
DA Warner,51,40,141,2,0,0.16666666666666666,392206
DA Warner,36,23,149,2,0,0.16666666666666666,392211
DA Warner,21,30,112,2,0,0.16666666666666666,392215
DA Warner,36,23,112,2,0,0.16666666666666666,392219
DA Warner,4,6,159,2,0,0.16666666666666666,392223
DA Warner,15,9,157,2,0,0.16666666666666666,392235
DA Warner,0,1,141,2,0,0.16666666666666666,392237
DA Warner,6,8,171,1,0,0.16666666666666666,419116
DA Warner,57,33,157,1,0,0.16666666666666666,419120
DA Warner,33,14,175,1,0,0.16666666666666666,419128
DA Warner,101,68,167,1,0,0.16666666666666666,419131
DA Warner,4,8,175,1,0,0.16666666666666666,419134
DA Warner,33,21,176,1,0,0.16666666666666666,419140
DA Warner,0,5,158,1,0,0.16666666666666666,419144
DA Warner,6,11,93,1,0,0.16666666666666666,419149
DA Warner,31,15,135,1,0,0.16666666666666666,419152
DA Warner,0,2,100,2,0,0.16666666666666666,419155
DA Warner,5,4,128,1,0,0.16666666666666666,419160
DA Warner,1,3,91,1,0,0.16666666666666666,501201
DA Warner,54,44,142,1,0,0.16666666666666666,501204
DA Warner,46,28,180,1,0,0.16666666666666666,501213
DA Warner,51,48,139,1,0,0.16666666666666666,501216
DA Warner,77,48,215,1,0,0.16666666666666666,501223
DA Warner,7,11,147,1,0,0.16666666666666666,501227
DA Warner,2,6,124,1,0,0.16666666666666666,501230
DA Warner,3,7,141,1,0,0.16666666666666666,501233
DA Warner,13,14,133,1,0,0.16666666666666666,501238
DA Warner,1,2,132,2,0,0.16666666666666666,501246
DA Warner,21,25,144,2,0,0.16666666666666666,501253
DA Warner,29,29,129,2,0,0.16666666666666666,501257
DA Warner,19,10,51,2,0,0.16666666666666666,501265
DA Warner,105,53,169,2,0,0.16666666666666666,548329
DA Warner,21,19,139,1,0,0.16666666666666666,548357
DA Warner,8,9,107,1,0,0.16666666666666666,548364
DA Warner,14,8,138,1,0,0.16666666666666666,548369
DA Warner,15,9,187,2,0,0.16666666666666666,548372
DA Warner,79,44,136,2,0,0.16666666666666666,548374
DA Warner,7,6,130,1,0,0.16666666666666666,548378
DA Warner,3,7,125,2,0,0.16666666666666666,548380
DA Warner,21,19,123,2,0,0.16666666666666666,597998
DA Warner,77,56,149,1,0,0.16666666666666666,598001
DA Warner,61,37,155,2,0,0.16666666666666666,598006
DA Warner,0,4,103,1,0,0.16666666666666666,598010
DA Warner,15,13,146,1,0,0.16666666666666666,598017
DA Warner,1,4,79,1,0,0.16666666666666666,598020
DA Warner,7,5,161,3,149,16.0,598024
DA Warner,0,1,151,4,12,4.0,598028
DA Warner,51,25,150,4,57,10.166666666666666,598035
DA Warner,66,42,135,4,26,4.333333333333333,598040
DA Warner,8,15,74,4,28,7.333333333333333,598044
DA Warner,13,18,147,4,19,2.8333333333333335,598049
DA Warner,4,6,168,4,48,5.5,598054
DA Warner,40,36,113,4,21,3.5,598059
DA Warner,44,37,126,4,33,4.833333333333333,598062
DA Warner,2,5,118,2,0,0.16666666666666666,598067
DA Warner,32,35,118,3,2,1.0,729285
DA Warner,8,11,113,3,10,1.5,729295
DA Warner,58,45,179,3,52,6.5,729301
DA Warner,0,2,129,3,13,2.5,729311
DA Warner,65,50,154,4,34,5.166666666666667,729317
DA Warner,61,48,145,4,29,4.166666666666667,733977
DA Warner,6,7,122,5,65,9.166666666666666,733989
DA Warner,12,9,33,3,6,1.8333333333333335,733993
DA Warner,55,31,151,4,67,10.0,734001
DA Warner,44,23,179,4,72,11.5,734007
DA Warner,34,18,132,4,36,5.833333333333333,734015
DA Warner,59,46,154,2,0,0.16666666666666666,734021
DA Warner,90,44,184,1,0,0.16666666666666666,734029
DA Warner,4,2,139,1,0,0.16666666666666666,734037
DA Warner,53,42,153,1,0,0.16666666666666666,829711
DA Warner,57,27,149,1,0,0.16666666666666666,829719
DA Warner,21,14,121,1,0,0.16666666666666666,829727
DA Warner,28,20,159,1,0,0.16666666666666666,829731
DA Warner,91,55,172,2,0,0.16666666666666666,829743
DA Warner,9,7,131,2,0,0.16666666666666666,829751
DA Warner,58,41,149,1,0,0.16666666666666666,829759
DA Warner,55,27,181,1,0,0.16666666666666666,829773
DA Warner,4,3,128,1,0,0.16666666666666666,829781
DA Warner,24,18,186,2,0,0.16666666666666666,829787
DA Warner,17,15,159,2,0,0.16666666666666666,829793
DA Warner,80,51,179,1,0,0.16666666666666666,829799
DA Warner,51,31,123,1,0,0.16666666666666666,829807
DA Warner,6,5,107,1,0,0.16666666666666666,829815
DA Warner,58,25,171,1,0,0.16666666666666666,980907
DA Warner,13,11,134,1,0,0.16666666666666666,980915
DA Warner,90,59,140,1,0,0.16666666666666666,980923
DA Warner,74,48,127,1,0,0.16666666666666666,980929
DA Warner,59,31,141,1,0,0.16666666666666666,980935
DA Warner,0,4,110,1,0,0.16666666666666666,980943
DA Warner,88,49,185,1,0,0.16666666666666666,980953
DA Warner,24,17,123,1,0,0.16666666666666666,980967
DA Warner,48,33,172,1,0,0.16666666666666666,980973
DA Warner,11,14,132,1,0,0.16666666666666666,980979
DA Warner,46,30,130,1,0,0.16666666666666666,980983
DA Warner,52,41,165,1,0,0.16666666666666666,980991
DA Warner,73,56,155,1,0,0.16666666666666666,981003
DA Warner,18,16,138,2,0,0.16666666666666666,981009
DA Warner,28,28,156,1,0,0.16666666666666666,981015
DA Warner,93,58,161,1,0,0.16666666666666666,981017
DA Warner,69,38,194,1,0,0.16666666666666666,981019
DA Warner,14,7,200,1,0,0.16666666666666666,1082591
DA Warner,76,45,137,1,0,0.16666666666666666,1082596
DA Warner,49,34,146,2,0,0.16666666666666666,1082600
DA Warner,26,30,148,1,0,0.16666666666666666,1082604
DA Warner,70,54,148,1,0,0.16666666666666666,1082609
DA Warner,3,6,186,1,0,0.16666666666666666,1082611
DA Warner,37,39,162,1,0,0.16666666666666666,1082615
DA Warner,51,27,204,1,0,0.16666666666666666,1082623
DA Warner,126,59,201,1,0,0.16666666666666666,1082627
DA Warner,30,21,173,1,0,0.16666666666666666,1082630
DA Warner,40,34,134,1,0,0.16666666666666666,1082634
DA Warner,6,6,136,1,0,0.16666666666666666,1082638
DA Warner,69,52,154,1,0,0.16666666666666666,1082643
DA Warner,37,35,121,1,0,0.16666666666666666,1082648
DA Warner,85,53,173,1,0,0.16666666666666666,1175357
DA Warner,69,37,195,1,0,0.16666666666666666,1175363
DA Warner,100,55,229,2,0,0.16666666666666666,1175366
DA Warner,10,18,120,1,0,0.16666666666666666,1175371
DA Warner,15,13,90,1,0,0.16666666666666666,1178394
DA Warner,70,62,142,1,0,0.16666666666666666,1178397
DA Warner,51,47,110,1,0,0.16666666666666666,1178405
DA Warner,50,25,134,1,0,0.16666666666666666,1178408
DA Warner,67,38,155,1,0,0.16666666666666666,1178413
DA Warner,57,45,171,1,0,0.16666666666666666,1178416
DA Warner,37,32,151,1,0,0.16666666666666666,1178420
DA Warner,81,56,192,1,0,0.16666666666666666,1178423
DA Warner,85,58,143,1,0,0.16666666666666666,1216495
DA Warner,35,20,110,1,0,0.16666666666666666,1216498
DA Warner,8,5,115,1,0,0.16666666666666666,1216502
DA Warner,48,38,154,1,0,0.16666666666666666,1216507
DA Warner,47,33,153,4,69,8.833333333333334,1216512
DA Warner,28,29,152,1,0,0.16666666666666666,1216516
DA Warner,4,4,149,1,0,0.16666666666666666,1216518
DA Warner,66,34,208,1,0,0.16666666666666666,1216524
DA Warner,9,13,141,1,0,0.16666666666666666,1216528
DA Warner,45,33,155,1,0,0.16666666666666666,1216532
DA Warner,6,6,138,1,0,0.16666666666666666,1216534
DA Warner,60,44,159,1,0,0.16666666666666666,1216538
DA Warner,51,39,189,1,0,0.16666666666666666,1216542
DA Warner,36,30,135,1,0,0.16666666666666666,1216545
DA Warner,17,16,122,1,0,0.16666666666666666,1237178
DA Warner,2,3,166,2,0,0.16666666666666666,1237180
DA Warner,3,4,170,2,0,0.16666666666666666,1254060
DA Warner,54,37,127,2,0,0.16666666666666666,1254063
DA Warner,36,34,132,1,0,0.16666666666666666,1254066
DA Warner,37,37,116,1,0,0.16666666666666666,1254071
DA Warner,6,8,150,1,0,0.16666666666666666,1254077
DA Warner,57,55,163,1,0,0.16666666666666666,1254080
DA Warner,0,3,119,1,0,0.16666666666666666,1254105
DA Warner,2,3,113,1,0,0.16666666666666666,1254107
DA Warner,4,12,143,2,0,0.16666666666666666,1304061
DA Warner,61,44,198,2,0,0.16666666666666666,1304065
DA Warner,66,38,168,2,0,0.16666666666666666,1304073
DA Warner,60,30,113,2,0,0.16666666666666666,1304078
DA Warner,28,14,194,2,0,0.16666666666666666,1304080
DA Warner,42,26,138,2,0,0.16666666666666666,1304087
DA Warner,3,4,186,2,0,0.16666666666666666,1304091
DA Warner,92,58,194,2,0,0.16666666666666666,1304096
DA Warner,19,12,113,1,0,0.16666666666666666,1304101
DA Warner,52,41,154,2,0,0.16666666666666666,1304104
DA Warner,0,1,150,1,0,0.16666666666666666,1304110
DA Warner,5,6,145,2,0,0.16666666666666666,1304115
DA Warner,56,48,133,2,0,0.16666666666666666,1359477
DA Warner,37,32,147,1,0,0.16666666666666666,1359481
DA Warner,65,54,132,2,0,0.16666666666666666,1359485
DA Warner,51,47,154,1,0,0.16666666666666666,1359490
DA Warner,19,13,148,1,0,0.16666666666666666,1359494
DA Warner,57,41,118,1,0,0.16666666666666666,1359502
DA Warner,21,20,140,1,0,0.16666666666666666,1359508
DA Warner,0,2,184,1,0,0.16666666666666666,1359514
DA Warner,2,2,125,2,0,0.16666666666666666,1359518
DA Warner,22,14,176,1,0,0.16666666666666666,1359524
DA Warner,0,2,129,1,0,0.16666666666666666,1359529
DA Warner,54,27,132,1,0,0.16666666666666666,1359533
DA Warner,46,31,208,1,0,0.16666666666666666,1359538
DA Warner,86,58,135,2,0,0.16666666666666666,1359541
DA Warner,29,21,164,1,0,0.16666666666666666,1422120
DA Warner,49,34,168,1,0,0.16666666666666666,1422127
DA Warner,52,35,179,2,0,0.16666666666666666,1422131
DA Warner,18,13,150,1,0,0.16666666666666666,1422134
DA Warner,10,8,196,2,0,0.16666666666666666,1422138
DA Warner,8,9,162,2,0,0.16666666666666666,1426264
DA Warner,1,3,191,2,0,0.16666666666666666,1426273
DA Warner,1,2,134,1,0,0.16666666666666666,1426300
RJ Harris,1,4,93,8,76,10.833333333333334,392209
RJ Harris,5,4,136,8,128,19.333333333333332,392212
RJ Harris,2,2,124,8,108,18.5,392229
RJ Harris,4,3,145,8,125,18.333333333333332,392236
RJ Harris,9,5,135,8,126,19.333333333333332,392239
RJ Harris,13,10,107,8,78,12.666666666666666,419138
RJ Harris,1,2,147,8,128,17.333333333333332,419141
RJ Harris,13,9,141,7,121,17.666666666666668,419151
RJ Harris,15,8,96,8,74,15.5,419163
RJ Harris,3,10,78,8,74,15.333333333333334,419164
RJ Harris,1,1,193,8,187,19.333333333333332,501223
RJ Harris,1,2,124,9,119,19.0,501237
RJ Harris,16,24,114,9,65,11.166666666666666,501244
RJ Harris,4,4,115,8,106,18.166666666666668,501248
RJ Harris,6,4,141,8,126,18.333333333333332,501251
RJ Harris,2,2,161,7,147,18.833333333333332,501257
RJ Harris,0,1,112,9,99,15.833333333333334,501264
RJ Harris,3,5,122,9,110,17.666666666666668,548354
RJ Harris,15,6,133,9,115,18.666666666666668,548374
RJ Harris,0,2,130,9,126,17.5,598007
RJ Harris,2,3,113,9,86,16.166666666666668,598014
D du Preez,10,13,99,8,66,14.333333333333334,392213
M Morkel,8,8,109,8,82,13.833333333333334,392220
M Morkel,2,9,85,9,79,17.0,419115
M Morkel,7,7,147,9,127,16.833333333333332,419141
M Morkel,0,2,91,9,85,15.5,501201
M Morkel,8,3,139,9,131,19.666666666666668,501216
M Morkel,6,5,124,10,116,18.666666666666668,501230
M Morkel,6,8,132,10,121,18.333333333333332,501246
M Morkel,16,6,129,9,105,17.833333333333332,501257
M Morkel,2,3,133,9,127,19.166666666666668,548310
M Morkel,1,1,167,9,162,19.333333333333332,548333
M Morkel,0,0,0,8,132,19.5,548357
M Morkel,0,1,130,9,128,19.666666666666668,548378
M Morkel,23,9,155,9,124,16.666666666666668,598006
M Morkel,0,1,103,8,85,17.666666666666668,598010
M Morkel,2,4,79,9,69,14.0,598020
M Morkel,13,4,151,8,137,19.333333333333332,598028
M Morkel,19,10,168,8,122,16.666666666666668,598054
M Morkel,0,1,118,8,102,16.833333333333332,598067
M Morkel,4,3,99,11,94,17.666666666666668,729307
M Morkel,0,0,0,10,152,20.0,734043
M Morkel,4,3,164,11,158,19.333333333333332,829811
M Morkel,1,1,117,10,115,19.666666666666668,981001
M Morkel,0,0,0,10,131,20.0,981015
AD Mathews,16,13,160,5,86,13.5,392221
AD Mathews,64,45,145,6,23,5.333333333333333,419106
AD Mathews,6,13,101,6,44,6.5,419113
AD Mathews,0,0,0,6,127,19.5,419118
AD Mathews,3,3,140,4,137,19.5,419122
AD Mathews,19,11,162,6,112,16.166666666666668,419127
AD Mathews,24,18,125,6,46,8.333333333333334,419131
AD Mathews,4,4,167,6,133,17.166666666666668,419135
AD Mathews,17,11,187,4,146,15.833333333333334,419139
AD Mathews,46,28,174,5,105,13.333333333333334,419144
AD Mathews,1,2,149,5,94,12.5,419148
AD Mathews,48,48,119,6,17,4.333333333333333,419153
AD Mathews,11,9,103,5,26,5.833333333333333,548319
AD Mathews,10,7,175,6,158,18.0,548327
AD Mathews,27,22,135,7,90,13.5,548330
AD Mathews,6,2,173,5,167,19.833333333333332,548333
AD Mathews,35,27,133,6,49,7.833333333333333,548353
AD Mathews,11,12,115,6,75,13.166666666666666,548358
AD Mathews,4,10,134,6,71,8.666666666666666,548362
AD Mathews,23,19,120,7,56,10.333333333333334,548365
AD Mathews,8,6,102,7,81,16.0,598000
AD Mathews,4,4,96,6,32,9.166666666666666,598003
AD Mathews,1,1,138,5,121,17.166666666666668,598009
AD Mathews,19,18,137,6,35,5.5,598011
AD Mathews,20,24,108,5,57,8.666666666666666,598018
AD Mathews,32,19,164,6,77,11.0,598042
AD Mathews,18,15,167,5,119,15.5,598047
AD Mathews,40,28,102,5,35,7.333333333333333,598053
AD Mathews,0,2,108,5,82,13.166666666666666,598055
AD Mathews,30,22,163,5,88,12.166666666666666,598067
AD Mathews,27,14,175,5,131,16.666666666666668,829715
AD Mathews,5,3,157,5,149,18.5,829725
AD Mathews,15,11,158,5,124,16.166666666666668,829731
AD Mathews,28,21,133,6,85,14.0,829739
AD Mathews,17,8,181,4,150,16.833333333333332,829747
AD Mathews,0,1,87,5,33,6.5,829757
AD Mathews,22,15,151,6,93,14.0,829761
AD Mathews,16,17,160,5,60,9.0,829777
AD Mathews,12,10,148,6,76,11.5,829783
AD Mathews,1,3,181,6,135,14.5,829813
AD Mathews,1,4,165,6,110,15.166666666666666,1082608
AD Mathews,31,23,169,6,101,13.333333333333334,1082611
J Botha,2,3,138,7,135,19.333333333333332,392225
J Botha,36,30,122,4,6,2.5,392230
J Botha,8,6,96,5,27,3.6666666666666665,392233
J Botha,67,47,136,3,28,6.0,501199
J Botha,39,32,139,3,15,3.1666666666666665,501204
J Botha,12,12,140,6,114,16.833333333333332,501209
J Botha,14,7,109,3,69,10.833333333333334,501225
J Botha,45,39,93,3,17,4.666666666666667,501231
J Botha,12,18,132,3,23,4.5,501235
J Botha,8,6,139,4,87,12.5,501240
J Botha,14,17,128,6,66,10.0,501249
J Botha,19,20,134,4,71,10.0,501252
J Botha,2,3,166,6,132,14.333333333333334,548317
J Botha,6,7,121,7,105,18.333333333333332,548320
J Botha,14,9,191,6,130,15.5,548326
J Botha,14,8,171,6,129,16.166666666666668,548354
J Botha,12,20,114,6,54,10.5,548361
J Botha,7,3,167,6,159,19.5,548365
J Botha,3,4,118,7,101,17.5,548373
J Botha,7,6,123,6,76,12.166666666666666,597998
J Botha,2,3,149,6,142,18.833333333333332,598001
J Botha,9,14,103,5,24,4.833333333333333,598010
J Botha,1,7,74,8,64,15.0,598044
J Botha,1,2,113,7,81,14.166666666666666,598059
J Botha,23,20,126,3,0,0.5,598062
J Botha,17,5,159,8,141,19.166666666666668,829761
J Botha,12,6,160,7,106,15.166666666666666,829781
J Botha,2,4,177,7,132,15.166666666666666,829791
C Nanda,0,1,124,10,123,19.5,392225
SL Malinga,0,0,0,11,101,19.833333333333332,392215
SL Malinga,0,1,124,11,123,19.666666666666668,392225
SL Malinga,0,0,0,9,134,19.333333333333332,392235
SL Malinga,0,0,0,11,121,19.333333333333332,419119
SL Malinga,1,1,134,10,130,19.166666666666668,419165
SL Malinga,1,4,87,9,75,17.666666666666668,501231
SL Malinga,0,0,0,10,82,12.666666666666666,501251
SL Malinga,0,0,0,9,106,20.0,501256
SL Malinga,7,5,138,9,97,14.833333333333334,501270
SL Malinga,5,3,96,9,83,17.666666666666668,548308
SL Malinga,11,13,166,9,142,16.5,548342
SL Malinga,14,14,109,9,84,16.333333333333332,548351
SL Malinga,0,1,171,9,155,19.166666666666668,548355
SL Malinga,8,6,104,9,93,17.333333333333332,548370
SL Malinga,17,16,138,9,96,14.5,548379
SL Malinga,7,11,85,10,77,16.333333333333332,598019
SL Malinga,0,1,185,9,178,19.5,598033
SL Malinga,1,1,159,9,157,19.666666666666668,598063
SL Malinga,1,1,124,10,122,18.5,598066
SL Malinga,0,2,139,9,134,17.666666666666668,598070
SL Malinga,0,2,143,10,130,19.333333333333332,598073
SL Malinga,2,4,103,9,91,17.5,729287
SL Malinga,6,10,142,10,127,16.833333333333332,829747
SL Malinga,0,1,152,11,149,19.666666666666668,1082625
SL Malinga,7,2,133,11,125,19.666666666666668,1082647
Mashrafe Mortaza,2,2,148,6,140,19.5,392228
A Singh,0,1,122,9,87,16.333333333333332,392230
A Singh,1,2,96,11,94,19.666666666666668,392233
A Singh,0,2,76,9,74,14.166666666666666,501214
A Singh,1,2,128,9,127,18.833333333333332,501249
A Singh,0,2,166,10,159,17.833333333333332,548317
GJ Bailey,30,27,168,2,0,0.16666666666666666,392231
GJ Bailey,15,12,109,1,0,0.16666666666666666,392234
GJ Bailey,18,27,124,3,2,1.1666666666666667,419123
GJ Bailey,17,10,200,6,161,15.833333333333334,729283
GJ Bailey,10,8,184,5,148,15.666666666666666,729295
GJ Bailey,11,15,127,6,70,9.833333333333334,729307
GJ Bailey,15,15,114,6,74,12.5,729313
GJ Bailey,15,14,155,5,84,12.0,733973
GJ Bailey,40,13,221,5,165,16.166666666666668,733987
GJ Bailey,1,7,183,5,81,9.0,733991
GJ Bailey,12,11,145,6,109,14.666666666666666,733997
GJ Bailey,35,19,207,6,156,13.333333333333334,734007
GJ Bailey,6,7,150,7,112,15.166666666666666,734019
GJ Bailey,39,30,148,5,85,10.833333333333334,734025
GJ Bailey,24,17,163,6,114,14.833333333333334,734033
GJ Bailey,1,1,104,5,97,13.5,734039
GJ Bailey,26,17,130,7,77,12.5,734043
GJ Bailey,1,2,215,5,200,18.333333333333332,734047
GJ Bailey,1,2,191,3,22,3.8333333333333335,734049
GJ Bailey,24,18,127,7,87,13.333333333333334,829709
GJ Bailey,61,32,171,5,85,10.5,829717
GJ Bailey,19,11,157,6,124,16.166666666666668,829725
GJ Bailey,60,45,142,5,26,4.5,829733
GJ Bailey,1,3,87,4,34,5.333333333333333,829753
GJ Bailey,22,16,123,4,10,3.3333333333333335,829759
GJ Bailey,18,16,110,6,10,3.6666666666666665,829767
GJ Bailey,21,18,137,5,77,12.0,829775
GJ Bailey,2,4,79,6,25,5.833333333333333,829785
GJ Bailey,0,0,0,7,160,19.666666666666668,829791
GJ Bailey,6,11,173,6,63,9.166666666666666,829799
GJ Bailey,13,9,102,5,52,4.833333333333333,829803
GJ Bailey,12,7,121,3,16,2.5,829809
GJ Bailey,0,2,184,6,165,18.166666666666668,980969
GJ Bailey,34,40,130,3,0,0.6666666666666666,980979
GJ Bailey,33,27,97,3,17,2.8333333333333335,980989
GJ Bailey,8,17,69,3,28,3.8333333333333335,980997
GJ Bailey,9,11,165,3,33,4.833333333333333,981005
AB McDonald,3,4,131,6,65,10.666666666666666,392232
AB McDonald,18,12,175,6,131,16.333333333333332,419128
AB McDonald,14,9,175,7,139,17.0,419134
AB McDonald,33,31,135,7,83,11.0,419152
AB McDonald,8,7,144,7,113,17.333333333333332,501253
AB McDonald,30,19,151,1,0,0.16666666666666666,548310
AB McDonald,8,6,158,6,148,18.166666666666668,548331
AB McDonald,9,10,152,5,131,16.833333333333332,548350
AB McDonald,0,2,148,5,126,16.166666666666668,598017
Y Nagar,20,20,131,7,70,11.666666666666666,392232
Y Nagar,1,6,157,7,131,16.5,419120
Y Nagar,23,11,139,8,100,16.333333333333332,501216
Y Nagar,11,9,215,3,136,11.833333333333334,501223
Y Nagar,0,2,147,8,140,19.333333333333332,501227
Y Nagar,19,12,124,8,81,15.0,501230
Y Nagar,22,30,141,5,29,6.5,501233
Y Nagar,18,23,133,4,41,6.166666666666667,501238
Y Nagar,7,3,169,8,158,18.0,501243
Y Nagar,0,1,132,8,119,17.0,501246
Y Nagar,1,2,144,8,136,19.5,501253
Y Nagar,10,7,129,8,87,15.333333333333334,501257
Y Nagar,16,15,133,6,74,11.833333333333334,548310
Y Nagar,23,15,158,7,110,14.833333333333334,548321
Y Nagar,24,19,167,7,122,14.166666666666666,548333
Y Nagar,0,1,198,6,186,18.333333333333332,548342
Y Nagar,27,20,144,5,96,13.333333333333334,548345
Y Nagar,9,9,135,5,100,12.0,548349
Y Nagar,10,7,139,6,92,14.5,548357
Y Nagar,44,47,107,6,23,5.5,548364
SS Shaikh,6,7,97,7,36,9.333333333333334,392233
R Ashwin,8,15,109,8,93,14.833333333333334,392234
R Ashwin,0,1,156,8,107,15.166666666666666,419110
R Ashwin,2,5,123,8,116,19.0,419121
R Ashwin,11,10,124,8,98,16.166666666666668,419123
R Ashwin,5,6,130,7,115,17.166666666666668,419147
R Ashwin,6,13,103,8,50,10.166666666666666,419155
R Ashwin,6,5,126,8,106,18.5,419163
R Ashwin,0,2,145,8,125,17.5,501221
R Ashwin,2,4,118,9,90,18.0,501266
R Ashwin,3,5,100,9,87,16.333333333333332,548306
R Ashwin,8,5,104,9,95,18.833333333333332,548316
R Ashwin,7,3,143,10,135,19.333333333333332,548343
R Ashwin,0,1,164,9,164,20.0,548355
R Ashwin,0,1,116,9,116,20.0,548371
R Ashwin,2,5,132,8,94,15.5,598002
R Ashwin,11,5,133,10,122,19.333333333333332,598015
R Ashwin,11,13,118,2,0,0.16666666666666666,598022
R Ashwin,2,8,70,6,18,4.166666666666667,598046
R Ashwin,9,18,116,10,53,11.666666666666666,598073
R Ashwin,1,1,171,8,157,19.166666666666668,729293
R Ashwin,9,13,127,8,95,15.0,729297
R Ashwin,11,4,183,8,164,19.0,733987
R Ashwin,0,0,0,8,137,19.166666666666668,733995
R Ashwin,14,16,141,5,72,10.166666666666666,734003
R Ashwin,10,11,182,8,130,13.0,734047
R Ashwin,12,8,136,8,107,16.833333333333332,829707
R Ashwin,5,3,171,8,149,17.666666666666668,829745
R Ashwin,9,4,122,8,112,19.0,829765
R Ashwin,23,12,154,9,119,15.833333333333334,829817
R Ashwin,1,1,133,9,132,19.833333333333332,829821
R Ashwin,2,4,153,9,126,17.833333333333332,829823
R Ashwin,1,2,141,8,138,19.5,980919
R Ashwin,0,1,165,8,157,18.666666666666668,980931
R Ashwin,10,5,184,8,167,19.0,980969
R Ashwin,29,25,130,4,18,4.166666666666667,980979
R Ashwin,0,4,97,8,96,16.5,980989
R Ashwin,1,1,165,8,137,18.333333333333332,981005
R Ashwin,33,21,149,8,107,13.833333333333334,1136568
R Ashwin,14,11,196,7,156,15.666666666666666,1136572
R Ashwin,6,7,129,7,112,16.333333333333332,1136582
R Ashwin,4,6,117,7,88,14.5,1136585
R Ashwin,0,0,0,8,154,20.0,1136594
R Ashwin,0,2,136,3,13,2.3333333333333335,1136600
R Ashwin,45,22,207,7,116,12.166666666666666,1136604
R Ashwin,0,1,83,8,74,12.0,1136608
R Ashwin,0,1,142,8,107,16.666666666666668,1136616
R Ashwin,3,4,157,8,137,17.666666666666668,1175368
R Ashwin,17,4,170,7,153,19.166666666666668,1178407
R Ashwin,16,14,158,7,106,13.166666666666666,1178412
R Ashwin,6,2,181,7,172,19.166666666666668,1178417
R Ashwin,0,1,159,6,101,13.0,1178423
R Ashwin,0,3,180,7,148,17.666666666666668,1178427
R Ashwin,4,6,147,8,90,16.333333333333332,1216493
R Ashwin,14,13,129,9,106,16.0,1216497
R Ashwin,0,1,166,10,165,19.833333333333332,1216500
R Ashwin,7,5,122,9,94,16.166666666666668,1216524
R Ashwin,12,9,105,8,69,14.166666666666666,1216535
R Ashwin,0,0,0,8,145,19.833333333333332,1216543
R Ashwin,7,4,142,9,124,18.5,1254064
R Ashwin,9,8,121,8,88,16.0,1254092
R Ashwin,6,6,145,8,135,18.666666666666668,1254097
R Ashwin,2,3,131,6,89,13.0,1254110
R Ashwin,20,21,126,8,89,13.333333333333334,1254112
R Ashwin,1,1,182,7,173,19.0,1304055
R Ashwin,28,23,156,6,62,10.0,1304066
R Ashwin,8,8,152,3,28,2.1666666666666665,1304070
R Ashwin,2,2,200,7,182,19.0,1304076
R Ashwin,17,9,141,3,10,1.8333333333333335,1304085
R Ashwin,21,9,145,7,119,17.333333333333332,1304090
R Ashwin,5,4,142,7,110,17.333333333333332,1304093
R Ashwin,50,38,154,3,9,3.166666666666667,1304104
R Ashwin,10,7,170,7,142,17.333333333333332,1304109
R Ashwin,40,23,135,5,65,11.5,1304114
R Ashwin,2,1,176,7,174,20.166666666666668,1312197
R Ashwin,6,9,128,6,77,12.333333333333334,1312200
R Ashwin,1,2,195,7,183,18.666666666666668,1359478
R Ashwin,0,4,182,2,0,0.16666666666666666,1359482
R Ashwin,30,22,165,5,82,9.0,1359491
R Ashwin,10,3,176,8,158,18.5,1359497
R Ashwin,3,2,128,8,125,19.833333333333332,1359500
R Ashwin,12,6,171,7,144,18.166666666666668,1359506
R Ashwin,1,1,191,7,183,19.833333333333332,1359511
R Ashwin,8,5,181,8,141,17.333333333333332,1359516
R Ashwin,2,6,110,5,58,7.0,1359522
R Ashwin,0,0,0,8,28,7.166666666666667,1359534
R Ashwin,29,19,178,5,34,7.5,1422127
R Ashwin,16,16,113,5,38,6.666666666666667,1422132
R Ashwin,8,11,208,6,92,8.833333333333334,1426269
R Ashwin,2,2,186,8,168,18.333333333333332,1426288
R Ashwin,2,3,186,8,166,17.333333333333332,1426294
R Ashwin,1,1,136,7,126,19.5,1426299
R Ashwin,28,19,142,5,42,7.5,1426303
R Ashwin,0,0,0,8,154,18.166666666666668,1426310
R Ashwin,0,3,134,6,76,11.333333333333334,1426311
Mohammad Ashraful,2,10,141,4,18,2.6666666666666665,392235
CA Pujara,10,16,145,4,0,0.8333333333333334,419106
CA Pujara,5,15,130,4,106,14.166666666666666,419109
CA Pujara,29,25,129,3,17,3.1666666666666665,419118
CA Pujara,17,13,167,3,14,2.5,419135
CA Pujara,16,8,149,7,125,16.666666666666668,419148
CA Pujara,45,38,126,4,19,3.166666666666667,419158
CA Pujara,25,15,132,7,52,11.333333333333334,501208
CA Pujara,2,4,153,7,107,15.166666666666666,501211
CA Pujara,7,12,143,6,87,9.333333333333334,501227
CA Pujara,11,12,151,2,0,0.16666666666666666,548310
CA Pujara,6,9,113,1,0,0.16666666666666666,548315
CA Pujara,0,1,189,7,182,19.333333333333332,548318
CA Pujara,19,20,160,1,0,0.16666666666666666,598045
CA Pujara,17,17,178,1,0,0.16666666666666666,598054
CA Pujara,5,14,112,1,0,0.16666666666666666,598057
CA Pujara,51,48,178,1,0,0.16666666666666666,598064
CA Pujara,13,10,200,1,0,0.16666666666666666,729283
CA Pujara,40,38,184,1,0,0.16666666666666666,729291
CA Pujara,35,32,184,1,0,0.16666666666666666,729295
CA Pujara,8,7,127,1,0,0.16666666666666666,729307
CA Pujara,10,18,114,1,0,0.16666666666666666,729313
CA Pujara,19,18,155,1,0,0.16666666666666666,733973
OA Shah,58,46,145,5,23,5.166666666666667,419106
OA Shah,2,5,130,5,127,18.5,419109
OA Shah,5,4,101,5,32,5.166666666666667,419113
OA Shah,19,17,129,5,93,14.333333333333334,419118
OA Shah,31,23,140,3,60,11.166666666666666,419122
OA Shah,23,12,155,5,110,15.0,501254
OA Shah,3,3,132,6,107,18.166666666666668,501261
OA Shah,14,8,172,5,144,17.5,548309
OA Shah,23,11,160,6,123,16.333333333333332,548312
OA Shah,76,42,166,4,7,1.8333333333333335,548317
OA Shah,31,33,121,5,49,8.5,548320
OA Shah,60,26,189,3,62,10.5,548324
OA Shah,12,11,191,4,107,12.166666666666666,548326
OA Shah,52,43,132,3,35,4.833333333333333,548332
OA Shah,10,15,133,3,52,7.5,548336
OA Shah,1,1,147,4,137,19.166666666666668,548345
OA Shah,1,3,136,4,84,11.0,548349
OA Shah,4,7,126,5,105,13.833333333333334,548358
OA Shah,27,31,118,5,53,8.833333333333334,548373
OA Shah,28,24,142,5,79,11.5,548377
OA Shah,1,1,168,7,162,19.5,598036
OA Shah,24,22,124,6,76,12.5,598043
Anirudh Singh,14,14,138,6,106,14.333333333333334,419106
Anirudh Singh,0,1,169,6,101,11.0,419117
Anirudh Singh,9,12,147,5,78,10.333333333333334,419141
Anirudh Singh,40,39,78,3,4,0.8333333333333334,419164
Jaskaran Singh,0,0,0,10,122,20.166666666666668,392229
Jaskaran Singh,4,4,138,9,132,18.666666666666668,419106
Jaskaran Singh,3,3,169,9,160,19.0,419117
Jaskaran Singh,1,2,120,8,89,13.333333333333334,419130
Jaskaran Singh,0,2,107,10,105,17.5,419138
AP Tare,23,13,196,3,35,3.8333333333333335,419107
AP Tare,17,10,200,3,34,3.8333333333333335,419114
AP Tare,9,10,137,3,5,1.8333333333333335,419119
AP Tare,1,3,127,1,0,0.16666666666666666,419161
AP Tare,59,37,159,2,0,0.16666666666666666,598063
AP Tare,22,12,124,2,0,0.16666666666666666,598066
AP Tare,7,7,139,2,0,0.16666666666666666,598070
AP Tare,35,27,159,2,0,0.16666666666666666,598072
AP Tare,0,1,143,2,0,0.16666666666666666,598073
AP Tare,24,22,117,2,0,0.16666666666666666,729279
AP Tare,17,17,103,2,0,0.16666666666666666,729287
AP Tare,23,19,140,2,0,0.16666666666666666,729303
AP Tare,8,10,113,2,0,0.16666666666666666,729309
AP Tare,7,5,148,6,104,15.666666666666666,729317
AP Tare,16,6,164,7,121,16.833333333333332,733973
AP Tare,0,0,0,7,156,20.0,733983
AP Tare,9,5,152,7,125,18.333333333333332,733995
AP Tare,2,3,133,7,130,19.5,734009
AP Tare,14,8,164,6,133,14.833333333333334,734031
AP Tare,6,1,188,7,182,14.666666666666666,734041
AP Tare,0,1,171,7,161,18.833333333333332,734045
AP Tare,7,7,165,3,7,1.6666666666666665,829705
AP Tare,7,10,150,3,0,0.5,829717
AP Tare,0,1,141,3,87,10.0,980935
AP Tare,8,14,110,3,0,0.8333333333333334,980943
AP Tare,18,17,137,1,0,0.16666666666666666,1082595
AP Tare,0,5,197,1,0,0.16666666666666666,1082599
AP Tare,0,1,120,2,0,0.16666666666666666,1082614
AT Rayudu,55,33,196,5,64,6.666666666666667,419107
AT Rayudu,34,21,200,5,110,11.0,419114
AT Rayudu,3,4,137,5,61,9.666666666666666,419119
AT Rayudu,6,7,156,5,61,8.166666666666666,419130
AT Rayudu,9,12,147,5,82,11.833333333333334,419132
AT Rayudu,55,29,171,5,58,9.166666666666666,419138
AT Rayudu,3,4,122,4,57,9.166666666666666,419142
AT Rayudu,33,18,150,3,7,1.3333333333333333,419146
AT Rayudu,0,3,162,3,11,1.6666666666666665,419150
AT Rayudu,24,21,172,4,56,9.666666666666666,419152
AT Rayudu,46,27,176,3,31,6.166666666666667,419157
AT Rayudu,27,15,127,7,86,15.833333333333334,419161
AT Rayudu,38,36,169,4,23,3.8333333333333335,419162
AT Rayudu,21,14,134,5,65,12.166666666666666,419165
AT Rayudu,14,15,88,3,1,1.5,501201
AT Rayudu,62,49,139,3,31,4.5,501205
AT Rayudu,53,33,165,3,48,8.5,501210
AT Rayudu,37,40,114,3,7,1.8333333333333335,501218
AT Rayudu,27,29,150,3,4,2.3333333333333335,501221
AT Rayudu,7,8,167,3,47,5.333333333333333,501224
AT Rayudu,11,13,87,3,21,3.3333333333333335,501231
AT Rayudu,51,37,154,3,12,2.6666666666666665,501237
AT Rayudu,27,28,144,3,18,2.6666666666666665,501241
AT Rayudu,59,39,172,3,48,5.5,501246
AT Rayudu,13,19,82,5,26,4.333333333333333,501251
AT Rayudu,2,8,107,3,5,2.3333333333333335,501256
AT Rayudu,2,8,128,3,6,1.6666666666666665,501263
AT Rayudu,17,6,162,7,124,17.666666666666668,501267
AT Rayudu,12,16,144,4,80,8.5,501269
AT Rayudu,0,1,138,6,81,10.833333333333334,501270
AT Rayudu,18,18,109,4,65,8.666666666666666,548306
AT Rayudu,1,2,96,2,0,0.16666666666666666,548308
AT Rayudu,19,24,138,4,10,4.166666666666667,548314
AT Rayudu,47,32,191,4,57,7.0,548317
AT Rayudu,4,11,83,4,3,3.3333333333333335,548325
AT Rayudu,3,3,157,8,150,18.833333333333332,548334
AT Rayudu,34,17,161,6,86,13.833333333333334,548339
AT Rayudu,62,39,166,5,19,3.3333333333333335,548342
AT Rayudu,19,15,91,6,68,14.166666666666666,548346
AT Rayudu,1,3,109,6,79,13.666666666666666,548351
AT Rayudu,0,2,171,5,145,17.166666666666668,548355
AT Rayudu,22,17,134,5,34,8.666666666666666,548360
AT Rayudu,81,54,162,5,16,3.8333333333333335,548367
AT Rayudu,11,8,104,5,62,13.166666666666666,548370
AT Rayudu,11,7,138,6,72,10.333333333333334,548379
AT Rayudu,18,18,142,5,83,13.833333333333334,597999
AT Rayudu,7,10,139,5,38,6.333333333333333,598002
AT Rayudu,24,8,198,6,152,17.666666666666668,598006
AT Rayudu,27,29,85,6,26,8.0,598019
AT Rayudu,2,2,158,6,146,19.166666666666668,598024
AT Rayudu,13,8,158,6,128,17.166666666666668,598029
AT Rayudu,0,0,0,6,160,17.5,598033
AT Rayudu,33,26,121,6,75,13.0,598039
AT Rayudu,10,11,135,6,63,12.0,598046
AT Rayudu,0,0,0,6,130,18.0,598050
AT Rayudu,26,23,112,5,36,7.5,598055
AT Rayudu,2,5,171,5,90,12.166666666666666,598060
AT Rayudu,7,7,159,6,132,16.166666666666668,598063
AT Rayudu,26,22,124,3,0,0.6666666666666666,598066
AT Rayudu,15,13,139,6,97,12.166666666666666,598070
AT Rayudu,17,11,159,6,125,16.666666666666668,598072
AT Rayudu,37,36,143,5,14,3.5,598073
AT Rayudu,48,40,117,3,24,4.833333333333333,729279
AT Rayudu,35,37,103,3,18,4.166666666666667,729287
AT Rayudu,1,2,140,6,123,17.833333333333332,729303
AT Rayudu,14,21,113,4,13,3.6666666666666665,729309
AT Rayudu,35,27,148,4,7,2.8333333333333335,729317
AT Rayudu,8,5,164,3,5,1.0,733973
AT Rayudu,9,9,162,3,21,3.3333333333333335,733983
AT Rayudu,59,43,152,3,15,3.0,733995
AT Rayudu,68,46,157,3,2,1.5,734001
AT Rayudu,32,26,133,3,9,2.5,734009
AT Rayudu,17,14,149,3,61,7.166666666666667,734025
AT Rayudu,2,3,164,5,132,14.5,734031
AT Rayudu,30,10,188,6,103,9.5,734041
AT Rayudu,2,3,171,6,148,17.666666666666668,734045
AT Rayudu,0,2,165,4,35,5.166666666666667,829705
AT Rayudu,13,18,150,4,15,3.6666666666666665,829717
AT Rayudu,29,16,176,7,128,15.166666666666666,829729
AT Rayudu,0,1,192,6,172,18.5,829737
AT Rayudu,30,22,142,6,75,10.5,829747
AT Rayudu,7,7,147,6,103,14.0,829751
AT Rayudu,53,27,174,5,79,10.833333333333334,829769
AT Rayudu,4,1,167,5,162,19.666666666666668,829775
AT Rayudu,49,40,144,6,37,5.5,829783
AT Rayudu,34,19,157,5,85,12.166666666666666,829789
AT Rayudu,14,4,192,6,140,15.833333333333334,829795
AT Rayudu,2,3,159,4,41,6.0,829805
AT Rayudu,10,8,178,6,136,16.333333333333332,829817
AT Rayudu,36,24,196,5,118,12.333333333333334,829823
AT Rayudu,22,27,108,5,24,4.333333333333333,980901
AT Rayudu,20,18,133,6,54,10.333333333333334,980917
AT Rayudu,54,49,134,3,2,0.8333333333333334,980923
AT Rayudu,31,23,166,3,6,1.3333333333333333,980927
AT Rayudu,25,23,151,3,9,1.8333333333333335,980933
AT Rayudu,65,37,184,3,0,0.5,980941
AT Rayudu,32,20,173,3,8,1.3333333333333333,980947
AT Rayudu,22,19,155,3,38,4.166666666666667,980957
AT Rayudu,6,6,86,3,5,1.1666666666666667,980973
AT Rayudu,44,47,141,3,2,1.3333333333333333,980981
AT Rayudu,0,3,116,3,6,2.1666666666666665,980985
AT Rayudu,13,5,199,6,169,18.0,980993
AT Rayudu,10,12,176,5,61,7.0,1082592
AT Rayudu,63,37,156,4,55,8.5,1082644
AT Rayudu,0,3,133,4,39,5.333333333333333,1082647
AT Rayudu,6,11,103,3,7,1.6666666666666665,1082649
AT Rayudu,12,15,121,3,7,2.3333333333333335,1082650
AT Rayudu,22,19,162,2,0,0.16666666666666666,1136561
AT Rayudu,39,26,192,2,0,0.16666666666666666,1136565
AT Rayudu,49,35,180,3,12,2.1666666666666665,1136572
AT Rayudu,12,8,198,2,0,0.16666666666666666,1136577
AT Rayudu,79,37,178,4,30,7.333333333333333,1136580
AT Rayudu,82,52,196,2,0,0.16666666666666666,1136584
AT Rayudu,46,35,162,2,0,0.16666666666666666,1136587
AT Rayudu,41,24,203,4,99,11.333333333333334,1136590
AT Rayudu,21,17,170,4,90,10.5,1136593
AT Rayudu,32,25,121,2,0,0.16666666666666666,1136595
AT Rayudu,12,9,164,2,0,0.16666666666666666,1136603
AT Rayudu,100,62,179,2,0,0.16666666666666666,1136606
AT Rayudu,50,29,126,2,0,0.16666666666666666,1136612
AT Rayudu,1,3,150,1,0,0.16666666666666666,1136616
AT Rayudu,0,1,135,4,23,3.6666666666666665,1136617
AT Rayudu,16,19,175,4,129,13.666666666666666,1136620
AT Rayudu,28,42,65,2,0,0.16666666666666666,1175356
AT Rayudu,5,5,142,2,0,0.16666666666666666,1175360
AT Rayudu,1,8,166,1,0,0.16666666666666666,1175367
AT Rayudu,0,1,117,2,0,0.16666666666666666,1175370
AT Rayudu,21,15,155,5,97,13.833333333333334,1178393
AT Rayudu,21,30,102,4,34,5.166666666666667,1178398
AT Rayudu,57,47,145,4,5,2.0,1178400
AT Rayudu,5,11,160,4,44,5.666666666666667,1178404
AT Rayudu,25,21,125,4,78,10.5,1178408
AT Rayudu,29,29,142,4,6,1.1666666666666667,1178414
AT Rayudu,21,25,167,4,74,10.166666666666666,1178416
AT Rayudu,0,3,101,4,22,3.3333333333333335,1178419
AT Rayudu,5,2,166,6,141,18.666666666666668,1178425
AT Rayudu,1,2,168,5,161,18.833333333333332,1178430
AT Rayudu,42,36,126,5,31,6.166666666666667,1181764
AT Rayudu,20,20,140,4,103,12.5,1181767
AT Rayudu,1,4,139,4,67,9.5,1181768
AT Rayudu,67,47,158,4,5,2.1666666666666665,1216492
AT Rayudu,30,27,153,3,29,3.8333333333333335,1216501
AT Rayudu,30,30,140,3,73,10.0,1216506
AT Rayudu,45,24,175,4,86,11.833333333333334,1216509
AT Rayudu,8,9,146,3,3,2.6666666666666665,1216516
AT Rayudu,2,3,102,3,0,1.0,1216521
AT Rayudu,42,40,127,3,18,4.166666666666667,1216525
AT Rayudu,41,34,162,4,33,4.833333333333333,1216528
AT Rayudu,13,18,120,4,26,4.166666666666667,1216533
AT Rayudu,38,20,167,3,45,7.666666666666667,1216536
AT Rayudu,39,27,148,3,46,5.333333333333333,1216544
AT Rayudu,17,15,172,5,57,8.666666666666666,1254059
AT Rayudu,0,1,100,5,92,14.5,1254065
AT Rayudu,27,17,173,5,71,9.5,1254069
AT Rayudu,14,7,178,4,106,13.833333333333334,1254076
AT Rayudu,66,26,202,5,114,12.0,1254084
AT Rayudu,2,4,184,5,112,14.833333333333334,1254089
AT Rayudu,17,13,136,5,105,15.666666666666666,1254091
AT Rayudu,4,5,125,5,30,7.0,1254094
AT Rayudu,10,9,167,4,101,11.666666666666666,1254098
AT Rayudu,0,3,145,4,1,1.6666666666666665,1254104
AT Rayudu,55,43,121,5,46,7.833333333333333,1254110
AT Rayudu,31,21,151,4,69,9.333333333333334,1254113
AT Rayudu,1,3,169,5,114,14.166666666666666,1254114
AT Rayudu,15,17,119,4,25,4.333333333333333,1304047
AT Rayudu,27,20,196,5,100,10.333333333333334,1304053
AT Rayudu,13,21,119,4,14,2.5,1304057
AT Rayudu,27,27,149,4,36,5.333333333333333,1304063
AT Rayudu,45,30,163,4,28,5.666666666666667,1304075
AT Rayudu,40,35,148,4,14,2.6666666666666665,1304079
AT Rayudu,78,39,160,5,31,7.166666666666667,1304084
AT Rayudu,10,8,156,4,59,7.5,1304095
AT Rayudu,5,6,195,4,159,16.666666666666668,1304101
AT Rayudu,10,14,82,5,2,1.8333333333333335,1304105
AT Rayudu,3,6,145,5,87,8.833333333333334,1304114
AT Rayudu,12,12,170,5,68,7.833333333333333,1359475
AT Rayudu,27,14,200,6,151,15.666666666666666,1359480
AT Rayudu,20,16,149,5,118,14.5,1359486
AT Rayudu,1,2,162,6,97,14.0,1359491
AT Rayudu,14,6,217,5,168,15.833333333333334,1359498
AT Rayudu,9,9,136,4,108,14.833333333333334,1359503
AT Rayudu,0,2,168,5,72,10.5,1359511
AT Rayudu,12,11,135,4,76,9.166666666666666,1359523
AT Rayudu,23,17,152,6,71,11.333333333333334,1359529
AT Rayudu,4,7,137,4,61,8.166666666666666,1359535
AT Rayudu,17,9,167,5,118,15.0,1370350
AT Rayudu,19,8,166,5,112,11.0,1370353
R Sathish,6,5,196,6,170,17.166666666666668,419107
R Sathish,0,0,0,8,196,19.666666666666668,419114
R Sathish,24,22,137,7,65,10.666666666666666,419119
R Sathish,21,11,152,5,125,16.0,419122
R Sathish,5,9,163,4,80,9.666666666666666,419125
R Sathish,3,5,156,6,76,10.833333333333334,419130
R Sathish,17,9,147,7,117,17.166666666666668,419132
R Sathish,4,5,122,7,75,12.166666666666666,419142
R Sathish,20,17,150,6,70,9.833333333333334,419146
R Sathish,1,2,162,7,131,18.166666666666668,419150
R Sathish,11,11,127,5,76,13.0,419161
R Sathish,0,7,150,1,0,0.16666666666666666,501221
R Sathish,7,6,87,7,61,15.666666666666666,501231
R Sathish,18,21,138,8,87,13.0,501270
R Sathish,8,6,130,7,109,15.333333333333334,598007
R Sathish,10,11,113,6,41,8.833333333333334,598014
R Sathish,22,13,162,5,111,16.5,598028
R Sathish,0,1,168,7,165,19.5,598041
R Sathish,12,6,168,5,154,17.0,598045
R Sathish,4,3,136,7,129,19.166666666666668,598052
R Sathish,25,18,112,6,50,9.833333333333334,598056
R Sathish,27,18,182,6,63,10.0,598064
R Sathish,10,8,152,7,113,16.0,980939
R Sathish,6,7,144,6,83,11.5,980951
R Sathish,8,9,131,7,109,16.0,981015
R McLaren,11,5,196,8,177,18.5,419107
R McLaren,1,1,163,7,154,18.5,419125
R McLaren,13,15,156,8,84,13.333333333333334,419130
R McLaren,1,3,122,8,79,13.166666666666666,419142
R McLaren,0,1,150,9,149,19.666666666666668,419146
R McLaren,40,42,176,1,0,0.16666666666666666,419157
R McLaren,0,2,127,9,122,19.333333333333332,419161
R McLaren,51,43,101,7,29,6.166666666666667,501202
R McLaren,2,7,174,6,160,17.0,501220
R McLaren,28,32,114,7,48,7.833333333333333,501244
R McLaren,9,14,112,5,80,10.833333333333334,501264
R McLaren,2,3,148,8,129,18.166666666666668,598008
R McLaren,1,3,96,7,71,12.5,598050
AA Jhunjhunwala,14,11,203,4,38,5.333333333333333,419107
AA Jhunjhunwala,53,45,136,5,45,6.0,419111
AA Jhunjhunwala,5,7,85,4,27,6.5,419115
AA Jhunjhunwala,45,36,160,4,39,5.166666666666667,419118
AA Jhunjhunwala,0,0,0,7,169,20.0,419124
AA Jhunjhunwala,11,6,174,6,152,17.666666666666668,419129
AA Jhunjhunwala,2,5,118,4,1,1.0,419134
AA Jhunjhunwala,7,4,207,6,179,17.333333333333332,419137
AA Jhunjhunwala,11,8,147,6,96,12.833333333333334,419141
AA Jhunjhunwala,22,22,129,5,10,2.8333333333333335,419150
AA Jhunjhunwala,13,22,118,5,20,3.5,419154
AA Jhunjhunwala,10,15,129,4,17,3.8333333333333335,501241
AA Jhunjhunwala,0,2,108,6,105,15.833333333333334,501248
AA Jhunjhunwala,4,5,150,7,120,16.333333333333332,548321
AA Jhunjhunwala,1,1,146,7,144,19.833333333333332,548352
AA Jhunjhunwala,19,20,133,7,67,11.5,548359
P Dogra,41,29,203,6,66,9.5,419107
P Dogra,29,26,136,6,48,8.333333333333334,419111
P Dogra,3,9,85,6,70,14.333333333333334,419115
P Dogra,0,1,160,7,137,17.333333333333332,419118
P Dogra,1,1,173,6,161,19.333333333333332,419124
P Dogra,5,3,174,7,159,18.5,419129
P Dogra,20,25,118,7,65,8.5,419134
P Dogra,8,12,129,7,100,14.5,419158
P Dogra,6,11,127,5,69,12.166666666666666,548323
P Dogra,6,8,121,6,84,14.166666666666666,548328
P Dogra,3,5,159,7,150,18.833333333333332,548350
P Dogra,5,8,116,7,83,16.333333333333332,598069
A Uniyal,0,1,203,8,197,19.333333333333332,419107
A Uniyal,4,6,136,8,111,17.333333333333332,419111
MS Bisla,2,6,129,2,0,0.16666666666666666,419108
MS Bisla,71,50,186,2,0,0.16666666666666666,419112
MS Bisla,0,7,152,2,0,0.16666666666666666,419117
MS Bisla,7,9,132,7,107,16.5,419121
MS Bisla,35,18,144,3,40,4.166666666666667,419124
MS Bisla,22,24,138,3,0,0.5,419127
MS Bisla,11,10,142,3,5,1.5,419132
MS Bisla,28,26,169,2,0,0.16666666666666666,419136
MS Bisla,18,13,199,1,0,0.16666666666666666,419139
MS Bisla,20,14,144,1,0,0.16666666666666666,419143
MS Bisla,27,29,143,1,0,0.16666666666666666,501198
MS Bisla,19,21,153,2,0,0.16666666666666666,501203
MS Bisla,1,3,152,1,0,0.16666666666666666,501209
MS Bisla,9,22,70,2,0,0.16666666666666666,501214
MS Bisla,16,14,115,1,0,0.16666666666666666,501219
MS Bisla,46,29,159,3,57,6.5,548315
MS Bisla,29,29,125,3,21,4.166666666666667,548320
MS Bisla,27,25,123,3,13,2.1666666666666665,548323
MS Bisla,11,14,122,3,51,6.0,548328
MS Bisla,10,13,118,3,16,3.0,548335
MS Bisla,1,2,150,1,0,0.16666666666666666,548363
MS Bisla,89,48,182,1,0,0.16666666666666666,548381
MS Bisla,4,9,123,1,0,0.16666666666666666,597998
MS Bisla,1,4,114,1,0,0.16666666666666666,598005
MS Bisla,1,5,148,1,0,0.16666666666666666,598008
MS Bisla,28,24,172,1,0,0.16666666666666666,598013
MS Bisla,0,1,141,1,0,0.16666666666666666,598016
MS Bisla,51,44,138,1,0,0.16666666666666666,598031
MS Bisla,92,60,166,1,0,0.16666666666666666,598034
MS Bisla,4,7,129,1,0,0.16666666666666666,598040
MS Bisla,29,25,123,2,0,0.16666666666666666,598043
MS Bisla,17,19,96,1,0,0.16666666666666666,598050
MS Bisla,12,13,141,1,0,0.16666666666666666,598053
MS Bisla,0,2,111,1,0,0.16666666666666666,598057
MS Bisla,1,4,148,2,0,0.16666666666666666,598061
MS Bisla,15,18,116,1,0,0.16666666666666666,598069
MS Bisla,3,9,141,2,0,0.16666666666666666,729315
MS Bisla,20,16,175,2,0,0.16666666666666666,829737
MS Bisla,17,14,148,1,0,0.16666666666666666,829745
YA Abdulla,0,1,129,11,120,19.166666666666668,419108
EJG Morgan,10,7,129,5,19,5.833333333333333,419109
EJG Morgan,7,6,153,5,134,17.166666666666668,419119
EJG Morgan,1,4,157,6,96,15.833333333333334,419123
EJG Morgan,17,13,149,5,79,10.833333333333334,419128
EJG Morgan,6,6,143,5,105,15.5,501198
EJG Morgan,10,12,115,5,33,6.166666666666667,501219
EJG Morgan,6,6,157,5,126,17.5,501222
EJG Morgan,0,1,140,6,100,15.0,501230
EJG Morgan,28,15,108,2,0,0.16666666666666666,501234
EJG Morgan,14,15,158,1,0,0.16666666666666666,501239
EJG Morgan,66,51,136,2,0,0.16666666666666666,501242
EJG Morgan,5,6,57,1,0,0.16666666666666666,501245
EJG Morgan,2,5,82,2,0,0.16666666666666666,501255
EJG Morgan,14,15,123,5,91,13.333333333333334,597998
EJG Morgan,51,38,114,5,35,6.333333333333333,598005
EJG Morgan,2,5,148,6,120,16.5,598008
EJG Morgan,47,21,172,4,98,13.833333333333334,598013
EJG Morgan,47,38,141,4,1,1.5,598016
EJG Morgan,2,7,115,4,44,6.333333333333333,598022
EJG Morgan,31,25,152,5,89,11.833333333333334,598029
EJG Morgan,42,26,138,5,71,10.833333333333334,598031
EJG Morgan,32,22,166,5,84,12.5,598034
EJG Morgan,10,9,129,5,35,6.0,598040
EJG Morgan,5,10,96,5,53,8.666666666666666,598050
EJG Morgan,15,15,141,4,49,7.166666666666667,598053
EJG Morgan,9,9,116,4,35,7.333333333333333,598069
EJG Morgan,27,30,121,5,33,5.333333333333333,829727
EJG Morgan,1,2,159,6,116,16.166666666666668,829731
EJG Morgan,32,27,181,4,98,10.166666666666666,829773
EJG Morgan,5,11,128,5,27,5.0,829781
EJG Morgan,63,28,186,4,79,10.666666666666666,829787
EJG Morgan,22,25,159,4,30,4.333333333333333,829793
EJG Morgan,17,7,179,4,116,13.833333333333334,829799
EJG Morgan,11,7,123,4,110,9.666666666666666,829807
EJG Morgan,9,14,107,4,7,1.3333333333333333,829815
EJG Morgan,22,18,171,6,86,10.666666666666666,980907
EJG Morgan,51,43,134,4,19,3.5,980915
EJG Morgan,11,12,140,4,62,10.333333333333334,980923
EJG Morgan,25,20,141,4,87,10.166666666666666,980935
EJG Morgan,0,2,110,4,22,5.166666666666667,980943
EJG Morgan,14,10,155,6,103,13.666666666666666,981003
EJG Morgan,22,20,135,4,21,3.5,1082605
EJG Morgan,13,17,143,4,16,3.0,1082609
EJG Morgan,26,21,176,5,41,5.166666666666667,1082623
EJG Morgan,4,4,70,4,19,3.6666666666666665,1082645
EJG Morgan,30,34,81,6,12,3.6666666666666665,1216494
EJG Morgan,17,9,187,6,150,17.0,1216497
EJG Morgan,7,10,157,5,93,11.166666666666666,1216501
EJG Morgan,34,23,163,6,102,13.333333333333334,1216504
EJG Morgan,16,20,141,5,70,10.333333333333334,1216508
EJG Morgan,34,23,159,5,88,12.333333333333334,1216512
EJG Morgan,44,17,196,6,107,12.833333333333334,1216515
EJG Morgan,40,25,143,5,10,2.1666666666666665,1216520
EJG Morgan,24,23,155,4,13,3.6666666666666665,1216523
EJG Morgan,39,29,141,5,37,7.666666666666667,1216526
EJG Morgan,68,35,184,5,71,9.166666666666666,1216530
EJG Morgan,15,12,170,5,93,13.0,1216536
EJG Morgan,8,12,106,4,48,8.166666666666666,1216540
EJG Morgan,42,29,137,5,50,6.5,1216545
EJG Morgan,2,3,180,5,152,16.666666666666668,1254060
EJG Morgan,7,7,130,4,82,10.666666666666666,1254062
EJG Morgan,29,23,162,4,56,6.166666666666667,1254067
EJG Morgan,7,7,188,4,15,3.0,1254072
EJG Morgan,0,0,0,5,52,10.0,1254075
EJG Morgan,47,40,119,5,15,3.1666666666666665,1254078
EJG Morgan,0,2,147,4,68,9.666666666666666,1254082
EJG Morgan,0,2,124,5,65,11.166666666666666,1254092
EJG Morgan,7,8,152,4,121,11.833333333333334,1254096
EJG Morgan,8,14,163,4,48,5.333333333333333,1254098
EJG Morgan,2,2,157,5,117,14.833333333333334,1254102
EJG Morgan,13,11,154,6,137,17.333333333333332,1254106
EJG Morgan,2,2,117,6,104,18.166666666666668,1254109
EJG Morgan,5,7,134,7,120,17.5,1254115
EJG Morgan,0,3,126,6,116,18.166666666666668,1254116
EJG Morgan,4,8,152,5,93,11.833333333333334,1254117
JM Kemp,22,16,156,5,31,4.333333333333333,419110
JM Kemp,4,8,180,6,145,15.5,419116
S Tyagi,0,0,0,11,153,19.833333333333332,392206
S Tyagi,0,0,0,11,124,19.666666666666668,392224
S Tyagi,3,4,156,11,135,18.333333333333332,419110
RS Gavaskar,2,8,101,8,62,10.5,419113
SE Bond,1,2,101,9,72,12.666666666666666,419113
KA Pollard,10,7,200,6,178,17.833333333333332,419114
KA Pollard,21,19,137,8,65,11.166666666666666,419119
KA Pollard,7,7,152,4,113,14.166666666666666,419122
KA Pollard,20,9,163,5,103,13.5,419125
KA Pollard,1,5,156,7,83,12.333333333333334,419130
KA Pollard,20,13,147,3,35,5.666666666666667,419132
KA Pollard,21,10,171,6,121,16.833333333333332,419138
KA Pollard,5,6,122,6,64,10.666666666666666,419142
KA Pollard,18,14,150,7,96,13.833333333333334,419146
KA Pollard,25,13,162,6,84,12.666666666666666,419150
KA Pollard,45,13,172,6,122,17.166666666666668,419152
KA Pollard,20,7,176,4,91,13.0,419157
KA Pollard,33,13,169,7,130,17.833333333333332,419162
KA Pollard,27,10,134,8,102,17.166666666666668,419165
KA Pollard,0,0,0,4,160,19.833333333333332,501210
KA Pollard,0,2,150,6,149,19.5,501221
KA Pollard,0,1,167,4,67,8.5,501224
KA Pollard,4,15,87,6,48,10.166666666666666,501231
KA Pollard,20,11,154,4,105,14.666666666666666,501237
KA Pollard,27,20,144,6,89,14.5,501241
KA Pollard,9,8,172,5,136,16.5,501246
KA Pollard,17,11,82,7,51,9.0,501251
KA Pollard,24,13,107,7,65,15.666666666666666,501256
KA Pollard,20,18,128,5,63,11.666666666666666,501263
KA Pollard,18,22,162,5,75,10.5,501267
KA Pollard,3,5,144,6,101,13.0,501269
KA Pollard,3,6,138,7,82,11.166666666666666,501270
KA Pollard,8,11,96,7,60,12.5,548308
KA Pollard,24,18,138,5,56,11.5,548314
KA Pollard,64,33,191,5,66,8.5,548317
KA Pollard,1,3,83,5,27,7.333333333333333,548325
KA Pollard,7,10,157,5,129,15.5,548334
KA Pollard,3,7,161,5,64,11.0,548339
KA Pollard,16,9,166,6,113,13.0,548342
KA Pollard,21,13,134,7,93,15.833333333333334,548360
KA Pollard,52,31,162,7,46,9.0,548367
KA Pollard,8,5,104,6,79,15.666666666666666,548370
KA Pollard,16,18,138,7,90,12.0,548379
KA Pollard,5,2,142,6,136,19.5,597999
KA Pollard,57,38,139,6,55,8.5,598002
KA Pollard,13,7,198,5,124,14.833333333333334,598006
KA Pollard,19,14,174,5,114,15.333333333333334,598011
KA Pollard,1,7,85,5,21,6.333333333333333,598019
KA Pollard,19,10,158,5,116,16.5,598024
KA Pollard,33,24,158,5,78,11.166666666666666,598029
KA Pollard,34,16,185,5,111,13.0,598033
KA Pollard,20,20,166,5,83,12.5,598037
KA Pollard,14,19,121,5,70,12.333333333333334,598039
KA Pollard,1,3,135,4,39,7.833333333333333,598046
KA Pollard,4,4,159,5,126,17.333333333333332,598050
KA Pollard,60,26,171,6,94,13.5,598060
KA Pollard,17,14,159,5,104,12.833333333333334,598063
KA Pollard,22,20,124,6,66,9.666666666666666,598066
KA Pollard,24,16,139,5,92,10.666666666666666,598070
KA Pollard,11,6,159,5,121,16.0,598072
KA Pollard,60,32,143,6,49,9.833333333333334,598073
KA Pollard,6,8,117,5,97,15.5,729279
KA Pollard,3,7,103,5,51,9.333333333333334,729287
KA Pollard,12,11,140,5,109,15.5,729303
KA Pollard,32,29,113,6,42,9.166666666666666,729309
KA Pollard,78,48,148,5,29,6.0,729317
KA Pollard,28,12,164,6,118,15.666666666666666,733973
KA Pollard,43,31,162,6,63,9.833333333333334,733983
KA Pollard,0,1,152,5,118,17.833333333333332,733995
KA Pollard,6,7,157,5,138,17.5,734001
KA Pollard,10,11,133,6,107,16.166666666666668,734009
KA Pollard,14,12,172,3,117,14.666666666666666,734017
KA Pollard,8,6,149,5,138,17.666666666666668,734025
KA Pollard,11,8,164,4,112,12.166666666666666,734031
KA Pollard,7,3,188,4,52,4.5,734041
KA Pollard,14,8,171,5,141,16.833333333333332,734045
KA Pollard,20,21,150,6,22,7.666666666666667,829717
KA Pollard,70,34,159,6,44,10.0,829721
KA Pollard,64,30,176,6,55,9.666666666666666,829729
KA Pollard,5,3,192,5,166,17.833333333333332,829737
KA Pollard,10,8,142,5,61,8.5,829747
KA Pollard,33,24,147,5,95,12.666666666666666,829751
KA Pollard,20,13,174,6,114,15.0,829769
KA Pollard,7,7,167,4,150,18.166666666666668,829775
KA Pollard,26,14,144,7,93,15.5,829783
KA Pollard,1,4,157,4,84,10.833333333333334,829789
KA Pollard,49,24,192,4,61,8.333333333333334,829795
KA Pollard,33,38,159,5,45,6.666666666666667,829805
KA Pollard,41,17,178,4,110,13.833333333333334,829817
KA Pollard,36,18,196,4,118,12.166666666666666,829823
KA Pollard,1,8,108,6,25,5.166666666666667,980901
KA Pollard,1,1,178,6,165,18.666666666666668,980909
KA Pollard,1,3,133,5,46,9.166666666666666,980917
KA Pollard,39,19,166,5,106,13.166666666666666,980927
KA Pollard,19,18,151,6,110,14.666666666666666,980933
KA Pollard,10,9,184,5,169,18.0,980941
KA Pollard,51,17,173,6,104,13.166666666666666,980947
KA Pollard,11,13,86,6,30,4.166666666666667,980973
KA Pollard,35,19,141,5,75,13.166666666666666,980981
KA Pollard,27,20,116,6,43,10.833333333333334,980985
KA Pollard,3,6,199,4,139,15.166666666666666,980993
KA Pollard,9,11,160,6,113,14.0,981007
KA Pollard,27,17,176,7,102,13.5,1082592
KA Pollard,17,17,168,6,89,12.333333333333334,1082597
KA Pollard,11,11,155,5,78,9.833333333333334,1082600
KA Pollard,70,47,132,6,5,2.8333333333333335,1082602
KA Pollard,39,23,164,5,82,11.333333333333334,1082606
KA Pollard,26,29,126,5,46,7.5,1082614
KA Pollard,9,9,151,6,85,12.333333333333334,1082618
KA Pollard,15,11,152,5,103,13.333333333333334,1082625
KA Pollard,17,13,158,5,68,9.5,1082628
KA Pollard,63,35,193,3,69,8.833333333333334,1082635
KA Pollard,5,9,128,6,93,14.5,1082638
KA Pollard,50,24,215,5,114,11.833333333333334,1082641
KA Pollard,13,11,156,5,115,16.166666666666668,1082644
KA Pollard,7,10,133,5,39,5.833333333333333,1082647
KA Pollard,9,7,103,6,83,12.5,1082649
KA Pollard,7,3,121,6,53,10.333333333333334,1082650
KA Pollard,28,23,139,6,66,9.166666666666666,1136567
KA Pollard,0,1,184,5,158,15.833333333333334,1136569
KA Pollard,5,7,196,6,136,15.666666666666666,1136574
KA Pollard,21,19,162,4,128,14.5,1136581
KA Pollard,9,6,85,6,60,12.0,1136583
KA Pollard,13,13,130,5,18,3.5,1136591
KA Pollard,50,23,174,6,68,8.5,1136610
KA Pollard,7,7,156,4,55,6.333333333333333,1136615
KA Pollard,21,13,167,5,43,6.0,1175358
KA Pollard,5,6,175,5,119,13.833333333333334,1175362
KA Pollard,7,9,169,5,118,13.166666666666666,1175364
KA Pollard,11,6,158,7,123,18.166666666666668,1175370
KA Pollard,46,25,130,6,60,11.833333333333334,1178394
KA Pollard,77,30,180,4,56,7.833333333333333,1178399
KA Pollard,6,12,183,4,117,13.333333333333334,1178402
KA Pollard,0,0,0,7,144,18.166666666666668,1178406
KA Pollard,0,0,0,7,148,19.833333333333332,1178409
KA Pollard,10,7,152,5,104,14.666666666666666,1178411
KA Pollard,13,12,151,6,119,16.5,1178419
KA Pollard,20,21,192,5,40,6.333333333333333,1178422
KA Pollard,10,9,154,6,112,16.0,1178426
KA Pollard,41,25,146,6,86,12.666666666666666,1181768
KA Pollard,18,14,157,6,117,14.333333333333334,1216492
KA Pollard,41,25,148,7,81,12.333333333333334,1216495
KA Pollard,4,1,158,7,150,19.0,1216499
KA Pollard,47,20,185,5,79,13.333333333333334,1216503
KA Pollard,13,7,181,6,165,18.333333333333332,1216508
KA Pollard,34,12,169,7,109,15.666666666666666,1216517
KA Pollard,11,14,162,6,127,15.5,1216529
KA Pollard,25,13,203,6,143,15.166666666666666,1216538
KA Pollard,6,4,186,5,87,12.5,1216541
KA Pollard,60,24,196,6,76,11.5,1216547
KA Pollard,0,2,196,5,97,12.0,1237177
KA Pollard,9,4,153,5,133,16.5,1237181
KA Pollard,7,9,150,6,132,16.166666666666668,1254058
KA Pollard,5,8,145,6,113,15.5,1254062
KA Pollard,35,22,138,5,89,14.0,1254066
KA Pollard,2,5,132,7,76,10.833333333333334,1254070
KA Pollard,16,12,125,5,104,16.333333333333332,1254074
KA Pollard,16,8,155,5,133,16.833333333333332,1254081
KA Pollard,87,34,211,5,78,9.833333333333334,1254084
KA Pollard,13,12,224,4,111,8.833333333333334,1254088
KA Pollard,19,14,143,5,99,15.333333333333334,1254096
KA Pollard,15,7,135,6,91,15.333333333333334,1254099
KA Pollard,15,14,132,6,58,9.5,1254104
KA Pollard,7,10,102,6,85,13.333333333333334,1254108
KA Pollard,6,9,122,5,67,10.666666666666666,1254112
KA Pollard,3,6,174,5,116,14.5,1304048
KA Pollard,22,23,155,5,114,13.166666666666666,1304055
KA Pollard,22,5,158,6,136,19.333333333333332,1304060
KA Pollard,0,1,145,6,61,10.0,1304064
KA Pollard,10,11,181,6,128,13.166666666666666,1304069
KA Pollard,25,14,166,6,110,14.5,1304072
KA Pollard,14,9,150,7,83,13.666666666666666,1304079
KA Pollard,19,20,118,6,61,11.5,1304083
KA Pollard,10,14,150,5,114,15.166666666666666,1304090
KA Pollard,4,14,170,5,108,12.166666666666666,1304097
KA Pollard,15,16,103,6,76,12.5,1304102
S Ladda,0,8,109,9,105,13.166666666666666,419114
S Ladda,0,1,157,10,154,19.333333333333332,419120
DP Nannes,3,11,109,10,106,13.666666666666666,419114
DP Nannes,1,2,157,11,154,19.5,419120
DP Nannes,0,0,0,11,130,19.333333333333332,598002
MJ Lumb,10,17,85,2,0,0.16666666666666666,419115
MJ Lumb,0,1,160,1,0,0.16666666666666666,419118
MJ Lumb,41,30,173,1,0,0.16666666666666666,419124
MJ Lumb,45,32,140,1,0,0.16666666666666666,419126
MJ Lumb,30,16,174,1,0,0.16666666666666666,419129
MJ Lumb,0,2,118,1,0,0.16666666666666666,419134
MJ Lumb,37,26,207,1,0,0.16666666666666666,419137
MJ Lumb,15,10,147,1,0,0.16666666666666666,419141
MJ Lumb,83,41,147,1,0,0.16666666666666666,419143
MJ Lumb,8,6,129,1,0,0.16666666666666666,419150
MJ Lumb,9,8,118,1,0,0.16666666666666666,419154
MJ Lumb,0,2,128,1,0,0.16666666666666666,501256
DR Martyn,19,24,85,3,24,5.333333333333333,419115
S Narwal,0,1,85,7,79,16.666666666666668,419115
S Narwal,2,2,174,8,171,19.5,419129
S Narwal,12,9,118,9,71,11.166666666666666,419134
S Narwal,23,15,129,8,78,15.666666666666666,598040
AB Barath,7,10,152,6,44,7.833333333333333,419117
AB Barath,33,27,154,1,0,0.16666666666666666,419146
AB Barath,2,5,106,5,104,18.0,419149
Bipul Sharma,8,6,152,9,96,16.333333333333332,419117
Bipul Sharma,1,1,144,8,140,19.5,419143
Bipul Sharma,16,12,113,7,80,15.166666666666666,501234
Bipul Sharma,1,2,124,7,103,16.166666666666668,501237
Bipul Sharma,6,4,141,7,123,17.666666666666668,501251
Bipul Sharma,18,13,150,7,77,11.5,548309
Bipul Sharma,35,18,132,8,88,15.333333333333334,548313
Bipul Sharma,12,11,127,6,78,14.333333333333334,548323
Bipul Sharma,7,5,151,6,128,17.0,548343
Bipul Sharma,1,2,128,7,65,11.833333333333334,829781
Bipul Sharma,5,5,110,8,73,16.833333333333332,980943
Bipul Sharma,14,6,156,9,142,19.333333333333332,981015
Bipul Sharma,27,11,161,8,115,16.0,981017
Bipul Sharma,5,3,194,8,149,17.666666666666668,981019
Bipul Sharma,21,14,148,8,123,17.333333333333332,1082604
Bipul Sharma,8,7,134,7,116,17.333333333333332,1082634
Bipul Sharma,2,3,121,8,113,18.666666666666668,1082648
FY Fazal,31,23,160,3,0,0.3333333333333333,419118
FY Fazal,45,37,173,3,34,3.8333333333333335,419124
FY Fazal,8,11,140,4,95,11.5,419126
FY Fazal,17,18,174,3,44,4.166666666666667,419129
FY Fazal,0,2,118,3,0,0.5,419134
FY Fazal,4,5,207,5,166,15.5,419137
FY Fazal,36,29,147,3,16,2.3333333333333335,419141
FY Fazal,10,15,129,3,8,1.8333333333333335,419150
FY Fazal,13,13,129,8,102,16.0,419158
FY Fazal,3,4,76,3,23,3.8333333333333335,501214
FY Fazal,16,15,94,1,0,0.16666666666666666,501258
AC Voges,37,22,160,6,100,13.166666666666666,419118
AC Voges,45,24,173,5,103,13.166666666666666,419124
AC Voges,20,19,174,5,114,12.833333333333334,419129
AC Voges,15,17,118,5,29,3.8333333333333335,419134
AC Voges,28,27,129,6,28,6.333333333333333,419150
AC Voges,28,27,118,7,50,11.833333333333334,419154
AC Voges,8,7,129,5,73,10.5,419158
MD Mishra,0,3,168,1,0,0.16666666666666666,419120
MD Mishra,13,12,120,2,0,0.16666666666666666,419130
MD Mishra,29,16,150,3,29,2.8333333333333335,419135
MD Mishra,4,6,107,6,66,10.333333333333334,419138
MD Mishra,9,11,178,2,0,0.16666666666666666,419145
MD Mishra,21,18,131,1,0,0.16666666666666666,419147
MD Mishra,41,30,141,5,12,2.6666666666666665,419151
MD Mishra,20,21,165,2,0,0.16666666666666666,419156
MD Mishra,25,19,142,2,0,0.16666666666666666,419160
MD Mishra,2,5,96,6,46,11.0,419163
MD Mishra,0,1,78,2,0,0.16666666666666666,419164
MD Mishra,37,21,140,6,67,11.5,501207
MD Mishra,7,11,175,6,108,13.666666666666666,501213
MD Mishra,12,10,104,6,14,4.833333333333333,501218
MD Mishra,9,9,110,2,0,0.16666666666666666,501226
MD Mishra,2,9,136,2,0,0.16666666666666666,501228
MD Mishra,4,4,134,1,0,0.16666666666666666,548362
UT Yadav,3,4,157,9,152,18.666666666666668,419120
UT Yadav,0,4,91,10,85,15.833333333333334,501201
UT Yadav,1,1,124,11,123,20.0,501230
UT Yadav,0,2,187,10,186,19.666666666666668,548372
UT Yadav,1,1,130,10,128,19.833333333333332,548378
UT Yadav,1,4,125,10,124,16.0,548380
UT Yadav,0,0,0,11,123,20.0,597998
UT Yadav,5,4,155,11,144,19.333333333333332,598006
UT Yadav,6,5,103,10,88,18.5,598010
UT Yadav,1,5,79,11,78,16.333333333333332,598020
UT Yadav,2,5,74,11,72,18.333333333333332,598044
UT Yadav,4,1,168,9,164,20.0,598054
UT Yadav,12,9,126,9,106,16.833333333333332,598062
UT Yadav,8,9,118,9,103,17.166666666666668,598067
UT Yadav,2,4,99,10,77,16.166666666666668,729307
UT Yadav,0,1,127,10,99,18.0,829765
UT Yadav,0,0,0,10,171,19.5,829791
UT Yadav,5,2,158,9,153,19.333333333333332,829805
UT Yadav,24,11,164,10,135,17.666666666666668,829811
UT Yadav,7,2,152,9,142,18.833333333333332,980939
UT Yadav,2,3,144,9,138,17.5,980951
UT Yadav,2,4,123,10,117,17.833333333333332,1082617
UT Yadav,2,2,150,10,147,19.666666666666668,1082631
UT Yadav,4,4,155,9,140,17.333333333333332,1082644
UT Yadav,2,3,100,10,93,17.166666666666668,1082649
UT Yadav,1,2,159,9,129,17.666666666666668,1136574
UT Yadav,0,1,197,9,185,19.5,1136584
UT Yadav,1,2,149,9,133,19.0,1136591
UT Yadav,1,5,123,9,84,14.333333333333334,1136595
UT Yadav,0,1,131,9,107,15.333333333333334,1136613
UT Yadav,1,10,66,10,56,13.833333333333334,1175356
UT Yadav,14,9,105,9,81,15.333333333333334,1175366
UT Yadav,0,1,163,8,163,19.666666666666668,1178406
UT Yadav,1,1,157,8,146,19.166666666666668,1178414
UT Yadav,0,0,0,9,159,19.666666666666668,1178421
UT Yadav,0,0,0,8,55,4.833333333333333,1178424
UT Yadav,9,4,169,8,159,19.0,1178429
UT Yadav,0,2,100,8,75,13.166666666666666,1216510
UT Yadav,18,12,122,10,93,14.0,1304052
UT Yadav,0,1,165,9,137,16.166666666666668,1304065
UT Yadav,1,1,166,10,149,19.333333333333332,1304071
UT Yadav,21,9,197,10,168,17.166666666666668,1304076
UT Yadav,15,15,141,9,101,15.5,1304081
UT Yadav,0,1,131,9,131,19.5,1304087
UT Yadav,0,1,192,9,192,20.0,1304112
UT Yadav,6,2,168,9,162,19.833333333333332,1359483
UT Yadav,5,6,203,9,153,16.666666666666668,1359487
UT Yadav,1,1,189,9,181,19.333333333333332,1359493
UT Yadav,3,5,115,10,86,15.0,1359502
UT Yadav,4,4,176,9,163,17.666666666666668,1359507
UT Yadav,10,11,132,9,112,16.5,1422125
UT Yadav,2,4,112,9,81,15.0,1422139
J Theron,0,1,132,9,122,19.166666666666668,419121
J Theron,2,4,144,9,131,16.666666666666668,419124
J Theron,7,6,133,9,113,17.5,548359
J Theron,1,1,166,9,164,20.0,829769
SJ Srivastava,0,1,144,11,144,19.166666666666668,419124
SJ Srivastava,1,1,142,11,130,19.166666666666668,419132
SJ Srivastava,1,1,115,10,112,19.333333333333332,501248
SJ Srivastava,3,2,141,10,135,19.5,501251
R Sharma,10,5,137,9,119,18.166666666666668,419126
R Sharma,5,7,107,9,97,15.666666666666666,419138
R Sharma,14,8,142,9,125,18.166666666666668,419160
R Sharma,0,6,78,9,78,16.666666666666668,419164
R Sharma,10,9,140,8,109,16.0,501207
R Sharma,13,9,104,9,84,14.5,501218
R Sharma,1,1,110,8,104,18.666666666666668,501226
R Sharma,0,1,138,8,130,19.5,501235
R Sharma,0,1,129,9,129,20.0,501241
R Sharma,0,0,0,10,120,19.666666666666668,548308
R Sharma,0,2,149,8,149,19.833333333333332,548313
R Sharma,2,4,103,9,91,16.666666666666668,548319
R Sharma,0,2,134,10,115,17.5,548362
R Sharma,0,3,120,10,106,17.5,548365
R Sharma,0,1,102,10,102,18.5,598000
R Sharma,1,1,96,10,90,19.5,598003
R Sharma,10,12,137,10,122,16.833333333333332,598011
R Sharma,0,1,108,10,108,18.833333333333332,598018
R Sharma,0,1,120,10,111,18.833333333333332,598038
R Sharma,0,1,164,11,160,19.5,598042
Mandeep Singh,4,7,162,3,20,3.166666666666667,419127
Mandeep Singh,0,4,125,3,17,3.0,419131
Mandeep Singh,6,11,115,6,91,14.666666666666666,501248
Mandeep Singh,8,5,141,6,107,16.166666666666668,501251
Mandeep Singh,15,10,173,6,139,15.166666666666666,501254
Mandeep Singh,11,7,161,6,129,16.833333333333332,501257
Mandeep Singh,7,8,112,7,88,13.666666666666666,501264
Mandeep Singh,34,25,150,6,53,8.166666666666666,548309
Mandeep Singh,23,22,132,3,6,2.3333333333333335,548313
Mandeep Singh,10,10,116,4,50,8.166666666666666,548319
Mandeep Singh,38,34,127,2,0,0.16666666666666666,548323
Mandeep Singh,6,10,121,4,41,5.833333333333333,548328
Mandeep Singh,20,15,155,6,88,14.166666666666666,548331
Mandeep Singh,24,21,158,2,0,0.16666666666666666,548334
Mandeep Singh,22,16,158,2,0,0.16666666666666666,548339
Mandeep Singh,56,50,151,1,0,0.16666666666666666,548343
Mandeep Singh,43,30,159,1,0,0.16666666666666666,548350
Mandeep Singh,7,6,122,2,0,0.16666666666666666,548354
Mandeep Singh,75,48,163,1,0,0.16666666666666666,548359
Mandeep Singh,28,20,186,2,0,0.16666666666666666,548366
Mandeep Singh,21,12,132,1,0,0.16666666666666666,548369
Mandeep Singh,24,21,118,2,0,0.16666666666666666,548371
Mandeep Singh,0,1,133,2,0,0.16666666666666666,548374
Mandeep Singh,31,26,97,2,0,0.16666666666666666,598003
Mandeep Singh,9,10,130,1,0,0.16666666666666666,598007
Mandeep Singh,2,8,113,1,0,0.16666666666666666,598014
Mandeep Singh,41,30,151,2,0,0.16666666666666666,598016
Mandeep Singh,10,11,116,1,0,0.16666666666666666,598021
Mandeep Singh,77,58,183,2,0,0.16666666666666666,598025
Mandeep Singh,25,20,144,2,0,0.16666666666666666,598031
Mandeep Singh,9,8,155,1,0,0.16666666666666666,598037
Mandeep Singh,15,15,168,2,0,0.16666666666666666,598041
Mandeep Singh,0,3,136,1,0,0.16666666666666666,598052
Mandeep Singh,0,2,112,2,0,0.16666666666666666,598056
Mandeep Singh,24,15,115,2,0,0.16666666666666666,598059
Mandeep Singh,16,12,182,1,0,0.16666666666666666,598064
Mandeep Singh,1,5,176,2,0,0.16666666666666666,598066
Mandeep Singh,3,8,221,2,0,0.16666666666666666,733987
Mandeep Singh,21,14,183,2,0,0.16666666666666666,733991
Mandeep Singh,0,3,145,2,0,0.16666666666666666,733997
Mandeep Singh,6,3,171,4,44,7.666666666666667,829713
Mandeep Singh,0,1,150,5,82,12.0,829719
Mandeep Singh,27,20,182,4,15,2.5,829763
Mandeep Singh,45,18,111,4,48,4.833333333333333,829771
Mandeep Singh,0,0,0,4,34,5.166666666666667,829779
Mandeep Singh,20,14,75,4,41,5.166666666666667,829803
Mandeep Singh,1,3,82,4,42,3.0,829807
Mandeep Singh,54,34,168,4,40,7.666666666666667,829819
Mandeep Singh,4,7,132,4,25,5.166666666666667,829821
Mandeep Singh,24,16,165,2,0,0.16666666666666666,1082591
Mandeep Singh,12,10,151,3,24,3.5,1082595
Mandeep Singh,28,34,144,5,22,5.166666666666667,1082598
Mandeep Singh,0,1,130,6,115,18.166666666666668,1082602
Mandeep Singh,0,3,126,2,0,0.16666666666666666,1082607
Mandeep Singh,1,3,42,3,0,0.8333333333333334,1082617
Mandeep Singh,8,14,122,6,53,8.833333333333334,1082621
Mandeep Singh,17,13,158,2,0,0.16666666666666666,1082628
Mandeep Singh,46,40,112,1,0,0.16666666666666666,1082633
Mandeep Singh,52,43,155,2,0,0.16666666666666666,1082636
Mandeep Singh,37,18,170,6,122,14.666666666666666,1136563
Mandeep Singh,22,19,155,6,85,11.666666666666666,1136568
Mandeep Singh,47,25,192,5,98,10.5,1136571
Mandeep Singh,16,14,159,4,40,4.833333333333333,1136574
Mandeep Singh,17,9,172,6,145,16.0,1136579
Mandeep Singh,32,17,197,5,141,15.0,1136584
Mandeep Singh,19,14,165,5,70,10.166666666666666,1136589
Mandeep Singh,14,10,149,5,111,14.666666666666666,1136591
Mandeep Singh,7,13,123,5,53,7.666666666666667,1136595
Mandeep Singh,21,23,136,6,78,10.833333333333334,1136599
Mandeep Singh,13,14,176,5,130,13.5,1136605
Mandeep Singh,4,6,214,6,147,14.833333333333334,1136611
Mandeep Singh,3,4,131,5,76,9.166666666666666,1136613
Mandeep Singh,5,2,168,6,152,19.333333333333332,1175359
Mandeep Singh,33,15,184,6,129,15.5,1175361
Mandeep Singh,29,21,157,6,113,14.0,1175368
Mandeep Singh,1,1,128,6,125,19.166666666666668,1178393
Mandeep Singh,2,3,150,5,134,18.166666666666668,1178397
Mandeep Singh,7,3,190,6,147,17.666666666666668,1178399
Mandeep Singh,18,16,166,6,109,14.0,1178403
Mandeep Singh,0,2,170,6,152,18.666666666666668,1178407
Mandeep Singh,30,27,158,5,61,7.333333333333333,1178412
Mandeep Singh,4,4,181,6,169,18.333333333333332,1178417
Mandeep Singh,25,17,180,5,90,11.0,1178427
Mandeep Singh,11,9,159,5,109,12.5,1178430
Mandeep Singh,17,14,119,2,0,0.16666666666666666,1216498
Mandeep Singh,14,15,151,5,68,10.833333333333334,1216506
Mandeep Singh,27,16,174,3,58,8.333333333333334,1216513
Mandeep Singh,66,56,147,2,0,0.16666666666666666,1216520
Mandeep Singh,0,1,160,6,150,19.166666666666668,1216523
Mandeep Singh,0,1,170,2,0,0.16666666666666666,1216537
Mandeep Singh,6,6,128,6,102,11.166666666666666,1216542
Mandeep Singh,15,13,129,2,0,0.16666666666666666,1254099
Mandeep Singh,0,2,168,3,28,3.6666666666666665,1304048
Mandeep Singh,18,16,146,3,8,1.3333333333333333,1304056
Mandeep Singh,0,5,194,1,0,0.16666666666666666,1304096
Mandeep Singh,2,4,133,1,0,0.16666666666666666,1359476
Mandeep Singh,0,1,168,3,16,3.5,1359483
Mandeep Singh,12,11,115,5,29,5.5,1359502
KM Jadhav,50,29,175,5,99,11.833333333333334,419128
KM Jadhav,4,1,167,6,156,19.5,419131
KM Jadhav,10,9,175,5,47,5.833333333333333,419134
KM Jadhav,7,9,176,6,89,10.666666666666666,419140
KM Jadhav,5,8,158,6,126,15.0,419144
KM Jadhav,12,11,124,6,61,12.0,501219
KM Jadhav,5,9,100,8,83,16.333333333333332,501225
KM Jadhav,0,2,67,6,0,2.166666666666667,501229
KM Jadhav,1,1,132,7,129,19.666666666666668,501261
KM Jadhav,1,2,155,7,108,14.333333333333334,598006
KM Jadhav,26,19,103,7,62,13.666666666666666,598010
KM Jadhav,29,16,146,6,85,14.333333333333334,598017
KM Jadhav,31,28,79,6,26,5.333333333333333,598020
KM Jadhav,25,19,150,6,84,14.0,598035
KM Jadhav,3,4,74,6,46,11.5,598044
KM Jadhav,23,21,147,6,75,12.166666666666666,598049
KM Jadhav,8,8,168,6,109,14.333333333333334,598054
KM Jadhav,0,2,113,6,81,13.666666666666666,598059
KM Jadhav,2,4,126,5,48,6.666666666666667,598062
KM Jadhav,14,10,117,6,96,16.0,729309
KM Jadhav,28,14,148,6,92,15.5,733975
KM Jadhav,29,18,167,7,111,14.5,733981
KM Jadhav,26,15,152,7,101,16.0,733985
KM Jadhav,5,11,138,7,127,17.0,733993
KM Jadhav,34,18,157,7,95,13.166666666666666,734005
KM Jadhav,3,3,130,7,52,9.5,734011
KM Jadhav,0,1,159,5,135,17.0,734019
KM Jadhav,7,5,151,6,140,18.833333333333332,734031
KM Jadhav,0,4,108,4,43,5.5,734039
KM Jadhav,20,20,144,5,38,5.166666666666667,829707
KM Jadhav,3,5,157,6,149,18.666666666666668,829725
KM Jadhav,19,12,158,6,124,16.333333333333332,829731
KM Jadhav,12,9,133,7,93,15.166666666666666,829739
KM Jadhav,1,1,181,6,178,19.666666666666668,829747
KM Jadhav,33,29,87,6,33,6.666666666666667,829757
KM Jadhav,10,6,151,4,68,11.166666666666666,829761
KM Jadhav,11,7,160,6,98,13.833333333333334,829777
KM Jadhav,16,15,148,4,42,5.333333333333333,829783
KM Jadhav,63,34,153,5,64,10.166666666666666,829793
KM Jadhav,1,1,120,6,114,16.166666666666668,829801
KM Jadhav,0,1,181,5,133,14.0,829813
KM Jadhav,4,5,216,6,177,17.666666666666668,980907
KM Jadhav,9,11,182,6,165,17.0,980921
KM Jadhav,25,15,176,6,127,15.0,980953
KM Jadhav,30,15,165,4,58,6.666666666666667,1082591
KM Jadhav,69,37,151,4,38,6.0,1082595
KM Jadhav,1,4,144,4,18,3.6666666666666665,1082598
KM Jadhav,8,7,130,4,102,15.666666666666666,1082602
KM Jadhav,18,22,126,4,41,5.666666666666667,1082607
KM Jadhav,38,16,209,4,155,16.0,1082610
KM Jadhav,9,6,42,5,10,2.6666666666666665,1082617
KM Jadhav,31,18,122,5,18,4.5,1082621
KM Jadhav,7,12,92,4,31,4.833333333333333,1082624
KM Jadhav,28,22,158,5,82,10.666666666666666,1082628
KM Jadhav,6,6,112,5,37,5.0,1082633
KM Jadhav,8,9,155,6,103,15.333333333333334,1082636
KM Jadhav,12,9,152,5,100,14.333333333333334,1082646
KM Jadhav,24,21,162,4,42,6.166666666666667,1136561
KM Jadhav,13,19,65,4,37,9.5,1175356
KM Jadhav,27,33,142,4,68,7.0,1175360
KM Jadhav,8,3,166,4,14,3.8333333333333335,1175367
KM Jadhav,56,53,117,4,5,1.6666666666666665,1175370
KM Jadhav,7,7,102,5,79,14.833333333333334,1178398
KM Jadhav,1,6,145,5,15,4.166666666666667,1178400
KM Jadhav,20,12,160,5,60,9.333333333333334,1178404
KM Jadhav,1,2,125,5,94,13.333333333333334,1178408
KM Jadhav,9,9,142,5,11,4.166666666666667,1178414
KM Jadhav,11,10,167,5,153,17.333333333333332,1178416
KM Jadhav,6,11,101,5,34,4.666666666666667,1178419
KM Jadhav,0,1,168,6,164,19.5,1178430
KM Jadhav,21,15,194,6,75,9.166666666666666,1216496
KM Jadhav,7,12,153,6,125,16.666666666666668,1216501
KM Jadhav,3,10,146,4,23,5.333333333333333,1216516
KM Jadhav,4,7,120,7,103,17.833333333333332,1216533
KM Jadhav,26,21,126,5,43,9.333333333333334,1216539
KM Jadhav,9,9,150,5,82,11.5,1254077
KM Jadhav,12,4,163,5,126,18.166666666666668,1254080
KM Jadhav,19,19,157,5,82,10.833333333333334,1254085
KM Jadhav,3,8,119,5,51,10.0,1254105
KM Jadhav,12,12,113,5,30,8.166666666666666,1254107
KM Jadhav,12,10,193,7,140,14.333333333333334,1359528
SW Tait,1,1,174,10,172,19.833333333333332,419129
SW Tait,11,12,118,10,93,13.666666666666666,419134
SW Tait,0,1,76,10,75,14.833333333333334,501214
SW Tait,10,9,94,10,80,14.0,501258
SW Tait,1,3,117,10,111,17.833333333333332,598023
KB Arun Karthik,3,5,154,7,146,18.333333333333332,419129
KB Arun Karthik,1,2,99,6,91,10.833333333333334,501255
KB Arun Karthik,6,6,112,7,67,10.833333333333334,501260
KB Arun Karthik,19,19,140,7,73,12.833333333333334,597999
KB Arun Karthik,0,1,122,7,101,17.166666666666668,598004
KB Arun Karthik,5,5,156,7,129,18.333333333333332,598012
KB Arun Karthik,5,5,148,6,126,16.5,598017
KB Arun Karthik,12,8,124,6,35,8.0,598033
KAJ Roach,10,9,120,9,105,14.666666666666666,419130
PD Collingwood,53,45,167,5,35,3.1666666666666665,419131
PD Collingwood,16,8,175,4,24,3.6666666666666665,419134
PD Collingwood,75,46,176,4,51,5.833333333333333,419140
PD Collingwood,2,3,158,4,93,10.666666666666666,419144
PD Collingwood,4,7,93,4,32,4.0,419149
PD Collingwood,2,5,135,6,78,9.666666666666666,419152
PD Collingwood,51,42,128,6,39,6.5,419160
CK Langeveldt,0,1,125,10,125,20.0,419131
CK Langeveldt,8,8,112,10,86,14.333333333333334,501260
VS Malik,6,5,142,10,117,17.5,419132
VS Malik,1,2,156,10,123,18.0,734033
A Mithun,5,4,141,9,131,18.333333333333332,419140
A Mithun,0,2,143,8,122,17.166666666666668,501227
A Mithun,0,0,0,7,177,19.833333333333332,501232
A Mithun,6,3,199,8,193,19.5,501244
A Mithun,0,0,0,8,95,12.666666666666666,501255
A Mithun,10,7,112,9,80,13.166666666666666,501260
A Mithun,11,8,141,8,68,10.5,501271
A Mithun,2,2,112,9,104,18.5,598057
AP Dole,4,4,147,10,131,17.833333333333332,419141
AP Dole,30,18,129,9,80,14.5,419150
AN Ahmed,4,7,122,10,94,16.666666666666668,419142
AN Ahmed,18,13,138,10,108,16.0,501270
AN Ahmed,4,1,129,7,125,19.833333333333332,734013
AN Ahmed,5,2,171,9,163,18.5,829713
AN Ahmed,4,2,150,9,137,18.666666666666668,829719
AN Ahmed,1,1,175,9,167,19.333333333333332,829737
RS Sodhi,4,2,154,6,143,18.666666666666668,419146
DE Bollinger,2,3,130,10,128,19.666666666666668,419147
DE Bollinger,16,13,103,10,72,16.333333333333332,419155
DE Bollinger,0,1,145,11,129,19.0,501221
DE Bollinger,3,5,100,11,92,18.166666666666668,548306
S Sriram,27,29,151,1,0,0.16666666666666666,419148
S Sriram,4,7,129,4,58,10.0,501257
B Sumanth,6,4,141,8,123,18.333333333333332,419151
B Sumanth,6,3,165,7,142,17.833333333333332,419156
B Sumanth,7,12,142,7,114,14.666666666666666,419160
B Sumanth,16,18,96,7,52,12.333333333333334,419163
C Madan,14,18,172,1,0,0.16666666666666666,419152
AG Paunikar,0,1,118,3,15,2.5,419154
AG Paunikar,20,18,136,1,0,0.16666666666666666,501199
AG Paunikar,4,7,139,1,0,0.16666666666666666,501204
AG Paunikar,9,15,140,1,0,0.16666666666666666,501209
AG Paunikar,15,14,76,2,0,0.16666666666666666,501214
MR Marsh,15,11,165,6,117,14.833333333333334,419156
MR Marsh,13,19,142,6,64,9.166666666666666,419160
MR Marsh,11,15,136,7,81,13.5,501228
MR Marsh,2,6,108,7,105,16.333333333333332,501248
MR Marsh,37,28,133,8,73,11.333333333333334,501259
MR Marsh,7,3,102,8,84,16.5,598000
MR Marsh,15,8,96,8,52,13.666666666666666,598003
MR Marsh,38,26,137,7,67,9.833333333333334,598011
MR Marsh,2,4,151,5,112,16.333333333333332,598015
MR Marsh,14,13,108,6,76,12.666666666666666,598018
MR Marsh,24,23,129,6,41,5.833333333333333,598027
MR Marsh,35,21,167,4,114,14.166666666666666,598047
MR Marsh,5,8,102,6,49,11.0,598053
MR Marsh,7,11,161,6,133,16.5,980911
MR Marsh,0,1,138,10,127,18.166666666666668,1216534
MR Marsh,14,24,168,3,48,4.833333333333333,1304073
MR Marsh,13,7,138,3,0,0.3333333333333333,1304087
MR Marsh,37,20,186,3,5,1.5,1304091
MR Marsh,10,7,194,3,0,1.0,1304096
MR Marsh,25,20,113,3,16,2.0,1304101
MR Marsh,89,62,154,3,0,0.5,1304104
MR Marsh,63,48,150,3,0,0.3333333333333333,1304110
MR Marsh,0,1,145,3,20,3.1666666666666665,1304115
MR Marsh,0,1,133,3,38,4.833333333333333,1359477
MR Marsh,4,4,147,3,19,3.0,1359481
MR Marsh,0,4,148,3,1,0.8333333333333334,1359494
MR Marsh,2,9,118,3,36,4.666666666666667,1359502
MR Marsh,25,15,140,3,1,0.6666666666666666,1359508
MR Marsh,63,39,184,3,0,0.5,1359514
MR Marsh,26,17,176,3,57,5.333333333333333,1359524
MR Marsh,5,4,129,3,0,0.5,1359529
MR Marsh,3,4,132,3,69,6.5,1359533
MR Marsh,20,12,164,2,0,0.16666666666666666,1422120
MR Marsh,23,12,168,2,0,0.16666666666666666,1422127
MR Marsh,18,12,179,4,97,10.833333333333334,1422131
MR Marsh,0,2,150,3,20,2.166666666666667,1422134
AJ Finch,21,21,129,4,68,8.833333333333334,419158
AJ Finch,8,12,91,4,11,1.8333333333333335,501201
AJ Finch,11,14,142,3,5,0.6666666666666666,501204
AJ Finch,25,12,180,7,112,14.166666666666666,501213
AJ Finch,0,1,139,4,33,5.166666666666667,501216
AJ Finch,3,5,215,5,168,16.0,501223
AJ Finch,0,2,169,1,0,0.16666666666666666,501243
AJ Finch,30,27,95,1,0,0.16666666666666666,548307
AJ Finch,25,24,133,1,0,0.16666666666666666,548310
AJ Finch,64,53,138,2,0,0.16666666666666666,598009
AJ Finch,0,1,137,1,0,0.16666666666666666,598011
AJ Finch,67,45,151,2,0,0.16666666666666666,598015
AJ Finch,16,13,108,2,0,0.16666666666666666,598018
AJ Finch,64,42,177,2,0,0.16666666666666666,598025
AJ Finch,18,15,129,2,0,0.16666666666666666,598027
AJ Finch,37,33,143,2,0,0.16666666666666666,598035
AJ Finch,14,8,120,2,0,0.16666666666666666,598038
AJ Finch,15,11,164,2,0,0.16666666666666666,598042
AJ Finch,45,32,167,2,0,0.16666666666666666,598047
AJ Finch,5,5,102,2,0,0.16666666666666666,598053
AJ Finch,10,11,108,2,0,0.16666666666666666,598055
AJ Finch,48,32,169,2,0,0.16666666666666666,598061
AJ Finch,52,34,163,2,0,0.16666666666666666,598067
AJ Finch,2,5,118,1,0,0.16666666666666666,729285
AJ Finch,19,14,113,1,0,0.16666666666666666,729295
AJ Finch,88,53,179,2,0,0.16666666666666666,729301
AJ Finch,44,45,129,1,0,0.16666666666666666,729311
AJ Finch,16,15,154,1,0,0.16666666666666666,729317
AJ Finch,13,8,145,1,0,0.16666666666666666,733977
AJ Finch,9,10,122,2,0,0.16666666666666666,733989
AJ Finch,4,7,33,1,0,0.16666666666666666,733993
AJ Finch,68,62,151,1,0,0.16666666666666666,734001
AJ Finch,19,22,179,1,0,0.16666666666666666,734007
AJ Finch,8,8,132,1,0,0.16666666666666666,734015
AJ Finch,11,9,154,4,121,16.333333333333332,734021
AJ Finch,7,3,184,4,164,17.5,734029
AJ Finch,5,5,165,2,0,0.16666666666666666,829705
AJ Finch,8,14,150,2,0,0.16666666666666666,829717
AJ Finch,10,14,159,1,0,0.16666666666666666,829721
AJ Finch,74,47,156,1,0,0.16666666666666666,980905
AJ Finch,50,36,148,1,0,0.16666666666666666,980911
AJ Finch,67,54,136,1,0,0.16666666666666666,980917
AJ Finch,0,4,130,1,0,0.16666666666666666,980929
AJ Finch,5,5,143,3,16,3.0,980961
AJ Finch,51,42,121,5,25,5.833333333333333,980967
AJ Finch,29,10,159,5,111,14.0,980975
AJ Finch,36,36,91,5,41,7.0,980987
AJ Finch,26,23,108,5,31,4.0,981001
AJ Finch,0,2,167,1,0,0.16666666666666666,981007
AJ Finch,4,6,147,1,0,0.16666666666666666,981013
AJ Finch,50,32,157,5,60,9.0,981017
AJ Finch,15,8,179,4,70,8.333333333333334,1082593
AJ Finch,3,5,132,4,36,5.5,1082596
AJ Finch,33,19,167,5,108,13.0,1082603
AJ Finch,19,15,184,4,36,4.166666666666667,1082610
AJ Finch,31,14,183,1,0,0.16666666666666666,1082613
AJ Finch,13,12,155,2,0,0.16666666666666666,1082616
AJ Finch,72,34,127,4,20,4.333333333333333,1082621
AJ Finch,0,3,141,4,43,4.5,1082625
AJ Finch,13,6,154,4,69,8.166666666666666,1082629
AJ Finch,27,19,203,5,141,13.5,1082632
AJ Finch,2,2,186,5,158,17.333333333333332,1082637
AJ Finch,69,39,184,5,52,6.666666666666667,1082640
AJ Finch,2,3,148,5,117,13.166666666666666,1082643
AJ Finch,0,1,149,3,31,3.3333333333333335,1136568
AJ Finch,0,1,196,5,148,14.333333333333334,1136572
AJ Finch,14,6,185,5,160,18.0,1136576
AJ Finch,2,4,129,2,0,0.16666666666666666,1136582
AJ Finch,8,4,117,5,77,12.333333333333334,1136585
AJ Finch,34,20,207,5,77,8.166666666666666,1136604
AJ Finch,26,23,83,4,40,5.166666666666667,1136608
AJ Finch,46,35,174,3,34,4.0,1136610
AJ Finch,4,6,142,3,6,1.5,1136616
AJ Finch,16,21,80,2,0,0.16666666666666666,1216494
AJ Finch,20,21,100,2,0,0.16666666666666666,1216510
AJ Finch,8,7,155,2,0,0.16666666666666666,1216514
AJ Finch,13,14,126,2,0,0.16666666666666666,1216519
AJ Finch,14,11,165,2,0,0.16666666666666666,1216522
AJ Finch,2,9,155,2,0,0.16666666666666666,1216525
AJ Finch,20,18,159,1,0,0.16666666666666666,1216531
AJ Finch,23,25,152,2,0,0.16666666666666666,1216534
AJ Finch,47,37,181,1,0,0.16666666666666666,1216540
AJ Finch,15,11,133,2,0,0.16666666666666666,1216544
AJ Finch,52,35,191,2,0,0.16666666666666666,1216547
AJ Finch,32,30,126,3,7,1.5,1237178
AJ Finch,7,5,166,2,0,0.16666666666666666,1304071
AJ Finch,58,28,197,1,0,0.16666666666666666,1304076
AJ Finch,3,7,131,1,0,0.16666666666666666,1304087
AJ Finch,4,7,143,2,0,0.16666666666666666,1304093
AJ Finch,14,14,98,2,0,0.16666666666666666,1304099
STR Binny,8,5,127,8,107,18.166666666666668,419161
STR Binny,30,24,145,4,18,3.1666666666666665,501220
STR Binny,7,7,139,7,131,18.666666666666668,501240
STR Binny,20,18,133,6,83,13.333333333333334,548336
STR Binny,0,1,171,7,170,19.833333333333332,548354
STR Binny,27,18,114,4,22,5.833333333333333,548361
STR Binny,6,5,167,5,153,18.5,548365
STR Binny,7,8,118,4,41,6.333333333333333,548373
STR Binny,30,17,142,4,28,5.5,548377
STR Binny,40,20,156,4,80,11.666666666666666,598001
STR Binny,14,11,134,4,43,8.0,598005
STR Binny,1,4,138,4,78,11.5,598009
STR Binny,0,4,117,4,49,7.333333333333333,598014
STR Binny,4,4,163,4,102,13.833333333333334,598019
STR Binny,33,20,117,4,26,5.5,598023
STR Binny,36,22,175,5,108,13.5,598026
STR Binny,9,10,144,4,79,13.0,598032
STR Binny,6,3,168,6,157,18.666666666666668,598036
STR Binny,3,5,124,7,110,17.833333333333332,598043
STR Binny,32,13,179,5,133,16.166666666666668,598047
STR Binny,41,23,143,6,45,9.5,598058
STR Binny,37,29,136,6,26,5.833333333333333,598063
STR Binny,8,8,107,5,49,12.0,598065
STR Binny,2,6,131,5,53,7.833333333333333,598071
STR Binny,27,17,151,5,63,9.833333333333334,598072
STR Binny,48,32,130,5,28,6.5,729285
STR Binny,12,8,181,5,121,13.333333333333334,729291
STR Binny,8,11,131,5,43,6.833333333333333,729297
STR Binny,0,0,0,6,65,13.0,729305
STR Binny,0,1,147,5,113,16.166666666666668,729315
STR Binny,11,9,162,5,131,16.5,733979
STR Binny,12,19,92,5,35,6.0,733989
STR Binny,1,2,178,4,59,8.666666666666666,733999
STR Binny,22,17,136,5,90,12.833333333333334,734003
STR Binny,0,2,185,5,154,17.166666666666668,734011
STR Binny,2,10,145,7,61,8.833333333333334,734017
STR Binny,7,10,156,5,54,8.5,734033
STR Binny,13,16,141,5,30,6.166666666666667,829709
STR Binny,1,2,180,5,73,10.166666666666666,829715
STR Binny,16,14,124,5,85,14.833333333333334,829727
STR Binny,12,4,181,7,156,18.5,829741
STR Binny,20,20,126,7,86,12.833333333333334,829749
STR Binny,8,5,166,6,150,17.833333333333332,829769
STR Binny,3,3,187,8,138,17.333333333333332,829787
STR Binny,0,1,106,8,90,15.0,829819
STR Binny,1,2,157,7,149,19.333333333333332,980927
STR Binny,16,4,180,7,162,19.166666666666668,980959
STR Binny,0,0,0,7,170,20.166666666666668,980977
STR Binny,16,11,129,6,106,15.166666666666666,981011
STR Binny,21,15,142,7,21,5.666666666666667,981013
STR Binny,9,7,191,7,158,16.666666666666668,981019
STR Binny,11,10,165,7,122,13.833333333333334,1082591
STR Binny,16,18,151,5,52,8.833333333333334,1082595
STR Binny,18,20,144,6,67,13.333333333333334,1082598
STR Binny,6,4,130,7,115,18.333333333333332,1082602
STR Binny,18,8,126,6,85,15.166666666666666,1082607
STR Binny,8,9,42,6,20,4.333333333333333,1082617
STR Binny,1,7,92,6,45,8.833333333333334,1082624
STR Binny,10,8,132,7,88,12.666666666666666,1136577
STR Binny,11,7,154,6,130,16.5,1136600
STR Binny,22,17,174,6,107,12.833333333333334,1136603
STR Binny,1,4,140,6,94,10.666666666666666,1136609
STR Binny,0,3,143,5,125,17.0,1136618
STR Binny,33,11,160,7,123,17.333333333333332,1178407
STR Binny,7,4,156,7,147,18.333333333333332,1178411
STR Binny,19,13,186,6,159,16.833333333333332,1178415
STR Binny,11,11,172,6,77,10.333333333333334,1178418
STR Binny,0,1,106,7,56,11.5,1178428
Harmeet Singh,0,0,0,10,146,19.833333333333332,419141
Harmeet Singh,0,1,96,9,95,17.833333333333332,419163
Harmeet Singh,0,0,0,10,78,18.166666666666668,419164
Harmeet Singh,1,1,150,11,145,19.666666666666668,548309
Harmeet Singh,14,6,127,10,97,18.166666666666668,548323
Harmeet Singh,3,4,112,9,99,18.333333333333332,598056
IR Jaggi,25,28,133,2,0,0.16666666666666666,501199
IR Jaggi,3,9,145,2,0,0.16666666666666666,501203
IR Jaggi,3,7,122,6,96,15.833333333333334,548335
IR Jaggi,10,7,166,6,148,17.666666666666668,548341
IR Jaggi,2,7,95,3,35,5.666666666666667,548346
IR Jaggi,5,8,44,5,11,1.5,1082648
IR Jaggi,28,31,100,5,22,5.5,1082649
DT Christian,26,19,133,6,65,10.333333333333334,501199
DT Christian,25,13,145,6,76,12.5,501203
DT Christian,0,1,168,6,161,19.5,501208
DT Christian,24,13,154,6,110,15.0,501212
DT Christian,8,11,163,5,125,14.833333333333334,501216
DT Christian,21,18,123,6,64,9.833333333333334,501224
DT Christian,9,11,122,6,105,17.0,501229
DT Christian,1,1,141,7,132,18.333333333333332,501236
DT Christian,1,3,144,5,67,10.333333333333334,501239
DT Christian,26,21,163,5,82,12.166666666666666,501243
DT Christian,10,11,135,5,75,11.166666666666666,501250
DT Christian,18,23,128,6,56,10.833333333333334,501256
DT Christian,14,12,129,5,100,15.333333333333334,501259
DT Christian,2,3,115,6,81,11.666666666666666,548311
DT Christian,39,36,133,4,9,3.3333333333333335,548314
DT Christian,19,21,150,4,79,9.333333333333334,548321
DT Christian,29,19,183,3,86,10.833333333333334,548326
DT Christian,5,5,95,6,55,11.333333333333334,548346
DT Christian,27,24,146,5,83,12.166666666666666,548352
DT Christian,24,10,177,5,133,17.166666666666668,548366
DT Christian,4,13,140,5,29,6.333333333333333,597999
DT Christian,2,2,156,5,126,16.833333333333332,598012
DT Christian,17,8,157,7,126,18.0,1082594
DT Christian,1,3,148,6,116,16.333333333333332,1082607
DT Christian,8,7,156,7,136,17.666666666666668,1082618
DT Christian,16,6,175,6,147,18.0,1082620
DT Christian,17,8,160,7,112,16.333333333333332,1082629
DT Christian,9,10,150,7,132,16.333333333333332,1082631
DT Christian,4,2,141,6,98,15.833333333333334,1082634
DT Christian,3,3,151,7,129,17.666666666666668,1082642
DT Christian,4,2,119,6,115,19.5,1082650
DT Christian,13,12,160,8,121,15.666666666666666,1136562
DT Christian,6,11,130,6,57,8.333333333333334,1136582
DT Christian,7,9,160,7,131,17.0,1136596
DT Christian,1,3,147,7,94,15.166666666666666,1254058
DT Christian,1,2,139,7,99,16.0,1254063
DT Christian,1,3,114,6,73,9.0,1254076
DT Christian,0,1,154,3,63,9.833333333333334,1254090
DT Christian,1,4,134,3,6,1.1666666666666667,1254095
DT Christian,1,3,154,6,150,18.833333333333332,1254108
DT Christian,8,7,120,7,98,16.833333333333332,1254115
RV Gomez,0,1,144,6,131,18.166666666666668,501200
RV Gomez,26,18,136,7,107,15.5,501207
RV Gomez,10,10,124,7,96,15.166666666666666,501219
RV Gomez,0,1,100,6,83,15.666666666666666,501225
RV Gomez,0,1,67,4,0,1.5,501229
RV Gomez,1,1,149,7,127,19.166666666666668,501242
RV Gomez,7,15,115,7,82,13.666666666666666,501247
RV Gomez,2,3,155,7,142,18.5,501254
RV Gomez,4,1,163,7,158,19.833333333333332,598067
MA Agarwal,31,22,147,1,0,0.16666666666666666,501200
MA Agarwal,0,1,125,1,0,0.16666666666666666,501205
MA Agarwal,14,12,132,1,0,0.16666666666666666,501208
MA Agarwal,7,13,153,1,0,0.16666666666666666,501211
MA Agarwal,34,33,161,1,0,0.16666666666666666,501268
MA Agarwal,41,31,165,1,0,0.16666666666666666,501270
MA Agarwal,10,5,141,1,0,0.16666666666666666,501271
MA Agarwal,16,15,151,6,56,8.333333333333334,548310
MA Agarwal,5,6,113,6,25,7.5,548315
MA Agarwal,45,26,189,1,0,0.16666666666666666,548318
MA Agarwal,34,21,133,1,0,0.16666666666666666,548324
MA Agarwal,9,9,178,3,6,2.8333333333333335,548327
MA Agarwal,1,3,158,1,0,0.16666666666666666,548331
MA Agarwal,15,17,165,3,23,3.8333333333333335,548336
MA Agarwal,10,13,138,6,72,13.0,548344
MA Agarwal,7,9,152,1,0,0.16666666666666666,548350
MA Agarwal,18,6,179,6,112,15.5,548356
MA Agarwal,64,30,152,6,74,11.666666666666666,548367
MA Agarwal,1,2,120,6,54,9.5,548376
MA Agarwal,1,5,140,4,27,5.0,597999
MA Agarwal,7,8,122,6,78,14.166666666666666,598004
MA Agarwal,6,8,141,2,0,0.16666666666666666,598008
MA Agarwal,24,21,156,2,0,0.16666666666666666,598012
MA Agarwal,29,20,157,1,0,0.16666666666666666,598048
MA Agarwal,6,10,135,1,0,0.16666666666666666,729281
MA Agarwal,26,14,156,2,0,0.16666666666666666,729289
MA Agarwal,2,7,82,1,0,0.16666666666666666,729293
MA Agarwal,25,18,138,3,9,2.8333333333333335,733993
MA Agarwal,31,25,157,3,2,0.8333333333333334,734005
MA Agarwal,17,10,130,2,0,0.16666666666666666,734011
MA Agarwal,6,2,159,6,139,17.333333333333332,734019
MA Agarwal,2,5,108,2,0,0.16666666666666666,734039
MA Agarwal,15,12,144,1,0,0.16666666666666666,829707
MA Agarwal,37,21,175,1,0,0.16666666666666666,829715
MA Agarwal,68,48,157,1,0,0.16666666666666666,829725
MA Agarwal,1,3,158,1,0,0.16666666666666666,829731
MA Agarwal,1,8,133,1,0,0.16666666666666666,829739
MA Agarwal,1,2,181,1,0,0.16666666666666666,829747
MA Agarwal,27,34,87,1,0,0.16666666666666666,829757
MA Agarwal,52,39,111,1,0,0.16666666666666666,829767
MA Agarwal,11,8,160,1,0,0.16666666666666666,829777
MA Agarwal,0,1,148,1,0,0.16666666666666666,829783
MA Agarwal,9,11,86,1,0,0.16666666666666666,980903
MA Agarwal,10,9,147,2,0,0.16666666666666666,980983
MA Agarwal,8,5,123,1,0,0.16666666666666666,980993
MA Agarwal,6,5,183,2,0,0.16666666666666666,1082592
MA Agarwal,0,4,157,2,0,0.16666666666666666,1082594
MA Agarwal,20,18,103,2,0,0.16666666666666666,1082599
MA Agarwal,7,5,165,2,0,0.16666666666666666,1136562
MA Agarwal,15,11,149,2,0,0.16666666666666666,1136568
MA Agarwal,30,19,196,3,95,8.166666666666666,1136572
MA Agarwal,18,9,185,3,49,8.0,1136576
MA Agarwal,2,2,124,3,115,9.833333333333334,1136578
MA Agarwal,21,16,129,3,5,1.6666666666666665,1136582
MA Agarwal,12,15,117,3,55,8.0,1136585
MA Agarwal,11,7,164,7,126,17.0,1136594
MA Agarwal,2,3,152,3,22,3.5,1136598
MA Agarwal,0,1,207,3,56,5.833333333333333,1136604
MA Agarwal,2,6,83,6,49,7.0,1136608
MA Agarwal,22,24,168,3,4,0.8333333333333334,1175359
MA Agarwal,58,34,184,3,11,1.8333333333333335,1175361
MA Agarwal,43,21,169,3,52,7.5,1175364
MA Agarwal,6,9,157,3,15,2.0,1175368
MA Agarwal,0,2,128,3,6,1.8333333333333335,1178393
MA Agarwal,55,43,150,3,18,3.3333333333333335,1178397
MA Agarwal,15,9,166,3,66,6.5,1178403
MA Agarwal,26,12,170,3,34,5.833333333333333,1178407
MA Agarwal,2,9,158,3,13,1.8333333333333335,1178412
MA Agarwal,35,21,181,3,40,3.5,1178417
MA Agarwal,27,18,159,3,9,2.3333333333333335,1178423
MA Agarwal,36,26,180,3,13,2.6666666666666665,1178427
MA Agarwal,7,6,159,4,99,10.833333333333334,1178430
MA Agarwal,89,60,149,2,0,0.16666666666666666,1216493
MA Agarwal,25,18,136,2,0,0.16666666666666666,1216503
MA Agarwal,26,15,151,2,0,0.16666666666666666,1216506
MA Agarwal,26,20,195,2,0,0.16666666666666666,1216510
MA Agarwal,26,19,174,2,0,0.16666666666666666,1216513
MA Agarwal,11,10,172,2,0,0.16666666666666666,1216517
MA Agarwal,56,39,160,2,0,0.16666666666666666,1216523
MA Agarwal,106,50,213,2,0,0.16666666666666666,1216527
MA Agarwal,45,25,165,2,0,0.16666666666666666,1216531
MA Agarwal,9,6,128,2,0,0.16666666666666666,1216542
MA Agarwal,5,9,159,2,0,0.16666666666666666,1216546
MA Agarwal,14,9,211,2,0,0.16666666666666666,1254061
MA Agarwal,0,2,102,2,0,0.16666666666666666,1254065
MA Agarwal,65,35,182,2,0,0.16666666666666666,1254068
MA Agarwal,22,25,108,2,0,0.16666666666666666,1254071
MA Agarwal,21,19,124,2,0,0.16666666666666666,1254074
MA Agarwal,31,34,118,2,0,0.16666666666666666,1254078
MA Agarwal,99,58,161,2,0,0.16666666666666666,1254086
MA Agarwal,56,41,149,2,0,0.16666666666666666,1254090
MA Agarwal,12,12,134,2,0,0.16666666666666666,1254094
MA Agarwal,40,26,162,2,0,0.16666666666666666,1254102
MA Agarwal,5,6,118,2,0,0.16666666666666666,1254107
MA Agarwal,66,42,173,2,0,0.16666666666666666,1254111
MA Agarwal,32,24,186,1,0,0.16666666666666666,1304049
MA Agarwal,1,5,126,1,0,0.16666666666666666,1304054
MA Agarwal,4,2,166,1,0,0.16666666666666666,1304057
MA Agarwal,5,9,185,1,0,0.16666666666666666,1304062
MA Agarwal,52,32,182,1,0,0.16666666666666666,1304069
MA Agarwal,24,15,113,1,0,0.16666666666666666,1304078
MA Agarwal,18,21,173,1,0,0.16666666666666666,1304084
MA Agarwal,25,17,117,1,0,0.16666666666666666,1304088
MA Agarwal,15,13,174,4,84,10.5,1304098
MA Agarwal,19,16,202,5,98,9.333333333333334,1304106
MA Agarwal,0,2,135,5,51,6.166666666666667,1304110
MA Agarwal,1,4,154,4,66,6.666666666666667,1304116
MA Agarwal,27,23,116,2,0,0.16666666666666666,1359478
MA Agarwal,8,7,117,2,0,0.16666666666666666,1359484
MA Agarwal,21,20,145,2,0,0.16666666666666666,1359488
MA Agarwal,9,13,212,2,0,0.16666666666666666,1359493
MA Agarwal,48,41,159,2,0,0.16666666666666666,1359499
MA Agarwal,2,4,130,6,88,13.0,1359503
MA Agarwal,49,38,136,2,0,0.16666666666666666,1359508
MA Agarwal,5,6,185,2,0,0.16666666666666666,1359514
MA Agarwal,14,10,140,2,0,0.16666666666666666,1359521
MA Agarwal,83,46,187,2,0,0.16666666666666666,1359543
MA Agarwal,32,21,197,1,0,0.16666666666666666,1422121
MA Agarwal,11,13,257,1,0,0.16666666666666666,1422126
MA Agarwal,16,17,158,1,0,0.16666666666666666,1422130
MA Agarwal,5,6,152,3,45,6.0,1426293
AUK Pathan,12,4,147,6,123,17.833333333333332,501200
AUK Pathan,0,2,125,5,96,17.0,501205
AUK Pathan,14,5,153,3,1,0.5,501211
AUK Pathan,0,1,199,6,182,18.0,501244
AUK Pathan,7,4,112,5,29,6.166666666666667,501260
AUK Pathan,2,3,152,6,149,19.333333333333332,548350
AUK Pathan,4,4,179,4,99,13.333333333333334,548356
UBT Chand,0,2,91,3,11,1.5,501201
UBT Chand,2,10,142,4,26,5.0,501204
UBT Chand,18,10,187,1,0,0.16666666666666666,548372
UBT Chand,18,24,136,1,0,0.16666666666666666,548374
UBT Chand,0,1,123,1,0,0.16666666666666666,597998
UBT Chand,23,19,149,2,0,0.16666666666666666,598001
UBT Chand,0,1,155,1,0,0.16666666666666666,598006
UBT Chand,7,8,151,2,0,0.16666666666666666,598028
UBT Chand,17,19,150,3,14,4.333333333333333,598035
UBT Chand,37,39,135,3,22,3.8333333333333335,598040
UBT Chand,17,23,74,3,13,3.8333333333333335,598044
UBT Chand,41,35,168,3,25,3.3333333333333335,598054
UBT Chand,16,12,126,2,0,0.16666666666666666,598062
UBT Chand,2,9,145,2,0,0.16666666666666666,734017
UBT Chand,12,17,159,3,24,3.6666666666666665,829721
UBT Chand,58,37,192,3,39,6.0,829737
UBT Chand,14,11,142,3,32,4.5,829747
UBT Chand,5,4,147,3,37,5.833333333333333,829751
UBT Chand,13,14,174,3,40,5.0,829769
UBT Chand,0,4,116,2,0,0.16666666666666666,980985
DJ Jacobs,1,6,88,1,0,0.16666666666666666,501201
DJ Jacobs,22,16,139,1,0,0.16666666666666666,501205
DJ Jacobs,12,21,165,1,0,0.16666666666666666,501210
DJ Jacobs,32,20,167,1,0,0.16666666666666666,501224
DJ Jacobs,15,15,87,1,0,0.16666666666666666,501231
DJ Jacobs,10,10,154,1,0,0.16666666666666666,501237
DJ Jacobs,0,10,83,2,0,0.16666666666666666,548325
Sunny Singh,12,6,101,6,8,3.6666666666666665,501202
Sunny Singh,20,11,192,4,99,10.333333333333334,501206
Sunny Singh,5,5,174,7,163,18.333333333333332,501220
Sunny Singh,2,4,193,7,176,17.833333333333332,501223
Sunny Singh,4,5,114,6,32,5.666666666666667,501244
NJ Rimmington,1,1,101,10,91,19.333333333333332,501202
AL Menaria,22,15,139,4,49,7.666666666666667,501204
AL Menaria,27,21,140,3,21,4.666666666666667,501209
AL Menaria,21,17,76,5,37,7.0,501214
AL Menaria,34,26,145,6,48,8.166666666666666,501220
AL Menaria,4,4,93,5,88,17.5,501231
AL Menaria,29,22,132,4,37,7.333333333333333,501235
AL Menaria,2,8,139,3,81,10.333333333333334,501240
AL Menaria,2,5,128,5,60,8.5,501249
AL Menaria,8,6,134,6,119,16.666666666666668,501252
AL Menaria,31,28,94,5,25,5.5,501258
AL Menaria,0,3,172,3,69,9.833333333333334,548309
AL Menaria,40,30,160,4,43,6.833333333333333,548312
AL Menaria,20,15,166,5,87,11.333333333333334,548317
AL Menaria,1,6,121,3,45,6.333333333333333,548320
AL Menaria,22,20,191,3,59,6.333333333333333,548326
AL Menaria,36,34,132,4,49,8.166666666666666,548332
AL Menaria,2,4,136,6,90,12.5,548349
AL Menaria,34,27,171,4,73,8.0,548354
AL Menaria,18,21,126,4,49,6.166666666666667,548358
AL Menaria,6,5,114,7,85,17.333333333333332,548361
AL Menaria,20,17,118,6,69,12.166666666666666,548373
AL Menaria,15,18,142,6,97,14.166666666666666,548377
AL Menaria,1,2,156,7,152,19.166666666666668,598001
WD Parnell,1,5,140,7,107,15.0,501207
WD Parnell,10,9,175,7,136,17.5,501213
WD Parnell,9,8,104,8,73,13.166666666666666,501218
WD Parnell,16,16,133,9,91,15.0,501259
WD Parnell,1,1,104,8,102,19.666666666666668,501262
WD Parnell,11,14,121,3,0,1.0,548308
WD Parnell,2,4,113,7,90,17.166666666666668,548351
WD Parnell,1,2,133,8,118,17.833333333333332,548353
WD Parnell,2,2,115,8,112,19.5,548358
WD Parnell,3,5,92,8,82,17.166666666666668,548375
WD Parnell,5,7,102,8,91,16.333333333333332,598053
WD Parnell,0,0,0,7,137,19.666666666666668,733975
WD Parnell,2,2,159,8,150,18.333333333333332,734019
WD Parnell,2,5,207,8,184,17.333333333333332,1359498
JJ van der Wath,0,1,132,8,112,17.0,501208
JJ van der Wath,14,10,153,8,119,16.833333333333332,501211
JJ van der Wath,4,5,112,8,79,12.5,501260
R Ninan,3,5,132,10,124,17.833333333333332,501208
S Aravind,2,3,132,11,129,19.333333333333332,501208
S Aravind,11,5,112,11,94,15.666666666666666,501260
S Aravind,14,8,133,10,113,17.0,548324
S Aravind,0,1,132,10,132,20.166666666666668,829821
S Aravind,0,2,165,8,148,17.0,1082591
S Aravind,6,7,126,10,119,18.5,1082607
S Aravind,5,4,42,10,37,8.666666666666666,1082617
S Aravind,9,16,122,9,95,14.666666666666666,1082621
S Aravind,8,5,92,10,78,17.0,1082624
S Aravind,0,0,0,9,158,20.0,1082628
S Aravind,4,6,112,8,73,11.5,1082633
S Aravind,0,0,0,8,139,19.666666666666668,1082636
MS Wade,3,4,180,5,108,12.666666666666666,501213
MS Wade,8,9,147,4,40,6.5,501227
MS Wade,11,20,51,3,22,3.8333333333333335,501265
MS Wade,30,29,152,2,0,0.16666666666666666,1304050
MS Wade,1,2,160,1,0,0.16666666666666666,1304056
MS Wade,6,7,182,1,0,0.16666666666666666,1304062
MS Wade,19,19,140,1,0,0.16666666666666666,1304067
MS Wade,12,6,188,1,0,0.16666666666666666,1304070
MS Wade,10,7,137,3,8,2.8333333333333335,1304103
MS Wade,20,15,127,3,58,7.333333333333333,1304108
MS Wade,16,13,165,3,21,2.6666666666666665,1304113
MS Wade,35,30,178,3,0,0.5,1312197
MS Wade,8,10,124,3,9,1.8333333333333335,1312200
MS Wade,4,6,184,3,63,8.5,1426262
TD Paine,2,9,104,2,0,0.16666666666666666,501218
TD Paine,8,17,146,2,0,0.16666666666666666,501232
SB Wagh,2,2,104,10,97,16.166666666666668,501218
SB Wagh,0,1,129,8,118,19.166666666666668,501241
AC Thomas,0,2,104,11,104,16.833333333333332,501218
AC Thomas,1,2,110,11,108,19.5,501226
AC Thomas,12,9,144,8,109,17.333333333333332,548341
AC Thomas,7,6,134,9,106,16.0,548362
JEC Franklin,6,8,114,1,0,0.16666666666666666,501218
JEC Franklin,11,5,128,6,113,18.166666666666668,501263
JEC Franklin,45,23,162,6,85,12.666666666666666,501267
JEC Franklin,29,25,144,5,90,11.0,501269
JEC Franklin,16,17,138,5,67,8.166666666666666,501270
JEC Franklin,25,30,109,5,67,9.166666666666666,548306
JEC Franklin,32,42,96,4,2,1.3333333333333333,548308
JEC Franklin,7,4,138,7,117,19.0,548314
JEC Franklin,2,3,191,7,168,17.833333333333332,548317
JEC Franklin,79,51,157,1,0,0.16666666666666666,548334
JEC Franklin,22,22,161,1,0,0.16666666666666666,548339
JEC Franklin,13,20,91,5,40,8.666666666666666,548346
JEC Franklin,25,22,109,1,0,0.16666666666666666,548351
JEC Franklin,1,9,171,1,0,0.16666666666666666,548355
JEC Franklin,1,6,134,1,0,0.16666666666666666,548360
JEC Franklin,13,13,138,5,65,8.333333333333334,548379
Shakib Al Hasan,2,5,115,6,65,12.5,501219
Shakib Al Hasan,1,1,169,8,160,19.5,501267
Shakib Al Hasan,26,16,141,7,78,13.166666666666666,501269
Shakib Al Hasan,4,4,159,7,136,17.0,548315
Shakib Al Hasan,16,10,125,5,85,15.0,548320
Shakib Al Hasan,4,8,123,5,69,11.5,548323
Shakib Al Hasan,13,12,125,5,41,8.666666666666666,548370
Shakib Al Hasan,42,30,127,4,38,8.833333333333334,548375
Shakib Al Hasan,1,3,158,4,84,12.833333333333334,548378
Shakib Al Hasan,9,6,182,6,157,17.333333333333332,548381
Shakib Al Hasan,1,2,155,6,138,18.5,729279
Shakib Al Hasan,30,22,148,5,63,11.166666666666666,729289
Shakib Al Hasan,29,18,141,6,81,14.0,729315
Shakib Al Hasan,0,1,109,5,35,5.333333333333333,733971
Shakib Al Hasan,20,13,149,5,120,15.0,733979
Shakib Al Hasan,9,8,137,5,112,16.166666666666668,734009
Shakib Al Hasan,46,21,152,4,94,11.833333333333334,734023
Shakib Al Hasan,60,38,187,5,53,7.166666666666667,734027
Shakib Al Hasan,1,5,146,6,65,9.833333333333334,734037
Shakib Al Hasan,18,16,156,4,64,8.5,734043
Shakib Al Hasan,12,7,194,5,127,13.833333333333334,734049
Shakib Al Hasan,0,1,171,7,158,19.333333333333332,829713
Shakib Al Hasan,23,15,158,5,84,11.166666666666666,829805
Shakib Al Hasan,13,11,164,7,115,13.833333333333334,829811
Shakib Al Hasan,11,15,133,4,90,11.0,980925
Shakib Al Hasan,3,9,152,4,29,3.0,980939
Shakib Al Hasan,6,4,173,3,68,7.833333333333333,980947
Shakib Al Hasan,66,49,152,5,21,3.6666666666666665,980975
Shakib Al Hasan,18,11,171,7,116,15.5,980995
Shakib Al Hasan,3,8,117,6,50,9.5,981001
Shakib Al Hasan,7,10,167,7,149,16.833333333333332,981009
Shakib Al Hasan,1,1,184,7,183,20.0,1082613
Shakib Al Hasan,12,12,147,5,74,9.0,1136567
Shakib Al Hasan,27,21,134,5,51,8.833333333333334,1136570
Shakib Al Hasan,20,11,161,7,125,16.833333333333332,1136576
Shakib Al Hasan,24,19,176,5,21,4.5,1136580
Shakib Al Hasan,2,4,106,5,38,5.0,1136583
Shakib Al Hasan,28,28,124,5,26,5.0,1136585
Shakib Al Hasan,6,6,150,5,116,15.0,1136588
Shakib Al Hasan,35,32,137,5,45,8.5,1136599
Shakib Al Hasan,8,6,166,6,150,18.666666666666668,1136606
Shakib Al Hasan,10,7,161,7,150,18.333333333333332,1136614
Shakib Al Hasan,12,10,130,5,36,4.5,1136617
Shakib Al Hasan,28,24,169,4,58,8.0,1136619
Shakib Al Hasan,23,15,169,4,59,8.666666666666666,1136620
Shakib Al Hasan,9,10,151,5,118,15.166666666666666,1178420
Shakib Al Hasan,3,5,180,7,155,17.833333333333332,1254060
Shakib Al Hasan,9,9,130,5,97,13.0,1254062
Shakib Al Hasan,26,25,162,6,71,8.666666666666666,1254067
Shakib Al Hasan,9,6,134,8,121,17.833333333333332,1254115
Shakib Al Hasan,0,2,126,7,119,19.166666666666668,1254116
Shakib Al Hasan,0,1,152,7,115,15.0,1254117
DH Yagnik,10,9,145,8,123,17.333333333333332,501220
DH Yagnik,1,1,139,8,131,18.833333333333332,501240
DH Yagnik,3,7,128,8,124,17.666666666666668,501249
DH Yagnik,1,4,134,8,130,18.666666666666668,501252
DH Yagnik,9,3,191,7,167,18.333333333333332,548326
DH Yagnik,10,7,114,8,103,18.666666666666668,548361
DH Yagnik,6,3,142,7,129,19.166666666666668,548377
DH Yagnik,16,11,134,7,97,15.833333333333334,598005
DH Yagnik,12,8,138,6,89,14.5,598009
DH Yagnik,33,22,163,3,56,7.5,598019
DH Yagnik,5,4,117,6,97,14.833333333333334,598023
DH Yagnik,7,8,175,3,70,7.5,598026
DH Yagnik,10,6,124,5,64,11.0,598043
DH Yagnik,10,14,136,7,50,9.333333333333334,598063
DH Yagnik,0,4,131,4,50,6.833333333333333,598071
DH Yagnik,31,16,151,8,106,15.666666666666666,598072
DH Yagnik,4,6,136,8,125,18.333333333333332,734003
S Randiv,2,4,145,10,126,18.166666666666668,501221
BJ Haddin,18,11,157,2,0,0.16666666666666666,501222
NLTC Perera,1,4,100,7,83,15.833333333333334,501225
NLTC Perera,22,23,67,8,9,4.166666666666667,501229
NLTC Perera,4,5,157,7,150,18.666666666666668,548334
NLTC Perera,0,4,109,7,83,15.0,548351
NLTC Perera,30,18,123,5,69,13.166666666666666,598000
NLTC Perera,7,8,114,6,71,13.833333333333334,598004
NLTC Perera,2,3,112,6,67,14.166666666666666,598010
NLTC Perera,36,25,120,5,64,11.333333333333334,598013
NLTC Perera,2,4,114,7,38,9.5,598018
NLTC Perera,23,11,121,6,86,15.333333333333334,598021
NLTC Perera,4,4,133,6,15,3.8333333333333335,598032
NLTC Perera,39,23,155,5,62,10.5,598048
NLTC Perera,23,13,142,6,59,8.5,598051
NLTC Perera,32,19,146,8,92,15.0,598056
NLTC Perera,2,5,171,5,161,18.666666666666668,598060
NLTC Perera,17,13,121,7,93,16.5,598065
NLTC Perera,4,10,123,5,95,14.5,598069
NLTC Perera,11,6,126,6,80,15.833333333333334,598071
NLTC Perera,9,8,142,6,82,12.0,829733
NLTC Perera,3,7,110,7,35,8.166666666666666,829767
NLTC Perera,8,9,141,4,57,8.166666666666666,980919
NLTC Perera,34,13,165,6,105,14.833333333333334,980931
NLTC Perera,12,9,154,4,80,12.5,980939
NLTC Perera,3,2,188,5,181,19.666666666666668,980949
NLTC Perera,12,9,151,6,132,17.666666666666668,980957
NLTC Perera,13,4,153,5,135,18.333333333333332,980965
NLTC Perera,14,8,184,5,138,15.833333333333334,980969
NLTC Perera,17,13,130,7,85,15.166666666666666,980979
NLTC Perera,13,11,97,7,81,14.0,980989
NLTC Perera,23,14,165,7,82,13.5,981005
NL McCullum,15,16,110,7,73,13.166666666666666,501226
NL McCullum,11,6,138,7,119,18.333333333333332,501235
JE Taylor,2,1,110,9,105,19.0,501226
JE Taylor,1,2,136,8,118,18.5,501228
J Syed Mohammad,13,10,143,9,122,17.166666666666668,501227
J Syed Mohammad,2,2,141,10,125,18.833333333333332,501271
J Syed Mohammad,4,1,179,7,137,17.166666666666668,548356
J Syed Mohammad,1,2,148,7,133,18.166666666666668,598017
J Syed Mohammad,9,11,124,7,58,10.666666666666666,598033
RN ten Doeschate,19,12,140,7,100,15.166666666666666,501230
RN ten Doeschate,18,12,169,6,120,16.166666666666668,501267
RN ten Doeschate,70,49,141,6,18,5.666666666666667,501269
RN ten Doeschate,3,4,159,6,135,16.5,548315
RN ten Doeschate,7,3,125,7,114,18.833333333333332,548320
RN ten Doeschate,11,14,123,8,80,14.833333333333334,548323
RN ten Doeschate,31,21,141,5,72,11.833333333333334,598053
RN ten Doeschate,11,7,111,6,91,17.0,598057
RN ten Doeschate,42,30,148,5,14,4.833333333333333,598061
RN ten Doeschate,1,5,116,6,81,15.333333333333334,598069
RN ten Doeschate,0,1,149,7,120,15.5,733979
RN ten Doeschate,0,0,0,6,133,18.666666666666668,734009
RN ten Doeschate,25,15,145,5,103,15.5,734015
RN ten Doeschate,6,3,187,6,170,18.833333333333332,734027
RN ten Doeschate,0,1,146,5,64,9.5,734037
RN ten Doeschate,17,10,156,6,102,14.5,734043
RN ten Doeschate,4,3,194,6,152,15.666666666666666,734049
RN ten Doeschate,0,1,157,6,59,7.833333333333333,829733
RN ten Doeschate,3,2,140,6,137,18.0,829739
RN ten Doeschate,38,28,127,6,75,12.5,829765
RN ten Doeschate,12,7,101,4,67,7.0,829771
RN ten Doeschate,8,7,160,5,81,12.166666666666666,829781
TR Birt,8,11,124,5,59,10.666666666666666,501230
TR Birt,20,12,141,6,81,14.833333333333334,501233
TR Birt,27,15,133,6,90,15.166666666666666,501238
TR Birt,4,8,169,5,18,6.0,501243
TR Birt,16,11,129,7,82,14.5,501257
AG Murtaza,2,5,87,10,76,18.333333333333332,501231
AG Murtaza,3,5,92,10,87,18.666666666666668,548375
AG Murtaza,5,4,129,9,123,19.0,598027
Harpreet Singh,1,1,146,7,130,18.666666666666668,501232
Harpreet Singh,13,19,138,5,89,12.333333333333334,501235
Harpreet Singh,6,6,92,7,76,16.0,548375
Harpreet Singh,22,22,154,4,17,2.5,1359495
Harpreet Singh,13,9,139,5,27,3.5,1359501
Harpreet Singh,37,27,197,5,76,9.5,1359505
Harpreet Singh,13,15,156,5,8,2.1666666666666665,1426271
Harpreet Singh,14,19,132,8,84,14.0,1426275
M Klinger,2,6,111,2,0,0.16666666666666666,501233
M Klinger,18,19,117,1,0,0.16666666666666666,501238
M Klinger,28,25,149,2,0,0.16666666666666666,501242
M Klinger,24,25,115,1,0,0.16666666666666666,501247
AC Blizzard,6,6,144,1,0,0.16666666666666666,501241
AC Blizzard,37,23,172,1,0,0.16666666666666666,501246
AC Blizzard,15,10,82,1,0,0.16666666666666666,501251
AC Blizzard,1,7,107,2,0,0.16666666666666666,501256
AC Blizzard,51,30,144,1,0,0.16666666666666666,501269
AC Blizzard,10,11,138,1,0,0.16666666666666666,501270
AC Blizzard,0,3,166,1,0,0.16666666666666666,548342
I Malhotra,7,4,163,7,149,18.5,501243
L Ablish,0,2,114,11,100,18.833333333333332,501244
CA Ingram,1,2,132,3,3,1.0,501246
CA Ingram,7,12,144,3,29,3.0,501253
CA Ingram,13,11,51,4,28,6.166666666666667,501265
CA Ingram,47,32,205,4,25,3.8333333333333335,1175358
CA Ingram,2,2,140,5,114,15.666666666666666,1175360
CA Ingram,10,7,181,5,167,18.0,1175365
CA Ingram,38,29,141,5,72,10.0,1175368
CA Ingram,5,8,124,6,59,11.0,1175371
CA Ingram,22,21,139,4,60,8.5,1178395
CA Ingram,14,6,177,5,159,17.333333333333332,1178401
CA Ingram,19,9,155,5,119,15.333333333333334,1178412
CA Ingram,3,5,188,6,170,18.166666666666668,1178415
CA Ingram,11,7,182,5,126,15.0,1178421
CA Ingram,1,5,99,5,63,6.5,1178425
CA Ingram,12,23,116,5,57,7.666666666666667,1178428
S Nadeem,0,0,0,9,170,19.166666666666668,501213
S Nadeem,0,1,132,11,132,20.0,501246
S Nadeem,0,2,139,9,138,19.833333333333332,548357
S Nadeem,4,8,123,9,108,18.0,597998
S Nadeem,2,3,155,8,117,15.5,598006
S Nadeem,0,1,103,9,86,18.0,598010
S Nadeem,2,7,79,10,76,15.5,598020
S Nadeem,0,3,74,9,67,16.833333333333332,598044
S Nadeem,6,5,118,10,109,18.666666666666668,598067
S Nadeem,3,8,82,8,73,12.333333333333334,729293
S Nadeem,1,4,130,8,69,11.833333333333334,734011
S Nadeem,3,7,108,8,91,13.833333333333334,734039
S Nadeem,2,7,87,9,78,15.166666666666666,829757
S Nadeem,1,5,123,9,107,15.666666666666666,980993
S Nadeem,0,2,137,10,134,19.333333333333332,1082595
S Nadeem,0,1,62,11,62,17.166666666666668,1082626
S Nadeem,0,0,0,10,159,20.0,1082642
S Nadeem,2,6,143,10,128,18.166666666666668,1082646
S Nadeem,6,8,121,10,109,12.0,1136573
S Nadeem,5,5,141,8,121,17.5,1216528
S Nadeem,2,3,166,9,162,18.833333333333332,1237180
S Nadeem,0,1,127,10,126,20.0,1254063
P Parameswaran,1,1,115,11,112,19.833333333333332,501247
P Parameswaran,0,1,120,11,119,19.833333333333332,548376
CJ Ferguson,6,14,108,5,75,12.333333333333334,501248
CJ Ferguson,15,8,134,6,117,16.5,501250
CJ Ferguson,11,13,133,7,45,8.0,501259
CJ Ferguson,16,19,104,3,9,1.5,501262
CJ Ferguson,12,13,121,5,21,5.0,548308
CJ Ferguson,3,6,149,5,104,15.166666666666666,548313
CJ Ferguson,23,26,120,5,10,2.3333333333333335,548365
CJ Ferguson,12,18,92,6,53,10.833333333333334,548375
VR Aaron,0,5,129,10,116,18.666666666666668,501257
VR Aaron,1,1,139,10,138,20.0,548357
VR Aaron,0,2,125,11,125,16.666666666666668,548380
VR Aaron,10,14,113,9,96,14.666666666666666,729313
VR Aaron,7,8,158,9,142,17.666666666666668,733983
VR Aaron,17,11,154,10,122,16.666666666666668,733991
VR Aaron,6,3,150,10,139,19.166666666666668,829719
VR Aaron,0,0,0,8,179,20.0,980959
VR Aaron,4,5,148,9,135,18.166666666666668,1082601
VR Aaron,0,5,126,9,108,18.333333333333332,1082633
VR Aaron,3,7,106,10,87,17.666666666666668,1178428
VR Aaron,1,2,128,11,126,19.333333333333332,1216500
VR Aaron,0,8,126,11,125,18.666666666666668,1216530
AA Chavan,1,3,94,9,79,13.333333333333334,501258
AA Chavan,4,2,166,8,151,17.0,548317
AA Chavan,7,6,136,8,123,18.333333333333332,548349
ND Doshi,0,13,94,11,86,15.5,501258
B Kumar,1,1,133,10,124,19.5,501259
B Kumar,2,4,121,8,94,16.5,548308
B Kumar,0,0,0,8,171,20.0,548327
B Kumar,2,4,135,8,127,18.5,548330
B Kumar,7,4,144,9,137,19.5,548341
B Kumar,10,6,113,8,100,18.5,548351
B Kumar,11,7,133,9,121,18.666666666666668,548353
B Kumar,2,4,134,8,100,14.333333333333334,548362
B Kumar,3,5,120,8,85,14.333333333333334,548365
B Kumar,3,6,92,9,85,18.0,548375
B Kumar,3,3,102,9,92,17.333333333333332,598000
B Kumar,8,12,96,9,76,16.333333333333332,598003
B Kumar,6,11,137,9,115,15.666666666666666,598011
B Kumar,0,1,108,9,107,18.5,598018
B Kumar,6,12,129,8,115,16.5,598027
B Kumar,24,24,120,9,86,14.5,598038
B Kumar,2,3,164,8,148,17.5,598042
B Kumar,1,3,102,9,99,18.166666666666668,598053
B Kumar,2,2,108,9,105,19.666666666666668,598055
B Kumar,1,3,113,11,110,18.666666666666668,729295
B Kumar,0,1,122,11,118,20.0,733989
B Kumar,6,4,131,10,123,18.833333333333332,829751
B Kumar,11,4,128,10,113,18.166666666666668,829781
B Kumar,0,2,107,9,79,15.833333333333334,829815
B Kumar,0,1,134,9,134,20.0,980915
B Kumar,21,8,110,9,86,18.333333333333332,980943
B Kumar,1,2,132,8,130,19.5,980979
B Kumar,1,2,130,8,123,18.666666666666668,980983
B Kumar,13,7,155,8,130,17.666666666666668,981003
B Kumar,5,4,138,9,126,18.166666666666668,981009
B Kumar,1,2,156,8,141,18.833333333333332,981015
B Kumar,1,1,194,9,165,18.833333333333332,981019
B Kumar,4,3,146,9,141,19.333333333333332,1082600
B Kumar,0,1,134,9,134,19.5,1082634
B Kumar,1,2,137,9,134,19.166666666666668,1136599
B Kumar,0,1,161,9,161,19.833333333333332,1136614
B Kumar,7,11,130,8,84,15.166666666666666,1136617
B Kumar,5,2,169,9,134,18.333333333333332,1136619
B Kumar,2,6,90,9,83,16.333333333333332,1178394
B Kumar,2,4,110,9,106,17.666666666666668,1178405
B Kumar,1,4,151,9,133,18.333333333333332,1178420
B Kumar,7,5,169,9,136,17.666666666666668,1178429
B Kumar,0,0,0,9,145,20.333333333333332,1181766
B Kumar,0,2,138,8,125,17.166666666666668,1216534
B Kumar,2,2,127,9,119,18.666666666666668,1254063
B Kumar,1,2,132,9,125,18.166666666666668,1254066
B Kumar,14,10,157,9,135,17.166666666666668,1254085
B Kumar,2,2,124,9,108,18.5,1254091
B Kumar,5,3,119,9,103,18.5,1254105
B Kumar,3,4,113,9,100,18.333333333333332,1254107
B Kumar,7,7,112,9,92,17.5,1254109
B Kumar,3,3,139,9,124,19.333333333333332,1304051
B Kumar,1,2,147,9,144,19.333333333333332,1304058
B Kumar,5,3,175,10,170,19.333333333333332,1304096
B Kumar,8,9,118,9,108,16.0,1304100
B Kumar,6,7,120,9,111,18.0,1304107
B Kumar,1,1,145,9,144,19.833333333333332,1304116
B Kumar,6,10,116,9,73,14.166666666666666,1359478
B Kumar,0,0,0,10,105,19.333333333333332,1359484
B Kumar,2,5,159,10,150,18.166666666666668,1359499
B Kumar,5,5,140,9,132,18.5,1359521
B Kumar,2,1,176,8,167,19.166666666666668,1359532
B Kumar,27,26,145,9,58,9.166666666666666,1359536
B Kumar,6,8,175,10,150,17.833333333333332,1426261
B Kumar,13,13,160,9,118,13.5,1426279
B Kumar,4,3,131,10,121,17.666666666666668,1426284
B Kumar,0,4,147,10,113,14.833333333333334,1426309
B Kumar,0,1,100,11,100,18.0,1426312
Y Gnaneswara Rao,19,17,132,3,9,2.5,501261
S Rana,16,15,104,7,70,14.166666666666666,501262
S Rana,3,8,66,6,5,2.5,729305
S Rana,18,16,154,4,8,2.5,733991
S Rana,15,14,177,6,103,14.5,734005
S Rana,1,2,129,6,112,18.166666666666668,734013
S Rana,12,7,153,6,134,17.666666666666668,734021
S Rana,17,11,153,6,121,16.5,734027
S Rana,5,6,148,7,126,17.833333333333332,734035
BA Bhatt,0,5,112,11,100,17.333333333333332,501264
BA Bhatt,6,2,127,11,121,19.833333333333332,548323
F du Plessis,3,2,100,1,0,0.16666666666666666,548306
F du Plessis,39,25,182,2,0,0.16666666666666666,548311
F du Plessis,15,12,104,1,0,0.16666666666666666,548316
F du Plessis,71,46,198,2,0,0.16666666666666666,548318
F du Plessis,43,33,147,1,0,0.16666666666666666,548322
F du Plessis,57,47,161,1,0,0.16666666666666666,548330
F du Plessis,73,52,145,2,0,0.16666666666666666,548332
F du Plessis,29,20,143,1,0,0.16666666666666666,548343
F du Plessis,3,4,133,1,0,0.16666666666666666,548347
F du Plessis,42,35,151,1,0,0.16666666666666666,548352
F du Plessis,9,11,164,2,0,0.16666666666666666,548355
F du Plessis,13,16,155,4,92,10.833333333333334,548368
F du Plessis,24,17,171,4,73,11.166666666666666,729293
F du Plessis,7,9,127,4,58,7.5,729297
F du Plessis,20,25,135,4,59,7.833333333333333,729303
F du Plessis,0,1,142,5,123,15.666666666666666,729311
F du Plessis,52,25,183,5,85,11.0,733987
F du Plessis,31,24,149,4,52,8.333333333333334,733995
F du Plessis,38,39,141,4,39,4.5,734003
F du Plessis,23,20,151,4,59,10.666666666666666,734023
F du Plessis,19,11,177,2,0,0.16666666666666666,734029
F du Plessis,54,43,155,2,0,0.16666666666666666,734035
F du Plessis,35,20,167,2,0,0.16666666666666666,734045
F du Plessis,0,1,182,2,0,0.16666666666666666,734047
F du Plessis,32,24,136,4,27,4.166666666666667,829707
F du Plessis,20,11,145,4,36,3.6666666666666665,829723
F du Plessis,11,13,177,4,107,8.166666666666666,829729
F du Plessis,1,3,150,4,38,5.666666666666667,829735
F du Plessis,33,18,171,6,125,14.333333333333334,829745
F du Plessis,29,29,122,4,61,8.833333333333334,829765
F du Plessis,33,22,163,4,46,5.333333333333333,829773
F du Plessis,24,20,143,4,34,5.666666666666667,829779
F du Plessis,17,16,152,4,59,8.833333333333334,829789
F du Plessis,29,25,149,4,15,3.8333333333333335,829797
F du Plessis,29,23,112,4,34,8.333333333333334,829801
F du Plessis,55,41,128,3,2,1.1666666666666667,829809
F du Plessis,45,34,154,3,0,0.8333333333333334,829817
F du Plessis,21,22,133,3,20,3.3333333333333335,829821
F du Plessis,1,3,153,7,117,16.166666666666668,829823
F du Plessis,34,33,120,2,0,0.16666666666666666,980901
F du Plessis,69,43,161,2,0,0.16666666666666666,980911
F du Plessis,67,53,141,2,0,0.16666666666666666,980919
F du Plessis,2,3,165,2,0,0.16666666666666666,980931
F du Plessis,4,9,154,2,0,0.16666666666666666,980939
F du Plessis,30,21,81,2,0,0.16666666666666666,980943
F du Plessis,8,7,103,3,22,3.1666666666666665,1082599
F du Plessis,11,13,178,2,0,0.16666666666666666,1136580
F du Plessis,32,32,203,2,0,0.16666666666666666,1136590
F du Plessis,27,15,170,2,0,0.16666666666666666,1136593
F du Plessis,14,15,150,2,0,0.16666666666666666,1136616
F du Plessis,67,42,135,2,0,0.16666666666666666,1136617
F du Plessis,10,11,175,2,0,0.16666666666666666,1136620
F du Plessis,54,38,155,2,0,0.16666666666666666,1178393
F du Plessis,43,45,102,2,0,0.16666666666666666,1178398
F du Plessis,7,10,145,2,0,0.16666666666666666,1178400
F du Plessis,24,16,160,2,0,0.16666666666666666,1178404
F du Plessis,45,31,125,2,0,0.16666666666666666,1178408
F du Plessis,5,15,142,2,0,0.16666666666666666,1178414
F du Plessis,1,7,167,2,0,0.16666666666666666,1178416
F du Plessis,39,41,166,1,0,0.16666666666666666,1178425
F du Plessis,96,55,168,1,0,0.16666666666666666,1178430
F du Plessis,6,11,126,1,0,0.16666666666666666,1181764
F du Plessis,50,39,140,1,0,0.16666666666666666,1181767
F du Plessis,26,13,139,1,0,0.16666666666666666,1181768
F du Plessis,58,44,158,3,5,1.1666666666666667,1216492
F du Plessis,72,37,194,3,54,6.833333333333333,1216496
F du Plessis,17,10,153,2,0,0.16666666666666666,1216501
F du Plessis,48,34,140,2,0,0.16666666666666666,1216506
F du Plessis,58,47,175,2,0,0.16666666666666666,1216509
F du Plessis,87,53,170,2,0,0.16666666666666666,1216513
F du Plessis,22,19,146,1,0,0.16666666666666666,1216516
F du Plessis,1,7,102,2,0,0.16666666666666666,1216521
F du Plessis,8,10,127,2,0,0.16666666666666666,1216525
F du Plessis,0,1,162,2,0,0.16666666666666666,1216528
F du Plessis,10,9,120,2,0,0.16666666666666666,1216533
F du Plessis,43,35,126,3,23,4.5,1216539
F du Plessis,25,13,148,2,0,0.16666666666666666,1216544
F du Plessis,0,3,172,2,0,0.16666666666666666,1254059
F du Plessis,36,33,100,2,0,0.16666666666666666,1254065
F du Plessis,33,17,173,2,0,0.16666666666666666,1254069
F du Plessis,94,59,204,2,0,0.16666666666666666,1254072
F du Plessis,50,41,178,2,0,0.16666666666666666,1254076
F du Plessis,56,38,170,2,0,0.16666666666666666,1254080
F du Plessis,50,28,202,2,0,0.16666666666666666,1254084
F du Plessis,25,19,184,2,0,0.16666666666666666,1254089
F du Plessis,41,36,136,2,0,0.16666666666666666,1254091
F du Plessis,76,55,125,2,0,0.16666666666666666,1254094
F du Plessis,43,30,167,2,0,0.16666666666666666,1254098
F du Plessis,0,3,145,2,0,0.16666666666666666,1254104
F du Plessis,10,8,121,2,0,0.16666666666666666,1254110
F du Plessis,31,26,151,2,0,0.16666666666666666,1254113
F du Plessis,1,2,169,2,0,0.16666666666666666,1254114
F du Plessis,86,58,186,2,0,0.16666666666666666,1254117
F du Plessis,88,57,182,1,0,0.16666666666666666,1304049
F du Plessis,5,4,117,1,0,0.16666666666666666,1304052
F du Plessis,29,20,159,1,0,0.16666666666666666,1304059
F du Plessis,16,24,145,1,0,0.16666666666666666,1304064
F du Plessis,8,9,183,1,0,0.16666666666666666,1304068
F du Plessis,8,11,179,1,0,0.16666666666666666,1304073
F du Plessis,96,64,172,2,0,0.16666666666666666,1304077
F du Plessis,5,7,56,1,0,0.16666666666666666,1304082
F du Plessis,23,21,104,2,0,0.16666666666666666,1304085
F du Plessis,0,4,163,2,0,0.16666666666666666,1304089
F du Plessis,38,22,161,2,0,0.16666666666666666,1304095
F du Plessis,73,50,184,2,0,0.16666666666666666,1304100
F du Plessis,10,8,145,2,0,0.16666666666666666,1304106
F du Plessis,44,38,159,2,0,0.16666666666666666,1304113
F du Plessis,0,1,196,2,0,0.16666666666666666,1312198
F du Plessis,25,27,142,2,0,0.16666666666666666,1312199
F du Plessis,73,43,167,2,0,0.16666666666666666,1359479
F du Plessis,23,12,117,2,0,0.16666666666666666,1359483
F du Plessis,79,46,200,2,0,0.16666666666666666,1359489
F du Plessis,22,16,162,2,0,0.16666666666666666,1359494
F du Plessis,62,33,207,2,0,0.16666666666666666,1359498
F du Plessis,84,55,162,2,0,0.16666666666666666,1359501
F du Plessis,62,39,176,2,0,0.16666666666666666,1359506
F du Plessis,17,7,173,2,0,0.16666666666666666,1359510
F du Plessis,44,40,124,2,0,0.16666666666666666,1359517
F du Plessis,45,32,173,2,0,0.16666666666666666,1359524
F du Plessis,63,40,193,2,0,0.16666666666666666,1359528
F du Plessis,55,44,166,2,0,0.16666666666666666,1359534
F du Plessis,71,46,180,2,0,0.16666666666666666,1359539
F du Plessis,28,19,190,2,0,0.16666666666666666,1359544
F du Plessis,35,23,160,2,0,0.16666666666666666,1422119
F du Plessis,3,7,160,2,0,0.16666666666666666,1422124
F du Plessis,8,6,178,2,0,0.16666666666666666,1422128
F du Plessis,19,13,142,2,0,0.16666666666666666,1422133
F du Plessis,44,33,172,2,0,0.16666666666666666,1422137
F du Plessis,61,40,186,2,0,0.16666666666666666,1426263
F du Plessis,62,28,248,2,0,0.16666666666666666,1426268
F du Plessis,7,7,212,2,0,0.16666666666666666,1426274
F du Plessis,25,12,199,2,0,0.16666666666666666,1426279
F du Plessis,24,12,188,2,0,0.16666666666666666,1426283
F du Plessis,64,23,150,2,0,0.16666666666666666,1426290
F du Plessis,9,7,229,2,0,0.16666666666666666,1426296
F du Plessis,6,7,177,2,0,0.16666666666666666,1426300
F du Plessis,54,39,210,2,0,0.16666666666666666,1426306
F du Plessis,17,14,168,2,0,0.16666666666666666,1426310
RE Levi,50,35,109,1,0,0.16666666666666666,548306
RE Levi,0,2,96,1,0,0.16666666666666666,548308
RE Levi,3,9,138,2,0,0.16666666666666666,548314
RE Levi,29,22,191,1,0,0.16666666666666666,548317
RE Levi,1,4,83,1,0,0.16666666666666666,548325
RE Levi,0,1,91,1,0,0.16666666666666666,548346
GJ Maxwell,3,7,95,4,54,7.5,548307
GJ Maxwell,3,4,133,5,66,10.0,548310
GJ Maxwell,13,7,112,6,89,16.166666666666668,598055
GJ Maxwell,23,17,159,1,0,0.16666666666666666,598063
GJ Maxwell,0,3,124,1,0,0.16666666666666666,598066
GJ Maxwell,95,43,200,3,31,3.1666666666666665,729283
GJ Maxwell,89,45,184,4,9,2.8333333333333335,729291
GJ Maxwell,95,42,184,3,50,6.833333333333333,729295
GJ Maxwell,15,12,127,4,27,4.333333333333333,729307
GJ Maxwell,6,6,114,4,31,6.0,729313
GJ Maxwell,45,26,155,4,21,3.6666666666666665,733973
GJ Maxwell,90,38,221,3,29,4.666666666666667,733987
GJ Maxwell,25,11,183,3,49,6.5,733991
GJ Maxwell,14,14,145,4,45,5.333333333333333,733997
GJ Maxwell,43,21,207,4,94,7.333333333333333,734007
GJ Maxwell,14,11,150,3,58,6.5,734019
GJ Maxwell,2,3,148,4,80,9.5,734025
GJ Maxwell,0,3,104,3,12,2.6666666666666665,734039
GJ Maxwell,6,9,130,4,43,6.0,734043
GJ Maxwell,13,6,215,3,103,10.833333333333334,734047
GJ Maxwell,0,1,191,5,152,17.333333333333332,734049
GJ Maxwell,7,5,127,4,30,3.1666666666666665,829709
GJ Maxwell,6,4,171,3,58,6.833333333333333,829717
GJ Maxwell,15,5,157,5,108,15.166666666666666,829725
GJ Maxwell,33,26,142,4,22,4.0,829733
GJ Maxwell,1,6,186,4,41,6.5,829741
GJ Maxwell,12,9,137,3,3,1.3333333333333333,829775
GJ Maxwell,1,5,79,4,11,2.5,829785
GJ Maxwell,43,22,174,4,75,11.0,829791
GJ Maxwell,11,6,173,4,46,6.333333333333333,829799
GJ Maxwell,10,10,102,3,32,2.3333333333333335,829803
GJ Maxwell,6,14,121,4,31,4.333333333333333,829809
GJ Maxwell,2,4,154,4,88,10.833333333333334,980905
GJ Maxwell,0,3,107,5,51,8.333333333333334,980913
GJ Maxwell,32,14,151,5,110,15.166666666666666,980919
GJ Maxwell,4,7,131,6,68,12.333333333333334,980925
GJ Maxwell,1,2,138,5,62,9.5,980935
GJ Maxwell,56,39,155,4,32,5.0,980941
GJ Maxwell,0,1,150,4,67,8.0,980955
GJ Maxwell,68,42,145,5,6,3.3333333333333335,980963
GJ Maxwell,16,11,173,5,102,14.0,980971
GJ Maxwell,0,1,116,4,107,15.833333333333334,980985
GJ Maxwell,0,0,0,6,170,19.833333333333332,980991
GJ Maxwell,44,20,154,5,79,11.166666666666666,1082594
GJ Maxwell,43,22,144,4,75,8.333333333333334,1082598
GJ Maxwell,25,14,148,4,55,7.833333333333333,1082601
GJ Maxwell,0,2,135,6,62,10.166666666666666,1082605
GJ Maxwell,10,12,143,3,0,0.3333333333333333,1082609
GJ Maxwell,36,17,180,4,77,11.166666666666666,1082612
GJ Maxwell,31,18,183,4,77,9.5,1082616
GJ Maxwell,0,2,176,4,36,4.0,1082623
GJ Maxwell,6,11,126,6,61,11.5,1082633
GJ Maxwell,20,11,186,4,124,15.833333333333334,1082637
GJ Maxwell,44,25,155,5,52,8.833333333333334,1082639
GJ Maxwell,47,21,204,3,55,5.666666666666667,1082641
GJ Maxwell,0,3,70,6,30,5.666666666666667,1082645
GJ Maxwell,17,12,57,1,0,0.16666666666666666,1136566
GJ Maxwell,13,6,193,4,119,12.0,1136569
GJ Maxwell,47,22,121,5,20,3.1666666666666665,1136573
GJ Maxwell,4,6,162,5,94,14.0,1136579
GJ Maxwell,12,10,130,3,24,2.6666666666666665,1136582
GJ Maxwell,27,18,214,5,128,14.666666666666666,1136586
GJ Maxwell,6,5,190,5,63,7.166666666666667,1136590
GJ Maxwell,5,5,189,5,160,14.666666666666666,1136592
GJ Maxwell,2,3,160,2,0,0.16666666666666666,1136596
GJ Maxwell,9,8,184,6,96,14.166666666666666,1136602
GJ Maxwell,5,7,153,4,72,10.666666666666666,1136612
GJ Maxwell,22,18,162,2,0,0.16666666666666666,1136615
GJ Maxwell,1,4,149,5,27,6.0,1216493
GJ Maxwell,12,13,119,5,64,10.333333333333334,1216498
GJ Maxwell,11,18,136,5,56,8.333333333333334,1216503
GJ Maxwell,5,6,195,4,104,13.333333333333334,1216510
GJ Maxwell,11,7,174,5,149,17.333333333333332,1216513
GJ Maxwell,0,2,172,5,105,13.0,1216517
GJ Maxwell,10,5,160,5,148,18.833333333333332,1216523
GJ Maxwell,13,9,213,3,174,16.666666666666668,1216527
GJ Maxwell,2,5,170,5,152,18.166666666666668,1216537
GJ Maxwell,7,12,128,5,56,6.833333333333333,1216542
GJ Maxwell,32,24,159,5,53,6.0,1216546
GJ Maxwell,39,28,147,4,37,6.166666666666667,1254058
GJ Maxwell,59,41,139,4,44,6.333333333333333,1254063
GJ Maxwell,78,48,195,4,8,2.1666666666666665,1254067
GJ Maxwell,22,15,114,4,48,5.166666666666667,1254076
GJ Maxwell,25,20,169,4,29,4.333333333333333,1254079
GJ Maxwell,0,1,134,4,57,10.333333333333334,1254083
GJ Maxwell,10,17,84,4,37,6.166666666666667,1254087
GJ Maxwell,57,33,154,4,63,10.0,1254090
GJ Maxwell,40,25,134,5,36,7.0,1254095
GJ Maxwell,51,33,159,5,52,9.666666666666666,1254101
GJ Maxwell,50,30,145,4,52,7.0,1254103
GJ Maxwell,56,36,154,4,70,9.0,1254108
GJ Maxwell,11,9,151,4,135,17.0,1254113
GJ Maxwell,15,18,120,4,58,9.833333333333334,1254115
GJ Maxwell,8,2,145,5,137,18.333333333333332,1304064
GJ Maxwell,26,11,183,4,20,4.333333333333333,1304068
GJ Maxwell,55,34,179,4,12,2.6666666666666665,1304073
GJ Maxwell,23,11,172,4,4,1.1666666666666667,1304077
GJ Maxwell,12,11,56,4,5,1.6666666666666665,1304082
GJ Maxwell,0,1,104,4,34,6.5,1304085
GJ Maxwell,33,18,163,4,107,14.333333333333334,1304089
GJ Maxwell,3,3,161,3,60,7.5,1304095
GJ Maxwell,33,23,184,4,100,12.5,1304100
GJ Maxwell,35,22,145,5,36,5.0,1304106
GJ Maxwell,40,18,159,3,109,14.666666666666666,1304113
GJ Maxwell,9,10,196,4,68,8.666666666666666,1312198
GJ Maxwell,24,13,142,4,69,10.833333333333334,1312199
GJ Maxwell,12,3,167,4,145,15.666666666666666,1359479
GJ Maxwell,5,7,117,4,46,5.5,1359483
GJ Maxwell,59,29,200,3,92,11.666666666666666,1359489
GJ Maxwell,24,14,162,4,87,10.333333333333334,1359494
GJ Maxwell,76,36,207,4,11,2.1666666666666665,1359498
GJ Maxwell,0,1,162,3,130,16.333333333333332,1359501
GJ Maxwell,77,44,176,4,12,2.3333333333333335,1359506
GJ Maxwell,5,4,173,4,50,4.833333333333333,1359510
GJ Maxwell,4,5,124,4,73,11.833333333333334,1359517
GJ Maxwell,0,1,173,3,81,10.833333333333334,1359524
GJ Maxwell,68,33,193,4,16,2.5,1359528
GJ Maxwell,54,33,166,3,48,7.166666666666667,1359534
GJ Maxwell,5,3,180,3,167,18.0,1359539
GJ Maxwell,11,5,190,3,66,7.333333333333333,1359544
GJ Maxwell,0,1,160,4,38,5.166666666666667,1422119
GJ Maxwell,3,5,160,5,74,10.666666666666666,1422124
GJ Maxwell,28,19,178,4,81,9.166666666666666,1422128
GJ Maxwell,0,2,142,4,42,5.333333333333333,1422133
GJ Maxwell,1,3,172,3,116,14.166666666666666,1422137
GJ Maxwell,0,4,186,5,102,11.666666666666666,1426263
GJ Maxwell,4,3,150,5,102,7.833333333333333,1426290
GJ Maxwell,16,5,210,6,193,19.333333333333332,1426306
GJ Maxwell,0,1,168,5,93,12.666666666666666,1426310
SPD Smith,39,32,121,6,41,9.0,548308
SPD Smith,25,12,149,6,112,16.666666666666668,548313
SPD Smith,13,13,103,7,72,12.333333333333334,548319
SPD Smith,44,22,151,5,86,12.833333333333334,548322
SPD Smith,16,14,175,5,112,13.166666666666666,548327
SPD Smith,22,20,135,6,60,9.833333333333334,548330
SPD Smith,34,13,173,4,102,14.5,548333
SPD Smith,20,12,144,6,82,13.333333333333334,548341
SPD Smith,43,26,162,4,86,11.833333333333334,548348
SPD Smith,2,6,113,5,43,8.5,548351
SPD Smith,14,15,133,4,25,3.8333333333333335,548353
SPD Smith,18,22,115,5,71,11.666666666666666,548358
SPD Smith,24,25,134,7,82,11.333333333333334,548362
SPD Smith,36,30,120,6,25,5.0,548365
SPD Smith,39,16,151,4,96,14.333333333333334,598015
SPD Smith,17,25,108,4,38,4.666666666666667,598018
SPD Smith,6,9,177,4,120,15.333333333333334,598025
SPD Smith,41,31,129,5,37,5.5,598027
SPD Smith,17,8,143,5,122,17.666666666666668,598035
SPD Smith,35,39,120,5,24,3.6666666666666665,598038
SPD Smith,4,4,164,5,73,10.333333333333334,598042
SPD Smith,27,15,181,6,137,15.666666666666666,729291
SPD Smith,19,20,131,6,43,7.0,729297
SPD Smith,19,11,147,6,123,17.5,729315
SPD Smith,3,2,162,6,145,18.666666666666668,733979
SPD Smith,22,33,92,6,39,6.666666666666667,733989
SPD Smith,42,20,178,6,80,11.166666666666666,733999
SPD Smith,9,8,136,6,105,15.166666666666666,734003
SPD Smith,33,23,141,3,1,1.6666666666666665,829709
SPD Smith,10,9,180,3,37,5.166666666666667,829715
SPD Smith,77,51,159,3,27,4.666666666666667,829721
SPD Smith,13,10,124,3,59,10.5,829727
SPD Smith,6,7,156,3,143,16.333333333333332,829735
SPD Smith,0,1,181,4,129,15.166666666666666,829741
SPD Smith,31,28,126,3,34,5.166666666666667,829749
SPD Smith,23,20,166,4,63,8.333333333333334,829769
SPD Smith,68,40,187,3,8,1.1666666666666667,829787
SPD Smith,4,6,132,3,37,5.666666666666667,829797
SPD Smith,14,11,185,3,75,7.166666666666667,829811
SPD Smith,12,13,106,4,33,5.0,829819
SPD Smith,5,6,161,4,112,14.166666666666666,980911
SPD Smith,38,26,141,5,68,10.333333333333334,980919
SPD Smith,4,3,165,4,12,2.0,980931
SPD Smith,31,28,154,3,24,4.166666666666667,980939
SPD Smith,46,36,81,3,0,1.0,980943
SPD Smith,101,53,188,3,12,2.6666666666666665,980949
SPD Smith,45,23,151,3,7,2.0,980957
SPD Smith,84,54,183,3,33,3.3333333333333335,1082592
SPD Smith,26,27,157,3,1,1.0,1082594
SPD Smith,43,28,166,3,0,0.6666666666666666,1082603
SPD Smith,27,24,148,3,57,7.833333333333333,1082607
SPD Smith,27,21,176,3,14,3.3333333333333335,1082615
SPD Smith,17,12,156,3,74,9.666666666666666,1082618
SPD Smith,51,37,175,3,62,8.0,1082620
SPD Smith,45,32,153,3,17,3.3333333333333335,1082624
SPD Smith,4,2,160,3,4,0.8333333333333334,1082629
SPD Smith,9,9,150,3,11,1.8333333333333335,1082631
SPD Smith,34,39,141,3,6,2.0,1082634
SPD Smith,38,32,151,3,0,0.3333333333333333,1082642
SPD Smith,15,18,77,3,40,5.666666666666667,1082645
SPD Smith,1,2,151,3,4,1.1666666666666667,1082647
SPD Smith,51,50,119,3,13,2.5,1082650
SPD Smith,18,14,163,4,108,13.0,1175359
SPD Smith,28,30,156,5,14,3.3333333333333335,1175367
SPD Smith,38,31,154,3,54,7.833333333333333,1175369
SPD Smith,73,59,128,3,5,1.3333333333333333,1178396
SPD Smith,15,22,144,4,41,3.8333333333333335,1178400
SPD Smith,12,15,184,4,144,13.5,1178402
SPD Smith,59,48,156,3,34,3.8333333333333335,1178411
SPD Smith,50,32,186,3,5,1.3333333333333333,1178415
SPD Smith,2,6,172,3,53,5.5,1178418
SPD Smith,22,16,156,4,91,11.666666666666666,1178420
SPD Smith,69,47,194,2,0,0.16666666666666666,1216496
SPD Smith,24,17,128,3,15,2.6666666666666665,1216500
SPD Smith,3,7,130,2,0,0.16666666666666666,1216504
SPD Smith,5,6,157,3,7,1.5,1216507
SPD Smith,6,7,134,3,0,0.5,1216511
SPD Smith,5,5,151,2,0,0.16666666666666666,1216514
SPD Smith,19,15,151,5,85,12.333333333333334,1216518
SPD Smith,49,34,159,4,65,7.833333333333333,1216522
SPD Smith,50,27,218,2,0,0.16666666666666666,1216527
SPD Smith,4,4,126,3,17,1.1666666666666667,1216530
SPD Smith,26,34,119,4,23,3.5,1216533
SPD Smith,31,20,181,4,109,11.0,1216537
SPD Smith,11,8,185,3,13,2.0,1216541
SPD Smith,1,4,142,3,37,3.1666666666666665,1216543
SPD Smith,9,12,182,3,58,5.666666666666667,1254068
SPD Smith,33,29,127,3,11,1.6666666666666665,1254070
SPD Smith,34,25,154,4,82,11.666666666666666,1254077
SPD Smith,4,5,164,3,19,2.6666666666666665,1254079
SPD Smith,24,22,162,3,61,6.333333333333333,1254086
SPD Smith,39,34,121,1,0,0.16666666666666666,1254092
SPD Smith,9,8,126,3,14,2.1666666666666665,1254112
MN Samuels,4,4,121,7,83,15.333333333333334,548308
MN Samuels,46,39,149,3,27,4.166666666666667,548313
MN Samuels,2,12,103,3,12,2.6666666666666665,548319
MN Samuels,8,15,151,4,63,8.5,548322
MN Samuels,34,20,175,4,103,12.0,548327
MN Samuels,26,24,135,5,50,6.333333333333333,548330
MN Samuels,3,8,144,5,68,10.0,548341
MN Samuels,1,1,162,7,161,20.0,548348
MN Samuels,5,9,102,3,34,7.166666666666667,598000
MN Samuels,3,9,96,4,20,5.166666666666667,598003
MN Samuels,1,5,63,6,30,4.833333333333333,1082635
MN Samuels,1,4,194,5,72,7.666666666666667,1082640
MN Samuels,27,21,161,5,81,9.0,1082642
MN Samuels,0,1,143,5,80,11.833333333333334,1082646
SA Yadav,0,4,96,6,50,11.0,548308
SA Yadav,13,5,155,7,141,19.166666666666668,729279
SA Yadav,4,2,148,7,144,20.0,729289
SA Yadav,24,18,143,7,105,15.5,729299
SA Yadav,34,17,99,7,53,12.666666666666666,729307
SA Yadav,31,18,141,5,79,13.166666666666666,729315
SA Yadav,8,13,109,6,35,5.5,733971
SA Yadav,9,16,149,8,120,15.666666666666666,733979
SA Yadav,12,5,146,7,102,12.166666666666666,734037
SA Yadav,20,14,156,7,102,14.666666666666666,734043
SA Yadav,5,6,194,7,164,16.666666666666668,734049
SA Yadav,46,20,166,4,95,12.166666666666666,829705
SA Yadav,11,9,171,4,99,13.5,829713
SA Yadav,2,3,159,4,49,8.5,829723
SA Yadav,23,10,157,4,33,4.666666666666667,829733
SA Yadav,24,16,140,4,26,4.833333333333333,829739
SA Yadav,2,2,98,6,91,11.5,829743
SA Yadav,7,7,159,7,116,16.833333333333332,829761
SA Yadav,16,26,127,4,51,5.333333333333333,829765
SA Yadav,0,2,101,6,98,9.333333333333334,829771
SA Yadav,6,3,160,8,132,17.666666666666668,829781
SA Yadav,9,9,177,4,61,7.666666666666667,829791
SA Yadav,11,5,158,7,122,16.0,829805
SA Yadav,0,1,164,6,114,13.5,829811
SA Yadav,4,1,177,7,173,20.0,980909
SA Yadav,11,9,133,5,103,13.333333333333334,980925
SA Yadav,60,49,152,3,0,0.3333333333333333,980939
SA Yadav,21,17,173,4,76,9.0,980947
SA Yadav,19,11,144,5,56,8.0,980951
SA Yadav,10,5,170,7,146,17.666666666666668,980959
SA Yadav,4,12,152,4,15,2.6666666666666665,980975
SA Yadav,5,5,171,6,109,14.333333333333334,980995
SA Yadav,17,14,117,7,55,11.666666666666666,981001
SA Yadav,6,3,167,8,160,19.333333333333332,981009
SA Yadav,23,15,131,6,63,11.0,981015
SA Yadav,17,15,163,6,78,11.833333333333334,1082597
SA Yadav,4,3,161,6,144,17.833333333333332,1082604
SA Yadav,7,9,158,6,122,15.0,1082608
SA Yadav,1,1,184,6,181,19.666666666666668,1082613
SA Yadav,15,19,123,6,75,9.5,1082617
SA Yadav,30,16,150,7,98,14.333333333333334,1082631
SA Yadav,31,25,100,7,28,7.166666666666667,1082649
SA Yadav,43,29,161,4,19,4.166666666666667,1136561
SA Yadav,28,31,139,4,43,5.5,1136567
SA Yadav,53,32,184,1,0,0.16666666666666666,1136569
SA Yadav,0,1,196,1,0,0.16666666666666666,1136574
SA Yadav,72,47,162,1,0,0.16666666666666666,1136581
SA Yadav,34,38,85,1,0,0.16666666666666666,1136583
SA Yadav,44,34,160,1,0,0.16666666666666666,1136587
SA Yadav,9,9,130,1,0,0.16666666666666666,1136591
SA Yadav,57,42,170,1,0,0.16666666666666666,1136594
SA Yadav,59,39,175,1,0,0.16666666666666666,1136597
SA Yadav,36,32,202,1,0,0.16666666666666666,1136601
SA Yadav,38,31,159,1,0,0.16666666666666666,1136607
SA Yadav,27,15,174,1,0,0.16666666666666666,1136610
SA Yadav,12,4,156,1,0,0.16666666666666666,1136615
SA Yadav,2,6,167,3,32,3.6666666666666665,1175358
SA Yadav,38,24,175,3,54,6.666666666666667,1175362
SA Yadav,11,6,169,3,51,5.5,1175364
SA Yadav,59,43,158,3,7,2.6666666666666665,1175370
SA Yadav,7,8,130,3,21,3.8333333333333335,1178394
SA Yadav,21,15,180,3,28,3.8333333333333335,1178399
SA Yadav,16,10,183,3,96,11.0,1178402
SA Yadav,29,23,166,3,68,7.333333333333333,1178406
SA Yadav,26,27,156,4,54,8.0,1178409
SA Yadav,34,33,152,3,11,2.6666666666666665,1178411
SA Yadav,26,14,192,4,20,3.6666666666666665,1178422
SA Yadav,23,17,154,3,35,5.5,1178426
SA Yadav,46,27,131,3,44,6.333333333333333,1178431
SA Yadav,71,54,124,3,4,0.5,1181764
SA Yadav,15,17,146,3,44,5.0,1181768
SA Yadav,17,16,157,3,44,4.833333333333333,1216492
SA Yadav,36,29,148,3,12,2.6666666666666665,1216495
SA Yadav,79,43,158,3,37,5.666666666666667,1216499
SA Yadav,10,7,185,3,0,1.0,1216503
SA Yadav,47,27,181,3,7,1.5,1216508
SA Yadav,79,47,177,3,48,5.0,1216511
SA Yadav,0,4,169,3,22,3.166666666666667,1216517
SA Yadav,10,10,144,3,89,10.666666666666666,1216526
SA Yadav,53,32,162,3,30,5.166666666666667,1216529
SA Yadav,12,11,110,3,67,10.5,1216535
SA Yadav,27,18,203,3,6,1.0,1216538
SA Yadav,40,26,186,3,7,1.0,1216541
SA Yadav,0,2,196,3,13,1.8333333333333335,1216547
SA Yadav,51,38,196,3,16,1.6666666666666665,1237177
SA Yadav,19,20,153,3,41,4.333333333333333,1237181
SA Yadav,30,22,150,3,24,4.166666666666667,1254058
SA Yadav,56,36,145,3,10,2.1666666666666665,1254062
SA Yadav,10,6,138,3,48,6.666666666666667,1254066
SA Yadav,24,15,132,3,8,2.3333333333333335,1254070
SA Yadav,33,27,125,4,26,7.166666666666667,1254074
SA Yadav,16,10,155,3,43,6.166666666666667,1254081
SA Yadav,3,3,211,3,68,7.833333333333333,1254084
SA Yadav,82,40,224,5,117,9.333333333333334,1254088
SA Yadav,13,8,88,3,23,3.5,1254093
SA Yadav,5,10,143,3,75,9.5,1254096
SA Yadav,0,1,135,3,15,3.6666666666666665,1254099
SA Yadav,3,7,132,3,18,2.5,1254104
SA Yadav,8,9,102,4,73,10.166666666666666,1254108
SA Yadav,33,26,122,3,7,2.166666666666667,1254112
SA Yadav,52,36,158,4,44,8.0,1304060
SA Yadav,66,36,145,4,59,8.666666666666666,1304064
SA Yadav,43,29,181,5,114,11.166666666666666,1304069
SA Yadav,37,27,166,4,50,6.0,1304072
SA Yadav,32,21,150,4,1,1.1666666666666667,1304079
SA Yadav,7,7,118,4,48,8.666666666666666,1304083
SA Yadav,51,39,150,3,22,2.6666666666666665,1304090
SA Yadav,13,11,170,3,71,7.666666666666667,1304097
SA Yadav,15,16,159,4,16,3.6666666666666665,1359479
SA Yadav,1,2,149,4,62,6.833333333333333,1359486
SA Yadav,0,1,167,4,133,16.0,1359490
SA Yadav,43,25,182,3,63,5.0,1359496
SA Yadav,7,3,190,4,86,11.333333333333334,1359499
SA Yadav,57,26,198,4,81,9.666666666666666,1359505
SA Yadav,23,12,147,5,40,8.166666666666666,1359509
SA Yadav,51,28,200,4,72,8.5,1359516
SA Yadav,66,31,209,4,49,6.166666666666667,1359520
SA Yadav,26,22,131,5,14,3.0,1359523
SA Yadav,77,34,180,3,49,4.833333333333333,1359528
SA Yadav,103,49,216,3,60,6.333333333333333,1359531
SA Yadav,7,9,156,3,86,10.0,1359537
SA Yadav,25,16,182,4,131,13.333333333333334,1359543
SA Yadav,33,20,166,4,34,4.5,1370351
SA Yadav,61,38,163,4,16,2.166666666666667,1370352
SA Yadav,0,2,214,3,74,7.166666666666667,1422138
SA Yadav,52,19,196,3,98,9.166666666666666,1426263
SA Yadav,0,2,179,3,70,7.333333333333333,1426267
SA Yadav,78,53,181,3,18,2.3333333333333335,1426271
SA Yadav,10,8,169,3,6,1.0,1426276
SA Yadav,26,13,230,3,27,3.3333333333333335,1426281
SA Yadav,10,6,134,3,6,1.6666666666666665,1426286
SA Yadav,56,34,135,4,34,4.333333333333333,1426289
SA Yadav,102,51,152,4,13,3.5,1426293
SA Yadav,11,14,127,3,58,7.0,1426298
SA Yadav,0,3,185,3,84,8.833333333333334,1426305
KK Cooper,11,3,172,6,161,19.666666666666668,548309
KK Cooper,4,4,160,7,150,18.833333333333332,548312
KK Cooper,14,6,166,7,134,14.833333333333334,548317
KK Cooper,8,6,133,7,93,15.0,548336
KK Cooper,2,2,156,6,152,19.0,598001
KK Cooper,0,2,134,6,97,15.5,598005
KK Cooper,7,4,136,9,129,19.333333333333332,598063
KK Cooper,26,12,107,9,77,16.666666666666668,598065
KK Cooper,4,2,151,7,102,15.333333333333334,598072
KK Cooper,0,0,0,10,135,19.833333333333332,734003
KK Cooper,32,16,185,3,40,5.666666666666667,734011
KK Cooper,5,8,145,5,40,5.666666666666667,734017
KK Cooper,2,2,156,9,121,17.666666666666668,734033
KK Cooper,0,0,0,6,180,20.166666666666668,734041
JP Faulkner,11,9,150,9,118,16.166666666666668,548309
JP Faulkner,3,4,132,9,95,16.833333333333332,548313
JP Faulkner,19,14,138,7,102,16.0,598009
JP Faulkner,3,7,117,7,105,15.5,598023
JP Faulkner,1,1,168,8,163,19.666666666666668,598036
JP Faulkner,1,4,124,3,18,3.3333333333333335,598043
JP Faulkner,3,2,179,7,172,19.5,598047
JP Faulkner,1,2,143,3,14,3.3333333333333335,598058
JP Faulkner,12,13,136,3,4,1.1666666666666667,598063
JP Faulkner,6,3,107,8,70,16.0,598065
JP Faulkner,11,11,131,8,102,16.0,598071
JP Faulkner,8,2,130,8,116,18.666666666666668,729285
JP Faulkner,8,7,181,7,152,17.0,729291
JP Faulkner,4,2,131,8,74,13.166666666666666,729297
JP Faulkner,2,1,147,7,140,19.666666666666668,729315
JP Faulkner,1,1,162,7,155,19.666666666666668,733979
JP Faulkner,4,6,92,8,74,15.833333333333334,733989
JP Faulkner,41,17,178,7,104,13.666666666666666,733999
JP Faulkner,1,4,136,7,122,17.5,734003
JP Faulkner,22,7,185,7,156,18.166666666666668,734011
JP Faulkner,31,21,145,9,70,12.166666666666666,734017
JP Faulkner,35,13,156,8,94,16.0,734033
JP Faulkner,23,12,184,5,133,15.666666666666666,734041
JP Faulkner,46,33,141,7,59,11.166666666666666,829709
JP Faulkner,17,11,180,7,126,15.333333333333334,829715
JP Faulkner,6,6,159,5,111,15.166666666666666,829721
JP Faulkner,6,5,124,6,112,18.833333333333332,829727
JP Faulkner,1,2,181,6,154,18.0,829741
JP Faulkner,4,5,126,8,115,17.333333333333332,829749
JP Faulkner,8,4,181,4,158,18.5,829777
JP Faulkner,30,19,187,6,75,11.166666666666666,829787
JP Faulkner,15,12,132,7,87,14.333333333333334,829797
JP Faulkner,6,6,185,5,115,13.0,829811
JP Faulkner,4,4,106,7,86,14.166666666666666,829819
JP Faulkner,7,7,136,7,103,16.333333333333332,980917
JP Faulkner,22,13,169,8,140,17.0,980945
JP Faulkner,9,5,189,7,174,18.666666666666668,980949
JP Faulkner,32,27,127,8,54,10.333333333333334,980955
JP Faulkner,7,6,143,7,122,17.666666666666668,980961
JP Faulkner,4,2,183,8,175,18.0,1082613
JP Faulkner,20,26,141,7,77,11.333333333333334,1082625
JP Faulkner,6,7,154,8,130,15.166666666666666,1082629
JP Faulkner,1,3,203,8,185,18.666666666666668,1082632
JP Faulkner,14,8,184,7,169,18.666666666666668,1082640
JP Faulkner,8,10,148,7,120,14.0,1082643
HV Patel,0,1,151,9,151,20.0,548310
HV Patel,10,9,113,9,74,14.666666666666666,548315
HV Patel,5,5,120,9,109,18.333333333333332,548376
HV Patel,1,2,153,8,147,19.333333333333332,733977
HV Patel,6,2,158,8,130,16.833333333333332,733983
HV Patel,6,3,154,9,114,16.0,733991
HV Patel,9,4,171,8,126,16.333333333333332,829713
HV Patel,2,2,150,8,137,18.5,829719
HV Patel,0,1,148,8,121,16.333333333333332,829745
HV Patel,6,2,182,8,167,19.166666666666668,829763
HV Patel,0,1,122,8,109,17.0,829779
HV Patel,0,0,0,8,74,10.166666666666666,829803
HV Patel,2,2,132,8,119,18.5,829821
HV Patel,0,0,0,8,156,19.833333333333332,980927
HV Patel,24,17,184,5,42,7.833333333333333,1136602
HV Patel,36,16,153,7,90,14.833333333333334,1136612
HV Patel,0,0,0,7,180,20.0,1175365
HV Patel,0,2,141,8,137,17.833333333333332,1175368
HV Patel,16,15,166,7,100,13.666666666666666,1216500
HV Patel,5,9,105,7,59,11.833333333333334,1216535
HV Patel,4,3,147,9,140,19.0,1254058
HV Patel,0,0,0,9,129,19.333333333333332,1254063
HV Patel,0,8,114,8,77,10.333333333333334,1254076
HV Patel,31,13,134,9,87,16.0,1254083
HV Patel,12,10,84,9,60,13.833333333333334,1254087
HV Patel,1,1,154,9,153,20.0,1254090
HV Patel,3,5,151,6,145,18.5,1254113
HV Patel,8,6,120,8,112,19.166666666666668,1254115
HV Patel,10,6,117,9,96,18.166666666666668,1304052
HV Patel,9,4,159,8,141,18.0,1304059
HV Patel,0,1,172,8,172,20.0,1304077
HV Patel,4,8,56,8,37,9.0,1304082
HV Patel,8,11,104,9,82,16.0,1304085
HV Patel,0,0,0,9,145,19.166666666666668,1304095
HV Patel,11,7,145,8,113,15.0,1304106
HV Patel,1,2,142,9,132,18.5,1312199
HV Patel,0,2,117,5,54,7.5,1359483
HV Patel,6,4,162,5,113,12.666666666666666,1359494
HV Patel,1,4,156,10,143,17.333333333333332,1426271
HV Patel,0,1,132,10,129,19.166666666666668,1426275
HV Patel,12,13,130,9,75,12.666666666666666,1426291
HV Patel,0,1,175,9,160,15.166666666666666,1426296
DAJ Bracewell,12,9,133,8,112,17.166666666666668,548310
DJ Harris,15,14,115,1,0,0.16666666666666666,548311
DJ Harris,19,17,185,1,0,0.16666666666666666,548329
DJ Harris,47,41,175,1,0,0.16666666666666666,548356
DJ Harris,30,29,133,1,0,0.16666666666666666,548359
Ankit Sharma,15,8,115,9,95,14.333333333333334,548311
Ankit Sharma,1,2,133,10,131,19.833333333333332,548314
Ankit Sharma,1,1,150,10,149,20.0,548321
Ankit Sharma,1,2,122,7,105,17.833333333333332,548335
Ankit Sharma,30,27,136,1,0,0.16666666666666666,734003
Ankit Sharma,4,3,145,6,57,8.0,734017
Ankit Sharma,0,1,132,10,124,19.166666666666668,829797
Ankit Sharma,7,5,106,10,93,16.166666666666668,829819
Ankit Sharma,3,3,165,9,158,19.0,980931
Ankit Sharma,25,15,166,7,117,14.5,1082603
SP Narine,0,1,135,10,125,18.5,548312
SP Narine,9,6,125,9,113,18.333333333333332,548370
SP Narine,2,2,114,11,111,18.333333333333332,598005
SP Narine,1,1,148,10,143,19.666666666666668,598008
SP Narine,1,2,141,10,139,19.666666666666668,598016
SP Narine,13,6,115,10,87,16.0,598022
SP Narine,3,6,96,10,91,16.166666666666668,598050
SP Narine,1,2,116,8,98,18.333333333333332,598069
SP Narine,6,8,99,9,58,13.833333333333334,729307
SP Narine,1,1,141,10,136,19.5,729315
SP Narine,1,1,109,11,108,17.0,733971
SP Narine,0,0,0,9,140,18.833333333333332,734043
SP Narine,2,4,194,9,181,18.5,734049
SP Narine,0,1,177,11,177,19.833333333333332,829791
SP Narine,0,0,0,10,146,19.5,980939
SP Narine,4,3,144,10,139,17.833333333333332,980951
SP Narine,2,7,117,9,113,18.5,981001
SP Narine,1,3,131,9,130,19.5,981015
SP Narine,1,2,163,8,135,18.333333333333332,1082597
SP Narine,37,18,160,1,0,0.16666666666666666,1082601
SP Narine,6,9,161,1,0,0.16666666666666666,1082604
SP Narine,1,1,158,8,149,19.5,1082608
SP Narine,42,17,184,1,0,0.16666666666666666,1082613
SP Narine,34,17,123,1,0,0.16666666666666666,1082617
SP Narine,16,11,171,1,0,0.16666666666666666,1082620
SP Narine,4,4,151,1,0,0.16666666666666666,1082622
SP Narine,1,4,156,1,0,0.16666666666666666,1082627
SP Narine,0,6,150,1,0,0.16666666666666666,1082631
SP Narine,54,17,153,2,0,0.16666666666666666,1082636
SP Narine,18,10,149,1,0,0.16666666666666666,1082639
SP Narine,0,4,155,1,0,0.16666666666666666,1082644
SP Narine,10,10,100,2,0,0.16666666666666666,1082649
SP Narine,50,19,164,1,0,0.16666666666666666,1136563
SP Narine,12,4,197,2,0,0.16666666666666666,1136565
SP Narine,9,10,130,4,55,7.833333333333333,1136570
SP Narine,1,4,194,2,0,0.16666666666666666,1136573
SP Narine,35,25,160,1,0,0.16666666666666666,1136575
SP Narine,1,4,181,2,0,0.16666666666666666,1136578
SP Narine,26,9,160,2,0,0.16666666666666666,1136586
SP Narine,27,19,168,2,0,0.16666666666666666,1136589
SP Narine,32,20,168,2,0,0.16666666666666666,1136593
SP Narine,5,4,159,7,126,16.833333333333332,1136597
SP Narine,4,2,107,1,0,0.16666666666666666,1136601
SP Narine,75,36,240,2,0,0.16666666666666666,1136604
SP Narine,21,7,143,1,0,0.16666666666666666,1136609
SP Narine,29,10,166,2,0,0.16666666666666666,1136614
SP Narine,4,2,159,1,0,0.16666666666666666,1136618
SP Narine,26,13,157,2,0,0.16666666666666666,1136619
SP Narine,24,9,213,2,0,0.16666666666666666,1175361
SP Narine,8,7,179,2,0,0.16666666666666666,1175372
SP Narine,47,25,129,2,0,0.16666666666666666,1178396
SP Narine,6,5,104,2,0,0.16666666666666666,1178398
SP Narine,2,7,152,2,0,0.16666666666666666,1178404
SP Narine,18,16,187,2,0,0.16666666666666666,1178410
SP Narine,25,8,154,2,0,0.16666666666666666,1178413
SP Narine,11,8,164,5,36,8.5,1178418
SP Narine,0,0,0,8,119,20.0,1178431
SP Narine,64,32,187,5,41,7.5,1216497
SP Narine,17,9,157,4,66,8.333333333333334,1216501
SP Narine,15,14,163,2,0,0.16666666666666666,1216504
SP Narine,9,10,141,2,0,0.16666666666666666,1216508
SP Narine,3,5,196,2,0,0.16666666666666666,1216515
SP Narine,6,4,143,6,90,10.0,1216520
SP Narine,0,2,184,4,70,8.666666666666666,1216530
SP Narine,7,7,170,3,53,7.5,1216536
SP Narine,0,2,137,2,0,0.16666666666666666,1216545
SP Narine,4,3,188,5,24,4.666666666666667,1254072
SP Narine,6,7,123,4,43,8.333333333333334,1254075
SP Narine,0,4,119,4,9,2.0,1254078
SP Narine,0,1,147,5,72,10.5,1254082
SP Narine,21,10,124,7,94,14.833333333333334,1254092
SP Narine,0,1,163,8,159,20.0,1254098
SP Narine,3,3,157,8,149,19.0,1254102
SP Narine,26,15,134,5,78,11.166666666666666,1254115
SP Narine,0,1,126,8,120,19.666666666666668,1254116
SP Narine,2,2,152,4,90,11.166666666666666,1254117
SP Narine,12,8,122,5,41,6.166666666666667,1304052
SP Narine,4,2,165,8,133,15.833333333333334,1304065
SP Narine,6,2,166,4,22,4.333333333333333,1304071
SP Narine,0,0,0,2,0,0.16666666666666666,1304076
SP Narine,5,5,141,2,0,0.16666666666666666,1304081
SP Narine,0,1,131,5,32,7.5,1304087
SP Narine,22,12,98,7,67,11.333333333333334,1304099
SP Narine,0,1,154,9,146,17.666666666666668,1304102
SP Narine,1,2,165,8,145,19.333333333333332,1304107
SP Narine,21,7,192,8,137,16.833333333333332,1304112
SP Narine,7,2,133,9,125,15.666666666666666,1359476
SP Narine,0,1,168,8,157,19.166666666666668,1359483
SP Narine,0,1,203,7,153,16.333333333333332,1359487
SP Narine,0,1,189,4,18,3.5,1359493
SP Narine,2,2,171,8,160,19.166666666666668,1359496
SP Narine,4,6,115,7,60,10.5,1359502
SP Narine,0,3,176,2,0,0.16666666666666666,1359507
SP Narine,1,2,159,7,116,14.5,1359521
SP Narine,6,5,146,9,137,18.833333333333332,1359530
SP Narine,1,2,166,8,128,17.833333333333332,1359542
SP Narine,2,4,190,2,0,0.16666666666666666,1422121
SP Narine,47,22,171,2,0,0.16666666666666666,1422128
SP Narine,85,39,249,2,0,0.16666666666666666,1422134
SP Narine,27,20,120,2,0,0.16666666666666666,1426260
SP Narine,6,6,139,2,0,0.16666666666666666,1426266
SP Narine,109,56,202,2,0,0.16666666666666666,1426269
SP Narine,10,15,202,2,0,0.16666666666666666,1426274
SP Narine,71,32,248,2,0,0.16666666666666666,1426280
SP Narine,15,10,153,2,0,0.16666666666666666,1426285
SP Narine,8,8,162,2,0,0.16666666666666666,1426289
SP Narine,81,39,222,2,0,0.16666666666666666,1426292
SP Narine,0,1,151,2,0,0.16666666666666666,1426298
SP Narine,21,16,153,2,0,0.16666666666666666,1426309
SP Narine,6,2,103,2,0,0.16666666666666666,1426312
GB Hogg,2,5,166,9,159,17.666666666666668,548317
GB Hogg,13,11,133,8,109,17.0,548336
GB Hogg,0,0,0,8,140,20.0,548377
GB Hogg,2,1,127,11,111,19.0,829765
GB Hogg,5,5,177,9,155,17.5,829791
GB Hogg,0,0,0,11,144,18.666666666666668,980951
RR Bhatkal,0,2,189,6,182,19.166666666666668,548318
CJ McKay,8,15,83,8,40,10.5,548325
N Saini,14,12,155,1,0,0.16666666666666666,548331
N Saini,30,25,158,1,0,0.16666666666666666,548334
N Saini,17,21,158,1,0,0.16666666666666666,548339
N Saini,6,4,151,8,133,17.833333333333332,548343
N Saini,50,36,159,3,35,4.833333333333333,548350
N Saini,2,9,122,3,8,1.6666666666666665,548354
N Saini,2,4,163,3,52,7.0,548359
N Saini,3,10,186,1,0,0.16666666666666666,548366
N Saini,15,15,132,3,21,3.3333333333333335,548369
N Saini,1,4,118,3,47,7.0,548371
DA Miller,8,13,155,5,57,8.333333333333334,548331
DA Miller,5,5,158,6,136,18.0,548334
DA Miller,34,17,158,5,76,13.166666666666666,548339
DA Miller,19,15,151,4,92,12.166666666666666,548343
DA Miller,28,18,163,6,124,15.666666666666666,548359
DA Miller,4,7,132,5,51,7.5,548369
DA Miller,20,17,151,5,68,10.333333333333334,598016
DA Miller,80,41,183,5,56,6.833333333333333,598025
DA Miller,44,24,162,4,78,11.666666666666666,598028
DA Miller,10,8,144,5,93,13.0,598031
DA Miller,56,34,155,5,52,6.333333333333333,598037
DA Miller,51,26,168,5,71,10.666666666666666,598041
DA Miller,2,4,168,4,134,15.5,598045
DA Miller,8,11,136,5,99,14.666666666666666,598052
DA Miller,6,7,112,5,44,7.5,598056
DA Miller,34,39,115,4,48,4.833333333333333,598059
DA Miller,100,37,182,5,50,7.833333333333333,598064
DA Miller,6,5,176,5,148,16.833333333333332,598066
DA Miller,54,37,200,5,51,5.333333333333333,729283
DA Miller,51,19,184,5,119,14.0,729291
DA Miller,10,10,184,4,82,11.166666666666666,729295
DA Miller,14,10,127,5,54,7.833333333333333,729307
DA Miller,26,20,114,5,38,7.333333333333333,729313
DA Miller,16,12,155,6,121,16.0,733973
DA Miller,47,32,221,4,34,5.5,733987
DA Miller,66,29,183,4,57,7.0,733991
DA Miller,13,14,145,5,84,10.666666666666666,733997
DA Miller,24,24,207,5,123,9.333333333333334,734007
DA Miller,2,6,150,4,74,8.0,734019
DA Miller,29,20,163,5,108,13.333333333333334,734033
DA Miller,47,34,104,4,14,3.5,734039
DA Miller,8,12,130,5,51,8.0,734043
DA Miller,38,19,215,4,138,13.166666666666666,734047
DA Miller,1,1,191,6,163,18.166666666666668,734049
DA Miller,23,21,127,6,60,9.0,829709
DA Miller,24,23,171,4,66,7.833333333333333,829717
DA Miller,5,7,157,4,98,14.0,829725
DA Miller,54,30,186,5,57,8.833333333333334,829741
DA Miller,3,9,87,5,38,6.666666666666667,829753
DA Miller,15,14,123,5,40,7.666666666666667,829759
DA Miller,42,41,110,5,10,3.1666666666666665,829767
DA Miller,43,37,137,4,32,4.666666666666667,829775
DA Miller,7,10,79,5,12,3.3333333333333335,829785
DA Miller,27,11,174,5,137,16.666666666666668,829791
DA Miller,89,44,173,5,59,7.666666666666667,829799
DA Miller,14,4,102,4,48,4.5,829803
DA Miller,11,15,121,6,52,8.833333333333334,829809
DA Miller,15,10,154,3,75,8.666666666666666,980905
DA Miller,9,9,107,4,37,6.333333333333333,980913
DA Miller,7,6,151,4,101,14.333333333333334,980919
DA Miller,6,6,131,5,56,10.833333333333334,980925
DA Miller,9,11,138,4,34,6.0,980935
DA Miller,26,16,155,5,119,15.166666666666666,980941
DA Miller,31,27,150,6,70,9.0,980955
DA Miller,13,18,145,6,43,9.166666666666666,980963
DA Miller,11,6,173,6,146,18.166666666666668,980971
DA Miller,0,1,169,4,84,11.0,980977
DA Miller,20,9,176,5,149,17.5,980991
DA Miller,3,6,114,4,43,3.8333333333333335,980999
DA Miller,7,5,168,5,119,15.833333333333334,981005
DA Miller,30,27,154,6,80,11.333333333333334,1082594
DA Miller,22,17,148,5,86,11.833333333333334,1082601
DA Miller,24,28,135,5,31,4.833333333333333,1082605
DA Miller,1,6,143,5,51,8.333333333333334,1082609
DA Miller,24,23,165,5,97,9.5,1136562
DA Miller,26,19,129,6,84,12.833333333333334,1136582
DA Miller,24,21,142,5,13,4.166666666666667,1136616
DA Miller,59,40,184,5,58,7.666666666666667,1175361
DA Miller,15,10,169,4,113,13.666666666666666,1175364
DA Miller,43,30,157,5,58,7.333333333333333,1175368
DA Miller,6,5,128,5,115,17.666666666666668,1178393
DA Miller,1,3,150,4,131,17.333333333333332,1178397
DA Miller,7,8,190,3,113,13.0,1178399
DA Miller,40,27,170,4,63,8.833333333333334,1178407
DA Miller,7,5,158,4,42,5.0,1178412
DA Miller,24,25,181,4,98,9.333333333333334,1178417
DA Miller,11,11,159,5,89,11.0,1178423
DA Miller,0,0,0,4,128,11.833333333333334,1216496
DA Miller,62,43,147,5,15,3.6666666666666665,1254064
DA Miller,2,5,124,5,74,11.333333333333334,1254069
DA Miller,0,2,164,4,16,4.0,1254073
DA Miller,24,23,119,6,88,13.833333333333334,1254075
DA Miller,7,4,165,5,143,17.833333333333332,1254081
DA Miller,7,3,200,5,189,19.166666666666668,1254085
DA Miller,15,23,87,6,46,8.666666666666666,1254093
DA Miller,7,10,115,4,6,1.3333333333333333,1254097
DA Miller,30,21,152,5,64,10.333333333333334,1304050
DA Miller,20,15,160,5,101,14.166666666666666,1304056
DA Miller,6,4,182,5,163,19.166666666666668,1304062
DA Miller,12,15,140,5,52,8.166666666666666,1304067
DA Miller,31,14,188,6,137,16.166666666666668,1304070
DA Miller,94,50,163,5,16,4.0,1304075
DA Miller,27,20,146,4,79,10.666666666666666,1304081
DA Miller,17,19,188,4,80,9.5,1304086
DA Miller,39,24,165,5,75,10.5,1304089
DA Miller,11,14,125,5,37,6.666666666666667,1304094
DA Miller,19,14,168,5,135,16.166666666666668,1304097
DA Miller,26,24,137,5,51,9.333333333333334,1304103
DA Miller,15,20,127,5,94,13.333333333333334,1304108
DA Miller,34,25,165,5,61,8.666666666666666,1304113
DA Miller,68,37,178,5,77,9.833333333333334,1312197
DA Miller,32,19,124,5,78,13.5,1312200
DA Miller,31,16,150,6,97,13.5,1359481
DA Miller,2,3,184,6,140,17.666666666666668,1359487
DA Miller,17,18,146,5,101,14.5,1359492
DA Miller,46,30,172,5,88,10.833333333333334,1359497
DA Miller,6,12,134,6,92,15.166666666666666,1359504
DA Miller,46,22,202,5,88,11.333333333333334,1359509
DA Miller,32,18,168,5,87,11.5,1359513
DA Miller,0,3,120,5,25,5.166666666666667,1359518
DA Miller,21,12,220,4,178,16.166666666666668,1359525
DA Miller,41,26,185,5,26,4.0,1359531
DA Miller,7,5,169,5,139,15.5,1359536
DA Miller,6,7,179,5,137,15.833333333333334,1359544
DA Miller,4,6,142,5,71,10.666666666666666,1370350
DA Miller,12,11,156,5,96,12.166666666666666,1422123
DA Miller,21,16,132,5,53,7.666666666666667,1422125
DA Miller,44,27,164,4,74,9.333333333333334,1422130
DA Miller,2,6,77,4,22,4.166666666666667,1426270
DA Miller,4,6,143,4,64,9.666666666666666,1426275
DA Miller,55,23,212,5,96,10.333333333333334,1426278
DA Miller,26,19,188,5,124,14.333333333333334,1426283
DA Miller,30,20,140,5,17,5.666666666666667,1426290
DA Miller,16,11,225,3,206,17.5,1426297
Azhar Mahmood,33,14,155,7,98,15.166666666666666,548331
Azhar Mahmood,10,7,158,5,118,15.5,548334
Azhar Mahmood,18,12,151,3,64,8.333333333333334,548343
Azhar Mahmood,2,4,159,5,142,16.5,548350
Azhar Mahmood,24,24,122,5,50,7.666666666666667,548354
Azhar Mahmood,14,9,163,5,91,12.166666666666666,548359
Azhar Mahmood,31,20,186,4,24,4.833333333333333,548366
Azhar Mahmood,9,7,132,6,60,9.833333333333334,548369
Azhar Mahmood,9,7,118,6,109,15.333333333333334,548371
Azhar Mahmood,36,38,133,6,15,6.0,548374
Azhar Mahmood,8,7,130,6,100,14.333333333333334,598007
Azhar Mahmood,23,20,113,7,61,11.833333333333334,598014
Azhar Mahmood,0,1,151,6,96,14.833333333333334,598016
Azhar Mahmood,4,4,116,7,98,16.666666666666668,598021
Azhar Mahmood,0,4,183,3,4,0.6666666666666666,598025
Azhar Mahmood,9,13,162,3,56,7.666666666666667,598028
Azhar Mahmood,2,7,144,7,123,17.5,598031
Azhar Mahmood,9,13,155,7,76,9.666666666666666,598037
Azhar Mahmood,61,41,168,3,21,2.6666666666666665,598045
Azhar Mahmood,80,44,176,3,2,1.8333333333333335,598066
Azhar Mahmood,6,7,164,8,126,15.833333333333334,829811
P Negi,8,8,167,5,111,12.166666666666666,548333
P Negi,6,4,187,9,166,18.0,548372
P Negi,14,11,130,6,95,14.833333333333334,548378
P Negi,8,6,125,8,116,14.833333333333334,548380
P Negi,27,13,145,8,115,16.666666666666668,829723
P Negi,15,11,163,6,109,12.833333333333334,829773
P Negi,13,7,143,7,118,17.333333333333332,829779
P Negi,36,17,152,6,99,15.5,829789
P Negi,2,3,149,5,108,16.666666666666668,829797
P Negi,5,8,112,7,99,17.666666666666668,829801
P Negi,3,3,154,8,114,15.0,829817
P Negi,12,6,133,6,105,16.666666666666668,829821
P Negi,2,4,153,6,103,14.666666666666666,829823
P Negi,11,19,86,6,33,5.666666666666667,980903
P Negi,8,2,103,4,90,13.0,980913
P Negi,10,10,152,6,118,16.833333333333332,980933
P Negi,3,4,168,7,142,17.333333333333332,980945
P Negi,19,12,150,7,127,17.0,980965
P Negi,6,12,131,6,78,11.5,981011
P Negi,10,8,151,7,136,16.833333333333332,1082595
P Negi,13,13,130,5,106,16.5,1082602
P Negi,10,7,126,7,95,16.0,1082607
P Negi,2,3,42,7,33,6.666666666666667,1082617
P Negi,32,19,122,7,54,9.833333333333334,1082621
P Negi,3,7,92,7,46,10.0,1082624
P Negi,35,23,158,7,105,13.833333333333334,1082628
P Negi,21,23,112,7,71,11.0,1082633
P Negi,5,3,155,7,123,18.333333333333332,1082636
P Negi,13,5,152,8,138,19.333333333333332,1082646
P Negi,3,4,192,6,111,12.666666666666666,1136571
P Negi,0,1,197,7,184,19.166666666666668,1136584
P Negi,0,1,144,7,129,17.333333333333332,1178395
P Negi,0,2,163,7,163,19.5,1178406
P Negi,5,6,157,7,125,16.666666666666668,1178414
P Negi,4,3,59,7,54,4.166666666666667,1178424
RJ Peterson,16,7,161,8,126,17.833333333333332,548339
RJ Peterson,2,2,166,7,137,15.333333333333334,548342
RJ Peterson,1,5,91,7,74,16.333333333333332,548346
RJ Peterson,13,14,109,4,53,9.166666666666666,548351
RJ Peterson,0,2,171,7,147,18.166666666666668,548355
KMDN Kulasekara,5,3,143,9,131,19.0,548343
A Ashish Reddy,10,10,95,8,62,13.166666666666666,548346
A Ashish Reddy,3,3,146,6,131,18.833333333333332,548352
A Ashish Reddy,8,8,133,8,109,16.666666666666668,548359
A Ashish Reddy,10,4,119,7,109,18.166666666666668,548373
A Ashish Reddy,4,4,122,7,117,19.0,548376
A Ashish Reddy,7,4,123,7,106,18.0,598000
A Ashish Reddy,14,12,114,8,86,16.333333333333332,598004
A Ashish Reddy,16,9,112,7,69,14.5,598010
A Ashish Reddy,4,5,120,6,99,15.666666666666666,598013
A Ashish Reddy,19,15,114,9,72,15.166666666666666,598018
A Ashish Reddy,7,7,121,7,92,16.333333333333332,598021
A Ashish Reddy,36,16,151,8,90,15.666666666666666,598030
A Ashish Reddy,14,11,133,9,78,14.333333333333334,598032
A Ashish Reddy,5,6,78,3,33,4.833333333333333,598044
A Ashish Reddy,3,4,155,6,137,18.166666666666668,598048
A Ashish Reddy,13,9,121,7,91,16.666666666666668,829727
A Ashish Reddy,15,8,159,7,124,16.833333333333332,829731
A Ashish Reddy,22,8,149,7,122,17.5,829759
A Ashish Reddy,6,6,181,6,145,16.333333333333332,829773
A Ashish Reddy,17,15,107,8,56,12.333333333333334,829815
A Ashish Reddy,32,18,171,7,92,11.833333333333334,980907
A Ashish Reddy,13,8,134,7,111,17.666666666666668,980915
A Ashish Reddy,2,3,185,7,181,19.5,980953
V Pratap Singh,0,1,95,11,95,18.666666666666668,548346
BB Samantray,2,2,169,6,163,19.333333333333332,548348
BB Samantray,37,37,114,5,14,3.1666666666666665,598018
BB Samantray,10,12,121,5,70,11.833333333333334,598021
BB Samantray,2,2,155,8,149,19.333333333333332,598048
BB Samantray,0,1,146,5,49,8.0,598056
BB Samantray,55,46,121,5,4,2.8333333333333335,598065
BB Samantray,5,2,123,7,103,18.0,598069
BB Samantray,14,11,126,7,106,17.5,598071
MJ Clarke,41,31,162,2,0,0.16666666666666666,548348
MJ Clarke,14,15,113,3,19,3.6666666666666665,548351
MJ Clarke,1,2,133,2,0,0.16666666666666666,548353
MJ Clarke,16,18,115,2,0,0.16666666666666666,548358
MJ Clarke,13,10,134,2,0,0.16666666666666666,548362
MJ Clarke,13,18,92,3,9,2.5,548375
Gurkeerat Singh,23,24,122,6,52,8.833333333333334,548354
Gurkeerat Singh,29,12,186,8,145,16.833333333333332,548366
Gurkeerat Singh,8,5,132,7,77,12.0,548369
Gurkeerat Singh,26,11,133,7,70,14.333333333333334,548374
Gurkeerat Singh,31,26,130,5,49,7.166666666666667,598007
Gurkeerat Singh,10,15,113,5,6,3.6666666666666665,598014
Gurkeerat Singh,0,1,151,7,96,15.0,598016
Gurkeerat Singh,17,12,116,6,82,14.333333333333334,598021
Gurkeerat Singh,28,15,144,6,106,14.833333333333334,598031
Gurkeerat Singh,2,4,155,6,73,8.833333333333334,598037
Gurkeerat Singh,0,1,168,6,165,19.333333333333332,598041
Gurkeerat Singh,20,20,182,3,13,2.6666666666666665,598064
Gurkeerat Singh,0,1,176,7,168,19.166666666666668,598066
Gurkeerat Singh,11,10,142,7,95,14.166666666666666,829733
Gurkeerat Singh,4,7,174,6,143,17.166666666666668,829791
Gurkeerat Singh,3,5,173,7,78,12.666666666666666,829799
Gurkeerat Singh,2,3,102,7,95,9.0,829803
Gurkeerat Singh,15,14,121,5,35,5.333333333333333,829809
Gurkeerat Singh,0,3,150,5,67,8.166666666666666,980955
Gurkeerat Singh,11,11,145,7,109,15.833333333333334,980963
Gurkeerat Singh,6,4,116,5,107,16.166666666666668,980985
Gurkeerat Singh,27,20,176,4,86,11.333333333333334,980991
Gurkeerat Singh,18,18,114,5,51,5.166666666666667,980999
Gurkeerat Singh,51,30,168,4,61,8.666666666666666,981005
Gurkeerat Singh,27,19,166,6,106,12.5,1178421
Gurkeerat Singh,6,3,59,5,35,2.1666666666666665,1178424
Gurkeerat Singh,65,48,169,5,19,3.0,1178429
Gurkeerat Singh,21,26,80,3,41,6.666666666666667,1216494
Gurkeerat Singh,14,11,161,7,133,17.0,1216499
Gurkeerat Singh,15,24,109,6,68,12.0,1216502
Gurkeerat Singh,19,17,165,5,91,13.333333333333334,1216522
Gurkeerat Singh,2,2,133,7,126,19.166666666666668,1216544
AP Majumdar,30,20,115,4,30,6.333333333333333,548358
AP Majumdar,31,26,134,5,22,4.0,548362
AP Majumdar,9,8,120,4,3,1.1666666666666667,548365
AP Majumdar,17,22,92,5,47,9.5,548375
PA Reddy,24,13,133,6,64,10.833333333333334,548359
PA Reddy,0,0,0,6,176,20.0,548366
PA Reddy,42,35,119,1,0,0.16666666666666666,548373
PA Reddy,7,11,122,2,0,0.16666666666666666,548376
PA Reddy,27,30,123,1,0,0.16666666666666666,598000
PA Reddy,23,21,114,1,0,0.16666666666666666,598004
PA Reddy,1,8,112,1,0,0.16666666666666666,598010
PA Reddy,19,17,121,2,0,0.16666666666666666,598021
PA Reddy,2,5,133,1,0,0.16666666666666666,598032
PA Reddy,7,9,125,1,0,0.16666666666666666,598039
PA Reddy,12,11,155,1,0,0.16666666666666666,598048
K Upadhyay,11,8,134,11,118,18.166666666666668,548362
K Upadhyay,1,1,102,11,101,19.333333333333332,598053
P Awana,0,0,0,10,149,20.0,548343
P Awana,4,5,132,10,122,18.333333333333332,548369
P Awana,1,5,130,11,126,18.5,598007
P Awana,0,1,113,11,113,18.833333333333332,598014
P Awana,0,0,0,11,147,19.833333333333332,598016
P Awana,0,2,155,11,138,18.0,598037
P Awana,0,1,112,10,104,19.333333333333332,598056
AD Russell,31,15,187,7,146,15.833333333333334,548372
AD Russell,16,11,125,5,67,8.666666666666666,548380
AD Russell,4,8,123,8,93,15.5,597998
AD Russell,7,6,149,5,139,18.166666666666668,598001
AD Russell,1,5,109,8,83,13.833333333333334,733971
AD Russell,1,3,149,3,119,14.333333333333334,733979
AD Russell,41,17,171,6,127,16.5,829713
AD Russell,55,32,159,5,52,9.333333333333334,829723
AD Russell,66,36,157,7,59,8.0,829733
AD Russell,19,10,98,4,46,6.166666666666667,829743
AD Russell,5,5,159,6,101,15.0,829761
AD Russell,4,4,127,7,88,15.5,829765
AD Russell,45,17,101,3,29,4.0,829771
AD Russell,1,3,160,4,76,11.166666666666666,829781
AD Russell,51,21,177,6,81,11.0,829791
AD Russell,2,4,158,6,112,14.5,829805
AD Russell,37,20,164,5,62,8.333333333333334,829811
AD Russell,36,17,177,4,114,13.833333333333334,980909
AD Russell,2,5,141,3,88,12.666666666666666,980915
AD Russell,17,11,152,6,105,14.5,980939
AD Russell,22,16,173,5,120,14.0,980947
AD Russell,17,12,144,7,96,13.666666666666666,980951
AD Russell,39,24,170,6,62,10.333333333333334,980959
AD Russell,16,10,159,4,135,17.0,980963
AD Russell,39,19,171,5,108,13.833333333333334,980995
AD Russell,15,11,164,7,136,16.0,1136563
AD Russell,88,36,197,7,87,10.166666666666666,1136565
AD Russell,9,5,130,6,83,12.5,1136570
AD Russell,41,12,194,6,116,13.833333333333334,1136573
AD Russell,10,7,181,6,142,15.5,1136578
AD Russell,44,30,160,7,77,9.666666666666666,1136586
AD Russell,0,1,168,5,132,16.666666666666668,1136589
AD Russell,9,10,159,6,110,13.666666666666666,1136597
AD Russell,2,4,107,5,49,6.833333333333333,1136601
AD Russell,31,14,240,4,126,11.666666666666666,1136604
AD Russell,11,5,143,6,116,15.5,1136609
AD Russell,4,4,166,5,144,16.666666666666668,1136614
AD Russell,49,24,159,7,99,14.5,1136618
AD Russell,3,7,157,7,106,12.5,1136619
AD Russell,49,19,179,5,93,13.0,1175357
AD Russell,48,16,213,5,142,14.666666666666666,1175361
AD Russell,62,27,177,7,60,9.333333333333334,1175365
AD Russell,42,12,179,6,123,15.833333333333334,1175372
AD Russell,50,44,104,7,42,8.833333333333334,1178398
AD Russell,45,21,172,5,88,12.833333333333334,1178401
AD Russell,10,4,152,6,114,14.5,1178404
AD Russell,65,25,187,6,68,12.0,1178410
AD Russell,15,9,154,7,120,15.666666666666666,1178413
AD Russell,14,14,164,6,74,11.666666666666666,1178418
AD Russell,80,40,224,3,96,9.666666666666666,1178422
AD Russell,24,14,178,4,99,10.666666666666666,1178427
AD Russell,0,1,119,5,65,12.833333333333334,1178431
AD Russell,2,4,157,6,106,14.166666666666666,1216501
AD Russell,24,14,163,4,78,10.166666666666666,1216504
AD Russell,11,11,141,6,76,11.833333333333334,1216508
AD Russell,8,10,159,4,87,11.833333333333334,1216512
AD Russell,12,7,196,4,65,8.333333333333334,1216515
AD Russell,5,3,155,6,140,18.0,1216523
AD Russell,12,9,141,6,37,7.833333333333333,1216526
AD Russell,25,11,184,7,95,12.666666666666666,1216530
AD Russell,16,10,106,6,59,10.666666666666666,1216540
AD Russell,5,5,180,4,146,15.5,1254060
AD Russell,9,14,130,7,111,15.5,1254062
AD Russell,31,20,162,7,111,13.833333333333334,1254067
AD Russell,54,21,188,7,28,5.5,1254072
AD Russell,8,6,123,7,90,15.5,1254075
AD Russell,10,9,119,6,76,11.166666666666666,1254078
AD Russell,45,27,147,6,73,10.833333333333334,1254082
AD Russell,0,0,0,3,77,9.333333333333334,1254087
AD Russell,20,15,163,6,87,12.5,1254098
AD Russell,25,18,122,8,64,9.166666666666666,1304052
AD Russell,65,29,130,6,49,7.166666666666667,1304054
AD Russell,11,5,157,6,81,11.833333333333334,1304060
AD Russell,24,21,165,5,102,11.833333333333334,1304065
AD Russell,49,25,166,7,97,13.166666666666666,1304071
AD Russell,0,1,197,5,139,13.166666666666666,1304076
AD Russell,48,24,141,7,74,12.333333333333334,1304081
AD Russell,0,3,131,7,78,13.333333333333334,1304087
AD Russell,45,19,98,6,23,7.0,1304099
AD Russell,9,5,154,5,113,13.333333333333334,1304102
AD Russell,49,28,165,7,89,11.833333333333334,1304107
AD Russell,5,11,192,6,118,13.833333333333334,1304112
AD Russell,34,18,133,7,77,10.333333333333334,1359476
AD Russell,0,1,168,6,67,11.5,1359483
AD Russell,1,2,203,6,152,16.0,1359487
AD Russell,3,6,189,6,80,8.5,1359493
AD Russell,21,11,171,7,148,17.5,1359496
AD Russell,38,31,115,8,64,11.666666666666666,1359502
AD Russell,9,6,176,7,130,14.666666666666666,1359507
AD Russell,1,2,193,5,162,17.5,1359510
AD Russell,34,19,176,7,132,15.5,1359513
AD Russell,24,15,159,6,87,11.5,1359521
AD Russell,42,23,178,5,112,13.833333333333334,1359527
AD Russell,10,10,146,5,75,10.5,1359530
AD Russell,2,2,135,6,126,17.333333333333332,1359535
AD Russell,7,9,166,6,103,13.833333333333334,1359542
AD Russell,60,24,190,8,109,14.0,1422121
AD Russell,41,19,249,4,152,12.833333333333334,1422134
AD Russell,6,9,120,8,103,16.833333333333332,1426260
AD Russell,13,10,202,5,122,13.166666666666666,1426269
AD Russell,27,19,202,7,130,13.333333333333334,1426274
AD Russell,24,12,248,4,155,12.666666666666666,1426280
AD Russell,7,2,162,8,134,16.666666666666668,1426289
AD Russell,12,8,222,4,138,12.166666666666666,1426292
AD Russell,24,14,151,6,73,8.333333333333334,1426298
A Chandila,0,1,118,9,118,20.0,548373
A Chandila,4,6,117,8,108,16.666666666666668,598023
CA Lynn,6,9,119,5,80,13.0,548373
CA Lynn,45,31,143,4,10,1.5,729299
CA Lynn,13,18,99,4,18,4.333333333333333,729307
CA Lynn,10,10,173,6,129,16.0,980947
CA Lynn,15,12,170,3,6,1.1666666666666667,980959
CA Lynn,93,41,169,2,0,0.16666666666666666,1082593
CA Lynn,30,22,163,2,0,0.16666666666666666,1082597
CA Lynn,50,22,153,1,0,0.16666666666666666,1082636
CA Lynn,84,52,149,2,0,0.16666666666666666,1082639
CA Lynn,26,14,155,2,0,0.16666666666666666,1082644
CA Lynn,6,2,44,2,0,0.16666666666666666,1082648
CA Lynn,4,8,100,1,0,0.16666666666666666,1082649
CA Lynn,5,8,164,2,0,0.16666666666666666,1136563
CA Lynn,22,16,197,1,0,0.16666666666666666,1136565
CA Lynn,49,34,130,2,0,0.16666666666666666,1136570
CA Lynn,31,29,194,1,0,0.16666666666666666,1136573
CA Lynn,0,2,160,2,0,0.16666666666666666,1136575
CA Lynn,74,41,181,1,0,0.16666666666666666,1136578
CA Lynn,5,6,160,1,0,0.16666666666666666,1136586
CA Lynn,62,52,168,1,0,0.16666666666666666,1136589
CA Lynn,12,6,168,1,0,0.16666666666666666,1136593
CA Lynn,17,13,159,1,0,0.16666666666666666,1136597
CA Lynn,21,15,107,2,0,0.16666666666666666,1136601
CA Lynn,27,17,240,1,0,0.16666666666666666,1136604
CA Lynn,45,42,143,2,0,0.16666666666666666,1136609
CA Lynn,55,43,166,1,0,0.16666666666666666,1136614
CA Lynn,18,22,159,2,0,0.16666666666666666,1136618
CA Lynn,48,31,157,1,0,0.16666666666666666,1136619
CA Lynn,7,11,179,1,0,0.16666666666666666,1175357
CA Lynn,10,10,213,1,0,0.16666666666666666,1175361
CA Lynn,20,18,177,2,0,0.16666666666666666,1175365
CA Lynn,37,30,179,1,0,0.16666666666666666,1175372
CA Lynn,50,32,129,1,0,0.16666666666666666,1178396
CA Lynn,0,5,104,1,0,0.16666666666666666,1178398
CA Lynn,82,51,152,1,0,0.16666666666666666,1178404
CA Lynn,1,2,187,1,0,0.16666666666666666,1178410
CA Lynn,51,47,154,1,0,0.16666666666666666,1178413
CA Lynn,0,3,164,1,0,0.16666666666666666,1178418
CA Lynn,54,29,224,2,0,0.16666666666666666,1178422
CA Lynn,46,22,178,2,0,0.16666666666666666,1178427
CA Lynn,37,28,119,2,0,0.16666666666666666,1178431
CA Lynn,49,35,150,2,0,0.16666666666666666,1254058
Sunny Gupta,0,1,125,9,116,15.0,548380
MC Juneja,8,9,123,4,41,6.0,597998
MC Juneja,20,18,149,4,76,11.166666666666666,598001
MC Juneja,49,40,155,4,12,3.0,598006
MC Juneja,15,22,103,4,24,4.666666666666667,598010
MC Juneja,17,16,146,3,39,5.833333333333333,598017
MC Juneja,2,3,79,3,9,1.8333333333333335,598020
MC Juneja,14,20,113,5,42,7.166666666666667,598059
KK Nair,0,3,140,6,68,11.833333333333334,597999
KK Nair,9,9,122,4,15,3.8333333333333335,598004
KK Nair,8,12,68,2,0,0.16666666666666666,729305
KK Nair,1,5,147,2,0,0.16666666666666666,729315
KK Nair,73,50,152,2,0,0.16666666666666666,733975
KK Nair,44,35,162,2,0,0.16666666666666666,733979
KK Nair,12,9,92,2,0,0.16666666666666666,733989
KK Nair,56,39,178,2,0,0.16666666666666666,733999
KK Nair,8,11,136,4,77,10.833333333333334,734003
KK Nair,19,14,185,2,0,0.16666666666666666,734011
KK Nair,48,24,145,1,0,0.16666666666666666,734017
KK Nair,11,6,156,2,0,0.16666666666666666,734033
KK Nair,50,27,184,3,32,5.666666666666667,734041
KK Nair,8,11,141,4,10,3.0,829709
KK Nair,20,12,180,4,50,7.5,829715
KK Nair,1,5,124,4,78,13.5,829727
KK Nair,1,1,156,4,155,18.333333333333332,829735
KK Nair,25,13,181,5,130,15.666666666666666,829741
KK Nair,16,14,126,4,44,5.833333333333333,829749
KK Nair,7,6,166,5,117,15.166666666666666,829769
KK Nair,61,38,181,3,47,7.0,829777
KK Nair,4,10,187,4,30,4.166666666666667,829787
KK Nair,10,12,132,4,48,7.833333333333333,829797
KK Nair,16,10,185,6,132,14.666666666666666,829811
KK Nair,12,13,106,5,55,8.333333333333334,829819
KK Nair,3,8,86,4,24,3.1666666666666665,980903
KK Nair,53,41,177,4,43,5.833333333333333,980921
KK Nair,5,5,152,4,44,7.166666666666667,980933
KK Nair,9,7,168,3,2,1.6666666666666665,980945
KK Nair,68,50,176,4,2,1.0,980951
KK Nair,28,22,150,3,12,3.0,980965
KK Nair,23,25,163,3,67,8.0,980971
KK Nair,20,17,147,3,20,3.3333333333333335,980983
KK Nair,8,8,123,3,11,1.6666666666666665,980993
KK Nair,41,43,119,3,4,2.3333333333333335,980997
KK Nair,83,59,147,3,3,2.0,981003
KK Nair,11,10,131,3,10,1.5,981011
KK Nair,4,3,137,3,32,4.833333333333333,1082595
KK Nair,0,3,177,3,51,7.166666666666667,1082605
KK Nair,21,27,165,3,53,6.333333333333333,1082608
KK Nair,33,23,169,3,13,2.0,1082611
KK Nair,5,15,120,3,1,0.8333333333333334,1082614
KK Nair,15,17,153,2,0,0.16666666666666666,1082622
KK Nair,11,10,62,3,1,1.1666666666666667,1082626
KK Nair,39,20,186,2,0,0.16666666666666666,1082630
KK Nair,12,11,202,2,0,0.16666666666666666,1082632
KK Nair,21,15,63,2,0,0.16666666666666666,1082635
KK Nair,30,15,194,2,0,0.16666666666666666,1082640
KK Nair,64,45,161,2,0,0.16666666666666666,1082642
KK Nair,26,22,143,2,0,0.16666666666666666,1082646
KK Nair,50,33,165,4,64,5.0,1136562
KK Nair,29,26,149,5,35,4.166666666666667,1136568
KK Nair,29,17,196,6,148,14.5,1136572
KK Nair,31,21,185,4,77,10.5,1136576
KK Nair,34,32,129,4,41,4.666666666666667,1136582
KK Nair,13,17,117,4,57,8.5,1136585
KK Nair,23,12,164,4,80,11.833333333333334,1136594
KK Nair,31,23,152,4,27,4.833333333333333,1136598
KK Nair,3,5,136,4,13,2.6666666666666665,1136600
KK Nair,3,6,207,4,56,6.0,1136604
KK Nair,1,3,83,3,35,4.666666666666667,1136608
KK Nair,54,26,142,6,69,11.333333333333334,1136616
KK Nair,5,6,190,4,127,15.166666666666666,1178399
KK Nair,1,3,149,3,23,4.666666666666667,1216493
KK Nair,0,3,136,3,37,5.0,1216503
KK Nair,15,8,195,5,118,15.5,1216510
KK Nair,3,5,200,6,175,17.333333333333332,1304076
KK Nair,13,13,142,4,52,8.833333333333334,1304093
GH Vihari,11,12,123,6,80,14.5,598000
GH Vihari,44,46,114,4,17,3.6666666666666665,598004
GH Vihari,17,23,112,4,45,7.833333333333333,598010
GH Vihari,1,2,120,8,115,18.833333333333332,598013
GH Vihari,1,8,114,3,4,2.1666666666666665,598018
GH Vihari,46,39,121,3,0,0.8333333333333334,598021
GH Vihari,2,3,151,3,4,0.6666666666666666,598030
GH Vihari,4,9,133,4,6,1.8333333333333335,598032
GH Vihari,23,22,125,4,53,8.166666666666666,598039
GH Vihari,11,9,78,6,59,11.5,598044
GH Vihari,4,3,155,7,149,19.166666666666668,598048
GH Vihari,3,8,142,4,43,5.666666666666667,598051
GH Vihari,5,7,146,3,27,4.333333333333333,598056
GH Vihari,41,37,171,3,35,4.0,598060
GH Vihari,19,28,121,3,3,1.3333333333333333,598065
GH Vihari,6,13,123,3,87,11.666666666666666,598069
GH Vihari,1,8,126,3,2,1.1666666666666667,598071
GH Vihari,15,9,131,6,102,15.0,829751
GH Vihari,9,8,149,3,10,2.0,829759
GH Vihari,8,5,181,7,152,17.5,829773
GH Vihari,6,12,128,6,53,8.333333333333334,829781
GH Vihari,2,3,181,6,170,18.833333333333332,1175365
GH Vihari,2,5,141,7,134,17.0,1175368
MDKJ Perera,14,12,156,1,0,0.16666666666666666,598001
MDKJ Perera,0,1,138,1,0,0.16666666666666666,598009
R Shukla,1,2,156,9,155,19.833333333333332,598001
R Shukla,2,3,138,8,134,19.166666666666668,733993
R Shukla,2,6,157,8,137,17.833333333333332,734005
R Shukla,14,12,130,10,85,14.833333333333334,734011
B Laughlin,0,1,132,9,105,17.0,598002
B Laughlin,4,8,70,11,51,12.833333333333334,598046
B Laughlin,1,3,117,11,115,19.5,1136564
B Laughlin,0,1,132,11,132,18.5,1136577
AS Rajpoot,2,6,132,10,121,18.333333333333332,598002
AS Rajpoot,4,7,100,11,94,17.333333333333332,1082649
AS Rajpoot,8,9,117,10,99,17.0,1136585
AS Rajpoot,1,5,83,11,80,14.166666666666666,1136608
AS Rajpoot,2,4,142,11,139,19.0,1136616
AS Rajpoot,7,5,130,11,99,18.166666666666668,1216504
AS Rajpoot,2,5,134,10,113,16.0,1216511
M Vohra,43,28,97,3,20,2.5,598003
M Vohra,16,11,130,3,18,2.6666666666666665,598007
M Vohra,3,6,113,3,1,1.6666666666666665,598014
M Vohra,17,16,151,3,23,4.0,598016
M Vohra,0,1,116,9,108,18.0,598021
M Vohra,22,13,183,4,4,1.3333333333333333,598025
M Vohra,31,21,144,3,44,6.333333333333333,598031
M Vohra,1,2,155,3,11,2.1666666666666665,598037
M Vohra,8,11,115,5,48,5.0,598059
M Vohra,20,8,176,6,150,17.5,598066
M Vohra,47,20,207,2,0,0.16666666666666666,734007
M Vohra,42,19,150,2,0,0.16666666666666666,734019
M Vohra,36,34,148,2,0,0.16666666666666666,734025
M Vohra,25,20,163,2,0,0.16666666666666666,734033
M Vohra,47,38,104,2,0,0.16666666666666666,734039
M Vohra,26,19,130,2,0,0.16666666666666666,734043
M Vohra,34,31,215,2,0,0.16666666666666666,734047
M Vohra,67,51,191,2,0,0.16666666666666666,734049
M Vohra,5,9,123,2,0,0.16666666666666666,829759
M Vohra,1,7,110,2,0,0.16666666666666666,829767
M Vohra,2,3,79,2,0,0.16666666666666666,829785
M Vohra,39,34,174,2,0,0.16666666666666666,829791
M Vohra,20,15,173,2,0,0.16666666666666666,829799
M Vohra,11,6,102,2,0,0.16666666666666666,829803
M Vohra,4,7,121,2,0,0.16666666666666666,829809
M Vohra,38,23,154,2,0,0.16666666666666666,980905
M Vohra,32,24,107,2,0,0.16666666666666666,980913
M Vohra,51,33,151,2,0,0.16666666666666666,980919
M Vohra,8,12,131,2,0,0.16666666666666666,980925
M Vohra,25,23,138,2,0,0.16666666666666666,980935
M Vohra,7,11,155,2,0,0.16666666666666666,980941
M Vohra,0,5,145,3,1,0.8333333333333334,980963
M Vohra,14,9,154,2,0,0.16666666666666666,1082594
M Vohra,34,21,144,1,0,0.16666666666666666,1082598
M Vohra,28,19,148,2,0,0.16666666666666666,1082601
M Vohra,3,6,135,1,0,0.16666666666666666,1082605
M Vohra,95,50,143,2,0,0.16666666666666666,1082609
M Vohra,2,4,183,1,0,0.16666666666666666,1082616
M Vohra,3,6,176,2,0,0.16666666666666666,1082623
M Vohra,25,28,126,4,18,3.6666666666666665,1082633
M Vohra,25,16,155,2,0,0.16666666666666666,1082639
M Vohra,2,5,172,2,0,0.16666666666666666,1136579
M Vohra,0,1,165,4,70,10.0,1136589
M Vohra,45,31,149,1,0,0.16666666666666666,1136591
M Vohra,8,10,136,1,0,0.16666666666666666,1136599
M Vohra,12,8,207,2,0,0.16666666666666666,1254061
M Vohra,9,11,147,2,0,0.16666666666666666,1254064
M Vohra,14,11,124,2,0,0.16666666666666666,1254069
M Vohra,7,9,164,2,0,0.16666666666666666,1254073
M Vohra,19,11,171,3,7,1.1666666666666667,1312198
M Vohra,10,11,119,1,0,0.16666666666666666,1359519
JD Unadkat,1,1,122,10,119,19.666666666666668,598004
JD Unadkat,1,1,112,11,109,19.833333333333332,598057
JD Unadkat,1,5,82,10,80,14.666666666666666,729293
JD Unadkat,0,1,108,11,108,18.166666666666668,734039
JD Unadkat,2,5,148,9,119,17.5,1082607
JD Unadkat,0,0,0,10,141,19.833333333333332,1082634
JD Unadkat,1,2,117,10,114,19.166666666666668,1136564
JD Unadkat,0,0,0,10,154,20.5,1136575
JD Unadkat,16,10,132,10,109,15.666666666666666,1136577
JD Unadkat,0,0,0,9,151,19.333333333333332,1136581
JD Unadkat,6,7,144,10,121,17.333333333333332,1136598
JD Unadkat,0,1,154,9,149,19.666666666666668,1136600
JD Unadkat,26,18,140,8,102,13.166666666666666,1136609
JD Unadkat,1,2,163,9,156,19.0,1175359
JD Unadkat,0,0,0,10,155,20.0,1175367
JD Unadkat,0,0,0,9,150,19.333333333333332,1178407
JD Unadkat,0,1,172,9,162,19.0,1178418
JD Unadkat,9,13,130,10,82,14.833333333333334,1216504
JD Unadkat,11,7,147,9,101,16.0,1254064
JD Unadkat,24,17,124,9,81,14.666666666666666,1254069
JD Unadkat,6,5,84,9,35,9.166666666666666,1254106
JD Unadkat,13,14,145,8,78,13.5,1304064
JD Unadkat,12,7,181,7,148,16.5,1304069
JD Unadkat,14,6,166,8,142,17.833333333333332,1304072
JD Unadkat,19,9,150,9,116,17.5,1304079
JD Unadkat,1,1,118,8,117,19.5,1304083
JD Unadkat,9,7,197,8,176,17.166666666666668,1359489
JD Unadkat,6,1,175,11,169,20.0,1426261
JD Unadkat,8,10,160,10,134,16.0,1426279
JD Unadkat,1,2,131,11,129,18.5,1426284
JD Unadkat,5,2,167,10,162,19.833333333333332,1426311
JD Unadkat,4,11,100,10,81,14.333333333333334,1426312
Mohammed Shami,5,10,114,10,92,15.666666666666666,598005
Mohammed Shami,1,3,82,9,79,14.0,729293
Mohammed Shami,1,1,157,9,155,19.833333333333332,734005
Mohammed Shami,1,2,159,9,153,18.833333333333332,734019
Mohammed Shami,0,1,108,9,103,17.166666666666668,734039
Mohammed Shami,0,1,176,9,173,19.5,980951
Mohammed Shami,2,3,150,9,131,18.333333333333332,980965
Mohammed Shami,0,1,165,9,165,20.0,1082608
Mohammed Shami,2,4,62,10,58,15.833333333333334,1082626
Mohammed Shami,7,4,63,10,46,9.833333333333334,1082635
Mohammed Shami,4,2,194,9,181,18.5,1082640
Mohammed Shami,2,4,161,9,156,19.166666666666668,1082642
Mohammed Shami,21,9,143,9,112,16.833333333333332,1082646
Mohammed Shami,7,6,121,9,108,11.666666666666666,1136573
Mohammed Shami,0,1,157,10,144,19.333333333333332,1175368
Mohammed Shami,1,1,159,10,157,19.833333333333332,1178423
Mohammed Shami,0,0,0,9,149,20.0,1216493
Mohammed Shami,2,2,136,10,117,18.666666666666668,1216503
Mohammed Shami,0,1,128,9,122,15.0,1216542
Mohammed Shami,9,12,102,9,85,17.0,1254065
Mohammed Shami,3,3,108,10,102,18.333333333333332,1254071
Mohammed Shami,1,2,118,10,93,18.333333333333332,1254078
Mohammed Shami,0,0,0,9,112,19.833333333333332,1254107
Mohammed Shami,0,1,169,10,168,19.666666666666668,1359536
Mohammed Shami,5,5,142,11,130,18.666666666666668,1370350
BMAJ Mendis,0,1,155,5,92,10.833333333333334,598006
BMAJ Mendis,12,17,79,5,26,5.166666666666667,598020
BMAJ Mendis,11,9,74,5,44,11.0,598044
R Rampaul,0,4,156,6,128,17.166666666666668,598012
R Rampaul,12,7,148,9,135,18.833333333333332,598017
R Rampaul,0,1,247,6,246,19.833333333333332,598027
R Rampaul,22,17,124,8,74,13.5,598033
R Rampaul,3,4,160,7,134,18.333333333333332,598036
R Rampaul,0,3,112,8,100,17.333333333333332,598057
R Rampaul,13,13,66,9,42,10.666666666666666,729305
CH Morris,7,4,156,8,138,19.0,598012
CH Morris,5,5,133,9,113,17.666666666666668,598015
CH Morris,1,1,179,7,168,19.166666666666668,598026
CH Morris,0,1,154,7,140,19.0,598030
CH Morris,1,4,70,9,50,11.5,598046
CH Morris,0,1,116,9,52,11.166666666666666,598073
CH Morris,6,8,141,8,106,16.833333333333332,829709
CH Morris,13,6,180,8,160,18.333333333333332,829715
CH Morris,3,3,126,9,117,18.0,829749
CH Morris,34,11,187,9,150,17.833333333333332,829787
CH Morris,10,9,132,8,120,17.833333333333332,829797
CH Morris,4,5,185,7,166,18.166666666666668,829811
CH Morris,0,3,106,9,90,15.166666666666666,829819
CH Morris,11,9,86,8,60,11.166666666666666,980903
CH Morris,82,32,168,6,55,10.833333333333334,980945
CH Morris,0,2,176,6,129,16.5,980951
CH Morris,17,12,163,6,132,17.0,980971
CH Morris,20,16,123,7,94,13.0,980993
CH Morris,38,20,119,7,70,14.666666666666666,980997
CH Morris,27,18,131,8,92,15.166666666666666,981011
CH Morris,4,5,137,6,80,11.0,1082595
CH Morris,38,9,197,6,158,18.5,1082599
CH Morris,16,8,177,7,113,15.333333333333334,1082605
CH Morris,16,9,165,7,145,17.5,1082608
CH Morris,0,0,0,7,168,20.0,1082611
CH Morris,52,41,120,8,22,6.666666666666667,1082614
CH Morris,11,10,153,5,124,15.333333333333334,1082622
CH Morris,2,5,62,7,28,7.833333333333333,1082626
CH Morris,15,7,186,6,145,16.166666666666668,1082630
CH Morris,27,16,160,7,119,15.166666666666666,1136562
CH Morris,17,7,57,4,32,3.8333333333333335,1136566
CH Morris,2,3,121,8,105,11.0,1136573
CH Morris,0,0,0,7,158,19.833333333333332,1136579
CH Morris,0,1,141,6,134,16.833333333333332,1175368
CH Morris,17,15,124,7,72,13.833333333333334,1175371
CH Morris,0,3,139,6,132,17.666666666666668,1178395
CH Morris,4,8,144,6,119,16.0,1178405
CH Morris,11,9,120,7,74,14.0,1178409
CH Morris,0,1,99,8,83,11.166666666666666,1178425
CH Morris,4,2,161,6,133,16.666666666666668,1216499
CH Morris,3,4,109,7,97,17.333333333333332,1216502
CH Morris,0,2,148,5,109,15.833333333333334,1216505
CH Morris,25,8,159,7,122,17.666666666666668,1216531
CH Morris,2,5,133,6,123,18.333333333333332,1216544
CH Morris,2,4,207,8,191,18.333333333333332,1254061
CH Morris,36,18,147,8,87,15.0,1254064
CH Morris,0,2,124,8,81,14.333333333333334,1254069
CH Morris,10,7,164,8,124,15.666666666666666,1254073
CH Morris,14,11,145,8,124,16.5,1254103
CH Morris,0,2,84,8,34,8.166666666666666,1254106
CH Morris,5,5,176,8,162,17.5,1254111
SV Samson,27,23,117,6,70,13.0,598014
SV Samson,63,41,168,3,21,3.0,598036
SV Samson,40,36,124,4,25,4.666666666666667,598043
SV Samson,10,6,179,6,147,17.333333333333332,598047
SV Samson,47,33,141,4,71,9.833333333333334,598052
SV Samson,0,5,143,4,18,3.8333333333333335,598058
SV Samson,4,4,136,4,20,3.8333333333333335,598063
SV Samson,5,7,107,4,38,8.833333333333334,598065
SV Samson,10,21,131,6,55,8.5,598071
SV Samson,0,2,151,4,59,8.833333333333334,598072
SV Samson,3,9,130,3,4,0.6666666666666666,729285
SV Samson,52,34,181,3,22,3.1666666666666665,729291
SV Samson,16,16,131,3,9,1.6666666666666665,729297
SV Samson,2,6,68,3,30,4.666666666666667,729305
SV Samson,20,19,147,3,11,2.3333333333333335,729315
SV Samson,34,28,152,3,19,3.0,733975
SV Samson,37,31,162,3,50,6.666666666666667,733979
SV Samson,16,16,92,3,0,0.6666666666666666,733989
SV Samson,13,8,178,5,61,9.166666666666666,733999
SV Samson,40,25,185,4,83,10.666666666666666,734011
SV Samson,2,5,145,4,36,4.5,734017
SV Samson,30,29,156,3,21,2.8333333333333335,734033
SV Samson,74,47,184,2,0,0.16666666666666666,734041
SV Samson,5,6,141,2,0,0.16666666666666666,829709
SV Samson,11,12,180,2,0,0.16666666666666666,829715
SV Samson,17,15,159,2,0,0.16666666666666666,829721
SV Samson,26,30,124,2,0,0.16666666666666666,829727
SV Samson,5,2,181,8,165,19.333333333333332,829741
SV Samson,4,7,126,6,81,11.666666666666666,829749
SV Samson,76,46,166,3,26,3.3333333333333335,829769
SV Samson,21,10,187,7,117,14.5,829787
SV Samson,26,17,132,6,73,12.0,829797
SV Samson,8,9,185,4,103,11.0,829811
SV Samson,5,8,106,3,14,2.1666666666666665,829819
SV Samson,15,13,86,5,29,5.166666666666667,980903
SV Samson,33,32,103,3,9,2.3333333333333335,980913
SV Samson,9,14,177,3,5,1.1666666666666667,980921
SV Samson,60,48,152,3,11,2.1666666666666665,980933
SV Samson,1,6,168,2,0,0.16666666666666666,980945
SV Samson,15,15,176,3,1,0.6666666666666666,980951
SV Samson,19,12,147,3,113,13.666666666666666,980961
SV Samson,20,17,150,2,0,0.16666666666666666,980965
SV Samson,49,35,163,2,0,0.16666666666666666,980971
SV Samson,34,26,147,4,74,9.5,980983
SV Samson,6,11,123,4,46,4.833333333333333,980993
SV Samson,10,13,119,4,25,5.0,980997
SV Samson,3,4,147,6,131,18.5,981003
SV Samson,17,12,131,4,39,5.666666666666667,981011
SV Samson,13,12,137,4,37,5.666666666666667,1082595
SV Samson,102,63,197,3,0,1.3333333333333333,1082599
SV Samson,19,18,177,1,0,0.16666666666666666,1082605
SV Samson,39,25,165,1,0,0.16666666666666666,1082608
SV Samson,42,33,169,1,0,0.16666666666666666,1082611
SV Samson,9,6,120,1,0,0.16666666666666666,1082614
SV Samson,60,38,153,1,0,0.16666666666666666,1082622
SV Samson,5,14,62,1,0,0.16666666666666666,1082626
SV Samson,24,19,186,1,0,0.16666666666666666,1082630
SV Samson,61,31,202,1,0,0.16666666666666666,1082632
SV Samson,0,1,63,1,0,0.16666666666666666,1082635
SV Samson,10,7,194,1,0,0.16666666666666666,1082640
SV Samson,2,4,161,1,0,0.16666666666666666,1082642
SV Samson,0,2,143,1,0,0.16666666666666666,1082646
SV Samson,49,42,117,3,5,1.1666666666666667,1136564
SV Samson,37,22,150,4,28,4.333333333333333,1136566
SV Samson,92,44,202,3,46,5.833333333333333,1136571
SV Samson,7,8,154,3,53,7.0,1136575
SV Samson,2,3,132,3,18,2.0,1136577
SV Samson,52,39,161,3,13,2.5,1136581
SV Samson,40,30,139,3,13,2.5,1136588
SV Samson,3,5,142,3,80,6.833333333333333,1136592
SV Samson,28,23,144,4,30,3.8333333333333335,1136598
SV Samson,22,18,154,4,63,6.666666666666667,1136600
SV Samson,21,22,174,4,53,4.833333333333333,1136603
SV Samson,26,14,161,4,96,13.333333333333334,1136607
SV Samson,12,10,140,4,75,7.5,1136609
SV Samson,0,1,159,4,97,13.333333333333334,1136613
SV Samson,50,38,143,3,46,5.333333333333333,1136618
SV Samson,30,25,163,3,78,8.333333333333334,1175359
SV Samson,101,54,192,3,14,3.5,1175363
SV Samson,8,10,156,3,0,0.5,1175367
SV Samson,6,6,144,3,25,3.0,1178400
SV Samson,31,26,184,3,59,6.5,1178402
SV Samson,27,21,160,3,31,4.333333333333333,1178407
SV Samson,35,19,156,2,0,0.16666666666666666,1178411
SV Samson,0,0,0,2,0,0.16666666666666666,1178415
SV Samson,22,15,172,2,0,0.16666666666666666,1178418
SV Samson,48,32,156,3,78,9.333333333333334,1178420
SV Samson,28,13,39,1,0,0.16666666666666666,1178424
SV Samson,5,8,106,3,11,2.1666666666666665,1178428
SV Samson,73,31,194,3,10,2.5,1216496
SV Samson,5,9,128,4,53,8.333333333333334,1216500
SV Samson,8,9,130,3,12,2.1666666666666665,1216504
SV Samson,26,25,157,4,25,3.8333333333333335,1216507
SV Samson,0,3,134,4,7,1.8333333333333335,1216511
SV Samson,4,3,151,3,27,2.8333333333333335,1216514
SV Samson,36,26,151,3,30,3.6666666666666665,1216518
SV Samson,9,6,159,3,46,6.0,1216522
SV Samson,85,42,218,3,16,2.5,1216527
SV Samson,1,4,126,4,24,2.3333333333333335,1216530
SV Samson,0,3,119,3,21,3.1666666666666665,1216533
SV Samson,48,25,181,3,59,5.666666666666667,1216537
SV Samson,54,31,185,4,44,4.833333333333333,1216541
SV Samson,24,17,142,4,40,4.166666666666667,1216543
SV Samson,118,62,207,3,0,0.6666666666666666,1254061
SV Samson,4,3,147,3,11,2.8333333333333335,1254064
SV Samson,1,5,124,3,29,4.0,1254069
SV Samson,21,18,164,3,14,2.6666666666666665,1254073
SV Samson,41,40,119,3,19,3.5,1254075
SV Samson,42,27,165,3,64,7.833333333333333,1254081
SV Samson,48,33,200,3,13,3.1666666666666665,1254085
SV Samson,27,23,182,3,77,5.5,1254089
SV Samson,3,6,87,3,26,3.8333333333333335,1254093
SV Samson,70,53,115,3,6,1.1666666666666667,1254097
SV Samson,82,57,157,3,11,1.3333333333333333,1254100
SV Samson,19,15,145,3,77,8.5,1254103
SV Samson,1,4,84,3,0,0.6666666666666666,1254106
SV Samson,4,5,176,3,52,5.666666666666667,1254111
SV Samson,55,27,191,3,48,6.333333333333333,1304051
SV Samson,30,21,182,4,48,6.166666666666667,1304055
SV Samson,8,8,161,4,72,10.166666666666666,1304059
SV Samson,13,12,156,3,38,5.333333333333333,1304066
SV Samson,11,11,152,4,56,5.333333333333333,1304070
SV Samson,38,19,200,3,90,9.833333333333334,1304076
SV Samson,46,19,217,3,153,15.333333333333334,1304080
SV Samson,27,21,141,4,32,4.166666666666667,1304085
SV Samson,16,7,145,3,24,4.5,1304090
SV Samson,54,48,142,3,7,2.3333333333333335,1304093
SV Samson,23,12,183,3,46,4.166666666666667,1304098
SV Samson,6,4,154,5,105,14.333333333333334,1304104
SV Samson,32,24,170,3,11,2.5,1304109
SV Samson,15,20,135,3,15,1.8333333333333335,1304114
SV Samson,47,26,176,3,11,2.1666666666666665,1312197
SV Samson,23,21,161,3,61,5.333333333333333,1312199
SV Samson,14,11,128,3,30,4.166666666666667,1312200
SV Samson,55,32,195,3,84,6.0,1359478
SV Samson,42,25,182,4,24,3.5,1359482
SV Samson,0,4,193,3,95,8.666666666666666,1359485
SV Samson,0,2,165,4,82,8.666666666666666,1359491
SV Samson,60,32,176,4,2,3.0,1359497
SV Samson,2,4,128,3,75,11.666666666666666,1359500
SV Samson,22,15,171,4,98,11.833333333333334,1359506
SV Samson,17,17,191,3,80,8.5,1359511
SV Samson,14,10,181,3,53,7.333333333333333,1359516
SV Samson,30,20,110,3,9,1.8333333333333335,1359522
SV Samson,66,38,203,3,48,5.166666666666667,1359526
SV Samson,48,29,146,3,27,2.166666666666667,1359530
SV Samson,4,5,56,3,0,0.6666666666666666,1359534
SV Samson,2,3,180,4,83,10.0,1359540
SV Samson,82,51,185,3,12,2.1666666666666665,1422122
SV Samson,15,14,178,3,9,2.0,1422127
SV Samson,12,10,113,3,10,1.1666666666666667,1422132
SV Samson,69,42,186,3,0,0.5,1422137
SV Samson,68,38,189,3,32,4.5,1426262
SV Samson,18,14,149,3,53,8.5,1426265
SV Samson,12,8,208,3,21,2.0,1426269
SV Samson,37,27,176,3,72,8.166666666666666,1426276
SV Samson,71,33,195,3,58,6.0,1426282
SV Samson,0,3,186,3,1,0.5,1426288
SV Samson,86,45,186,3,4,0.5,1426294
SV Samson,15,19,136,3,42,6.666666666666667,1426299
SV Samson,18,15,142,3,4,0.8333333333333334,1426303
SV Samson,17,13,168,3,45,5.666666666666667,1426310
SV Samson,10,11,134,3,24,4.166666666666667,1426311
SMSM Senanayake,1,2,141,9,139,19.166666666666668,598016
SMSM Senanayake,7,13,115,9,86,15.666666666666666,598022
SMSM Senanayake,0,0,138,6,137,18.166666666666668,598031
SMSM Senanayake,2,1,148,9,145,19.833333333333332,598061
BJ Rohrer,14,14,146,5,67,11.5,598017
BJ Rohrer,49,29,151,6,51,10.833333333333334,598028
BJ Rohrer,13,13,150,5,57,10.5,598035
BJ Rohrer,10,3,135,5,120,17.0,598040
BJ Rohrer,64,40,147,5,44,7.666666666666667,598049
BJ Rohrer,32,27,168,5,59,7.0,598054
BJ Rohrer,4,5,126,6,54,8.166666666666666,598062
BJ Rohrer,7,9,118,5,43,7.5,598067
KL Rahul,12,12,148,2,0,0.16666666666666666,598017
KL Rahul,8,4,160,6,152,19.5,598045
KL Rahul,20,18,118,4,69,11.666666666666666,729285
KL Rahul,27,27,113,4,28,4.666666666666667,729295
KL Rahul,25,27,129,4,13,2.8333333333333335,729311
KL Rahul,46,40,154,3,17,2.8333333333333335,729317
KL Rahul,6,6,145,3,20,3.0,733977
KL Rahul,18,18,122,3,36,4.166666666666667,733989
KL Rahul,10,13,151,3,28,5.166666666666667,734001
KL Rahul,14,15,132,5,58,8.666666666666666,734015
KL Rahul,5,8,153,3,30,3.8333333333333335,829711
KL Rahul,43,27,149,4,89,10.0,829719
KL Rahul,2,5,121,3,24,4.166666666666667,829727
KL Rahul,24,21,159,4,47,6.666666666666667,829731
KL Rahul,0,2,172,6,167,19.5,829743
KL Rahul,25,27,131,3,45,5.166666666666667,829751
KL Rahul,17,10,179,6,151,17.333333333333332,829799
KL Rahul,25,24,107,5,21,5.666666666666667,829815
KL Rahul,23,14,157,2,0,0.16666666666666666,980927
KL Rahul,7,10,173,2,0,0.16666666666666666,980931
KL Rahul,51,35,177,4,59,7.833333333333333,980937
KL Rahul,51,28,176,2,0,0.16666666666666666,980953
KL Rahul,52,32,180,1,0,0.16666666666666666,980959
KL Rahul,38,35,188,2,0,0.16666666666666666,980969
KL Rahul,42,25,171,2,0,0.16666666666666666,980977
KL Rahul,68,53,144,4,16,3.8333333333333335,980981
KL Rahul,16,6,196,4,143,11.833333333333334,980999
KL Rahul,38,23,129,4,12,2.8333333333333335,981011
KL Rahul,0,1,142,4,17,3.5,981013
KL Rahul,11,9,191,4,134,13.0,981019
KL Rahul,51,16,165,1,0,0.16666666666666666,1136562
KL Rahul,47,30,149,1,0,0.16666666666666666,1136568
KL Rahul,37,22,196,1,0,0.16666666666666666,1136572
KL Rahul,18,21,185,1,0,0.16666666666666666,1136576
KL Rahul,60,27,124,1,0,0.16666666666666666,1136578
KL Rahul,23,15,129,1,0,0.16666666666666666,1136582
KL Rahul,32,26,117,1,0,0.16666666666666666,1136585
KL Rahul,24,20,164,1,0,0.16666666666666666,1136594
KL Rahul,84,54,152,1,0,0.16666666666666666,1136598
KL Rahul,95,69,136,1,0,0.16666666666666666,1136600
KL Rahul,66,29,207,1,0,0.16666666666666666,1136604
KL Rahul,21,15,83,1,0,0.16666666666666666,1136608
KL Rahul,94,60,174,1,0,0.16666666666666666,1136610
KL Rahul,7,11,142,1,0,0.16666666666666666,1136616
KL Rahul,4,4,168,1,0,0.16666666666666666,1175359
KL Rahul,1,5,184,1,0,0.16666666666666666,1175361
KL Rahul,71,57,169,1,0,0.16666666666666666,1175364
KL Rahul,15,11,157,1,0,0.16666666666666666,1175368
KL Rahul,55,47,128,1,0,0.16666666666666666,1178393
KL Rahul,71,53,150,1,0,0.16666666666666666,1178397
KL Rahul,100,64,190,1,0,0.16666666666666666,1178399
KL Rahul,18,15,166,1,0,0.16666666666666666,1178403
KL Rahul,52,47,170,1,0,0.16666666666666666,1178407
KL Rahul,12,9,158,1,0,0.16666666666666666,1178412
KL Rahul,42,27,181,1,0,0.16666666666666666,1178417
KL Rahul,78,55,159,1,0,0.16666666666666666,1178423
KL Rahul,2,7,180,2,0,0.16666666666666666,1178427
KL Rahul,71,36,159,1,0,0.16666666666666666,1178430
KL Rahul,21,18,149,1,0,0.16666666666666666,1216493
KL Rahul,27,27,119,1,0,0.16666666666666666,1216498
KL Rahul,17,19,136,1,0,0.16666666666666666,1216503
KL Rahul,29,27,151,1,0,0.16666666666666666,1216506
KL Rahul,132,69,195,1,0,0.16666666666666666,1216510
KL Rahul,63,52,174,1,0,0.16666666666666666,1216513
KL Rahul,77,51,172,1,0,0.16666666666666666,1216517
KL Rahul,28,25,147,1,0,0.16666666666666666,1216520
KL Rahul,74,58,160,1,0,0.16666666666666666,1216523
KL Rahul,69,54,213,1,0,0.16666666666666666,1216527
KL Rahul,61,49,165,1,0,0.16666666666666666,1216531
KL Rahul,46,41,170,1,0,0.16666666666666666,1216537
KL Rahul,11,16,128,1,0,0.16666666666666666,1216542
KL Rahul,15,10,159,1,0,0.16666666666666666,1216546
KL Rahul,91,49,211,1,0,0.16666666666666666,1254061
KL Rahul,5,7,102,1,0,0.16666666666666666,1254065
KL Rahul,61,51,182,1,0,0.16666666666666666,1254068
KL Rahul,4,6,108,1,0,0.16666666666666666,1254071
KL Rahul,60,52,124,1,0,0.16666666666666666,1254074
KL Rahul,19,20,118,1,0,0.16666666666666666,1254078
KL Rahul,91,57,174,1,0,0.16666666666666666,1254083
KL Rahul,39,35,149,1,0,0.16666666666666666,1254090
KL Rahul,98,42,134,1,0,0.16666666666666666,1254094
KL Rahul,21,22,129,1,0,0.16666666666666666,1254099
KL Rahul,67,55,162,1,0,0.16666666666666666,1254102
KL Rahul,21,21,118,1,0,0.16666666666666666,1254107
KL Rahul,49,33,173,1,0,0.16666666666666666,1254111
KL Rahul,0,1,154,1,0,0.16666666666666666,1304050
KL Rahul,40,26,193,1,0,0.16666666666666666,1304053
KL Rahul,68,50,165,1,0,0.16666666666666666,1304058
KL Rahul,24,25,143,1,0,0.16666666666666666,1304061
KL Rahul,0,1,157,1,0,0.16666666666666666,1304066
KL Rahul,103,60,191,1,0,0.16666666666666666,1304072
KL Rahul,30,24,148,2,0,0.16666666666666666,1304077
KL Rahul,103,62,160,2,0,0.16666666666666666,1304083
KL Rahul,6,11,141,2,0,0.16666666666666666,1304088
KL Rahul,77,51,178,2,0,0.16666666666666666,1304091
KL Rahul,0,0,0,2,0,0.16666666666666666,1304099
KL Rahul,8,16,79,2,0,0.16666666666666666,1304103
KL Rahul,10,19,139,2,0,0.16666666666666666,1304109
KL Rahul,67,50,207,2,0,0.16666666666666666,1304112
KL Rahul,79,58,171,2,0,0.16666666666666666,1312198
KL Rahul,8,12,185,1,0,0.16666666666666666,1359477
KL Rahul,20,18,187,1,0,0.16666666666666666,1359480
KL Rahul,35,31,110,2,0,0.16666666666666666,1359484
KL Rahul,18,20,197,2,0,0.16666666666666666,1359489
KL Rahul,74,56,147,1,0,0.16666666666666666,1359495
KL Rahul,39,32,148,1,0,0.16666666666666666,1359500
KL Rahul,68,61,126,1,0,0.16666666666666666,1359504
KL Rahul,12,9,235,1,0,0.16666666666666666,1359512
KL Rahul,0,2,101,11,97,18.833333333333332,1359517
KL Rahul,58,44,159,2,0,0.16666666666666666,1422122
KL Rahul,15,9,192,2,0,0.16666666666666666,1422129
KL Rahul,20,14,171,2,0,0.16666666666666666,1422133
KL Rahul,33,31,158,2,0,0.16666666666666666,1422139
KL Rahul,39,22,157,2,0,0.16666666666666666,1426264
KL Rahul,39,26,153,2,0,0.16666666666666666,1426266
KL Rahul,82,53,167,2,0,0.16666666666666666,1426272
KL Rahul,16,14,195,2,0,0.16666666666666666,1426277
KL Rahul,70,47,172,2,0,0.16666666666666666,1426282
KL Rahul,28,22,134,1,0,0.16666666666666666,1426286
KL Rahul,25,21,130,1,0,0.16666666666666666,1426292
KL Rahul,29,33,161,1,0,0.16666666666666666,1426295
KL Rahul,5,3,183,2,0,0.16666666666666666,1426302
KL Rahul,55,41,203,1,0,0.16666666666666666,1426305
Q de Kock,2,8,114,2,0,0.16666666666666666,598018
Q de Kock,0,4,121,1,0,0.16666666666666666,598021
Q de Kock,4,3,151,1,0,0.16666666666666666,598030
Q de Kock,48,30,173,1,0,0.16666666666666666,729301
Q de Kock,16,24,117,1,0,0.16666666666666666,729309
Q de Kock,42,33,148,1,0,0.16666666666666666,733975
Q de Kock,24,16,167,1,0,0.16666666666666666,733981
Q de Kock,10,9,152,1,0,0.16666666666666666,733985
Q de Kock,7,12,138,1,0,0.16666666666666666,733993
Q de Kock,6,6,157,2,0,0.16666666666666666,734005
Q de Kock,50,31,153,1,0,0.16666666666666666,829793
Q de Kock,3,7,120,1,0,0.16666666666666666,829801
Q de Kock,69,39,181,1,0,0.16666666666666666,829813
Q de Kock,17,10,86,2,0,0.16666666666666666,980903
Q de Kock,59,42,103,1,0,0.16666666666666666,980913
Q de Kock,108,51,177,1,0,0.16666666666666666,980921
Q de Kock,9,7,152,1,0,0.16666666666666666,980933
Q de Kock,5,11,168,1,0,0.16666666666666666,980945
Q de Kock,1,3,176,1,0,0.16666666666666666,980951
Q de Kock,46,45,147,1,0,0.16666666666666666,980961
Q de Kock,52,30,163,1,0,0.16666666666666666,980971
Q de Kock,44,31,147,1,0,0.16666666666666666,980983
Q de Kock,40,28,123,2,0,0.16666666666666666,980993
Q de Kock,2,8,119,1,0,0.16666666666666666,980997
Q de Kock,2,9,147,1,0,0.16666666666666666,981003
Q de Kock,59,51,131,1,0,0.16666666666666666,981011
Q de Kock,4,4,170,2,0,0.16666666666666666,1136563
Q de Kock,45,34,155,1,0,0.16666666666666666,1136568
Q de Kock,26,19,192,2,0,0.16666666666666666,1136571
Q de Kock,19,12,159,2,0,0.16666666666666666,1136574
Q de Kock,18,16,172,1,0,0.16666666666666666,1136579
Q de Kock,53,37,197,1,0,0.16666666666666666,1136584
Q de Kock,29,27,165,1,0,0.16666666666666666,1136589
Q de Kock,7,13,149,2,0,0.16666666666666666,1136591
Q de Kock,27,16,167,2,0,0.16666666666666666,1175358
Q de Kock,23,20,175,1,0,0.16666666666666666,1175362
Q de Kock,60,39,169,2,0,0.16666666666666666,1175364
Q de Kock,4,7,158,1,0,0.16666666666666666,1175370
Q de Kock,19,18,130,2,0,0.16666666666666666,1178394
Q de Kock,24,23,180,1,0,0.16666666666666666,1178399
Q de Kock,81,52,183,2,0,0.16666666666666666,1178402
Q de Kock,40,26,166,1,0,0.16666666666666666,1178406
Q de Kock,35,27,156,2,0,0.16666666666666666,1178409
Q de Kock,65,47,152,1,0,0.16666666666666666,1178411
Q de Kock,15,9,151,2,0,0.16666666666666666,1178419
Q de Kock,0,4,192,1,0,0.16666666666666666,1178422
Q de Kock,69,57,154,2,0,0.16666666666666666,1178426
Q de Kock,30,22,131,1,0,0.16666666666666666,1178431
Q de Kock,8,12,124,2,0,0.16666666666666666,1181764
Q de Kock,29,17,146,1,0,0.16666666666666666,1181768
Q de Kock,33,20,157,2,0,0.16666666666666666,1216492
Q de Kock,25,13,148,2,0,0.16666666666666666,1216495
Q de Kock,18,19,158,1,0,0.16666666666666666,1216499
Q de Kock,0,5,185,1,0,0.16666666666666666,1216503
Q de Kock,1,3,181,1,0,0.16666666666666666,1216508
Q de Kock,23,15,177,1,0,0.16666666666666666,1216511
Q de Kock,53,43,169,2,0,0.16666666666666666,1216517
Q de Kock,46,37,114,1,0,0.16666666666666666,1216521
Q de Kock,78,44,144,2,0,0.16666666666666666,1216526
Q de Kock,53,36,162,2,0,0.16666666666666666,1216529
Q de Kock,26,28,110,2,0,0.16666666666666666,1216535
Q de Kock,67,39,203,2,0,0.16666666666666666,1216538
Q de Kock,6,4,186,2,0,0.16666666666666666,1216541
Q de Kock,14,15,196,2,0,0.16666666666666666,1216547
Q de Kock,40,25,196,1,0,0.16666666666666666,1237177
Q de Kock,20,12,153,2,0,0.16666666666666666,1237181
Q de Kock,2,6,145,2,0,0.16666666666666666,1254062
Q de Kock,39,38,138,1,0,0.16666666666666666,1254066
Q de Kock,2,4,132,2,0,0.16666666666666666,1254070
Q de Kock,3,5,125,1,0,0.16666666666666666,1254074
Q de Kock,70,50,155,2,0,0.16666666666666666,1254081
Q de Kock,38,28,211,1,0,0.16666666666666666,1254084
Q de Kock,55,42,143,2,0,0.16666666666666666,1254096
Q de Kock,27,29,135,2,0,0.16666666666666666,1254099
Q de Kock,17,12,132,1,0,0.16666666666666666,1254104
Q de Kock,24,23,102,2,0,0.16666666666666666,1254108
Q de Kock,19,18,122,2,0,0.16666666666666666,1254112
Q de Kock,7,9,154,2,0,0.16666666666666666,1304050
Q de Kock,61,45,193,2,0,0.16666666666666666,1304053
Q de Kock,1,4,165,2,0,0.16666666666666666,1304058
Q de Kock,74,51,143,2,0,0.16666666666666666,1304061
Q de Kock,39,32,157,2,0,0.16666666666666666,1304066
Q de Kock,24,13,191,2,0,0.16666666666666666,1304072
Q de Kock,3,5,148,1,0,0.16666666666666666,1304077
Q de Kock,10,9,160,1,0,0.16666666666666666,1304083
Q de Kock,46,37,141,1,0,0.16666666666666666,1304088
Q de Kock,23,13,178,1,0,0.16666666666666666,1304091
Q de Kock,50,29,172,1,0,0.16666666666666666,1304099
Q de Kock,11,10,79,1,0,0.16666666666666666,1304103
Q de Kock,7,8,139,1,0,0.16666666666666666,1304109
Q de Kock,140,70,207,1,0,0.16666666666666666,1304112
Q de Kock,6,5,171,1,0,0.16666666666666666,1312198
Q de Kock,70,41,163,2,0,0.16666666666666666,1359525
Q de Kock,29,19,179,2,0,0.16666666666666666,1359532
Q de Kock,16,15,167,2,0,0.16666666666666666,1359537
Q de Kock,28,26,164,2,0,0.16666666666666666,1359542
Q de Kock,4,5,159,1,0,0.16666666666666666,1422122
Q de Kock,54,38,192,1,0,0.16666666666666666,1422129
Q de Kock,81,56,171,1,0,0.16666666666666666,1422133
Q de Kock,6,4,158,1,0,0.16666666666666666,1422139
Q de Kock,19,13,157,1,0,0.16666666666666666,1426264
Q de Kock,10,8,153,1,0,0.16666666666666666,1426266
Q de Kock,54,43,167,1,0,0.16666666666666666,1426272
Q de Kock,0,3,195,1,0,0.16666666666666666,1426277
Q de Kock,8,3,172,1,0,0.16666666666666666,1426282
Q de Kock,2,5,161,2,0,0.16666666666666666,1426295
Q de Kock,12,8,183,1,0,0.16666666666666666,1426302
R Dhawan,0,1,85,7,55,12.833333333333334,598019
R Dhawan,14,15,124,7,75,12.166666666666666,598066
R Dhawan,4,2,159,8,151,19.5,598072
R Dhawan,3,3,143,8,120,18.166666666666668,598073
R Dhawan,19,18,127,7,97,13.833333333333334,729307
R Dhawan,23,22,114,7,77,13.166666666666666,729313
R Dhawan,4,6,145,7,117,15.5,733997
R Dhawan,8,5,150,8,140,18.666666666666668,734019
R Dhawan,14,9,148,8,108,16.333333333333332,734025
R Dhawan,14,15,130,8,82,13.666666666666666,734043
R Dhawan,6,6,171,6,131,15.666666666666666,829717
R Dhawan,0,0,0,8,157,20.0,829725
R Dhawan,4,6,123,8,110,17.333333333333332,829759
R Dhawan,1,1,102,8,98,9.666666666666666,829803
R Dhawan,25,20,121,8,72,14.0,829809
R Dhawan,3,2,138,8,134,19.5,980935
R Dhawan,11,4,168,8,156,19.166666666666668,981005
R Dhawan,21,22,117,7,79,13.5,1304088
R Dhawan,5,2,174,7,154,19.166666666666668,1304098
R Dhawan,7,3,202,8,169,17.666666666666668,1304106
R Dhawan,4,13,135,8,64,9.666666666666666,1304110
R Dhawan,1,1,142,9,141,20.0,1359492
R Dhawan,19,11,161,7,103,14.833333333333334,1359527
R Dhawan,0,0,0,9,152,20.166666666666668,1359533
MG Johnson,11,9,85,9,58,14.0,598019
MG Johnson,9,5,185,8,160,17.833333333333332,598033
MG Johnson,10,6,159,8,139,18.833333333333332,598050
MG Johnson,2,7,159,8,144,18.0,598063
MG Johnson,6,7,139,8,124,16.0,598070
MG Johnson,1,2,143,9,128,18.833333333333332,598073
MG Johnson,4,6,184,6,172,18.166666666666668,729295
MG Johnson,0,1,127,9,122,18.333333333333332,729307
MG Johnson,0,1,155,7,152,19.666666666666668,733973
MG Johnson,11,6,221,6,172,17.5,733987
MG Johnson,16,12,183,7,156,16.666666666666668,733991
MG Johnson,14,12,145,8,124,17.166666666666668,733997
MG Johnson,10,11,130,9,112,17.666666666666668,734043
MG Johnson,1,1,215,7,214,19.666666666666668,734047
MG Johnson,0,4,127,8,114,18.0,829709
MG Johnson,3,7,171,7,146,17.333333333333332,829717
MG Johnson,1,2,142,9,134,19.166666666666668,829733
MG Johnson,13,7,186,8,162,18.0,829741
MG Johnson,1,2,87,8,60,11.833333333333334,829753
MG Johnson,4,6,123,9,117,18.166666666666668,829759
MG Johnson,8,4,137,8,128,19.166666666666668,829775
MG Johnson,1,4,79,8,31,7.333333333333333,829785
MG Johnson,0,0,0,8,150,19.833333333333332,980905
MG Johnson,4,12,107,8,63,13.166666666666666,980913
MG Johnson,1,2,155,8,140,19.166666666666668,980941
MG Johnson,7,3,126,10,119,19.666666666666668,1082614
MG Johnson,0,0,0,10,145,20.0,1082618
MG Johnson,13,14,121,9,76,14.333333333333334,1082650
MG Johnson,3,4,130,9,123,18.833333333333332,1136570
MG Johnson,12,6,160,10,141,18.0,1136586
LJ Wright,34,10,177,5,137,17.333333333333332,598025
LJ Wright,7,3,129,4,28,4.5,598027
LJ Wright,19,18,143,4,74,11.166666666666666,598035
LJ Wright,2,6,120,6,38,5.0,598038
LJ Wright,0,0,0,5,161,19.666666666666668,598061
LJ Wright,40,22,163,6,93,13.666666666666666,598067
IC Pandey,0,2,129,10,128,19.666666666666668,598027
CM Gautam,12,8,151,7,98,16.333333333333332,598028
CM Gautam,2,3,147,3,16,1.8333333333333335,598049
CM Gautam,30,23,118,7,52,9.833333333333334,598067
CM Gautam,7,7,117,8,108,18.666666666666668,729279
CM Gautam,7,4,140,7,125,18.333333333333332,729303
CM Gautam,22,18,113,7,58,14.0,729309
CM Gautam,4,5,148,8,143,19.0,729317
CM Gautam,33,29,164,2,0,0.16666666666666666,733973
CM Gautam,30,27,162,2,0,0.16666666666666666,733983
CM Gautam,9,8,152,2,0,0.16666666666666666,733995
CM Gautam,1,3,157,2,0,0.16666666666666666,734001
CM Gautam,8,9,133,2,0,0.16666666666666666,734009
CM Gautam,4,5,144,2,0,0.16666666666666666,829707
X Thalaivan Sargunam,10,17,151,6,53,10.166666666666666,598030
DJG Sammy,19,12,151,7,75,13.666666666666666,598030
DJG Sammy,60,41,133,7,19,4.833333333333333,598032
DJG Sammy,1,1,125,5,123,17.5,598039
DJG Sammy,18,20,78,4,40,6.166666666666667,598044
DJG Sammy,7,3,142,5,52,8.0,598051
DJG Sammy,0,3,146,6,49,8.166666666666666,598056
DJG Sammy,23,19,121,6,45,10.666666666666666,598065
DJG Sammy,17,12,123,6,99,15.666666666666666,598069
DJG Sammy,29,21,126,5,53,11.166666666666666,598071
DJG Sammy,6,11,118,5,74,13.5,729285
DJG Sammy,15,11,113,7,67,10.5,729295
DJG Sammy,23,15,129,6,86,15.166666666666666,729311
DJG Sammy,10,4,154,5,133,18.5,729317
DJG Sammy,8,8,145,5,87,13.166666666666666,733977
DJG Sammy,7,16,132,7,98,13.5,734015
DJG Sammy,10,4,154,5,143,19.0,734021
DJG Sammy,0,3,184,5,172,18.333333333333332,734029
DJG Sammy,29,19,139,5,71,12.5,734037
DJG Sammy,7,9,171,6,86,11.166666666666666,829713
DJG Sammy,6,9,150,6,82,12.166666666666666,829719
KW Richardson,26,20,120,8,55,9.333333333333334,598038
KW Richardson,8,16,108,7,83,14.0,598055
KW Richardson,1,2,92,9,81,17.333333333333332,733989
KW Richardson,1,1,157,9,156,20.0,980927
MM Sharma,0,3,70,10,51,12.333333333333334,598046
MM Sharma,0,2,116,11,93,17.833333333333332,598073
MM Sharma,1,3,182,9,154,17.0,734047
MM Sharma,2,1,136,9,134,20.0,829707
MM Sharma,0,1,145,9,136,18.666666666666668,829723
MM Sharma,2,6,171,9,159,18.666666666666668,829745
MM Sharma,0,0,0,9,143,19.833333333333332,829779
MM Sharma,3,3,154,10,140,17.5,829817
MM Sharma,21,7,153,10,129,18.5,829823
MM Sharma,15,8,107,9,71,15.333333333333334,980913
MM Sharma,1,3,131,8,101,17.166666666666668,980925
MM Sharma,0,0,0,9,142,19.166666666666668,980941
MM Sharma,1,2,150,9,141,18.5,980955
MM Sharma,1,1,145,10,143,19.666666666666668,980963
MM Sharma,14,12,114,9,75,9.0,980999
MM Sharma,10,8,148,8,134,17.833333333333332,1082601
MM Sharma,13,14,135,8,86,13.833333333333334,1082605
MM Sharma,10,5,143,8,76,13.833333333333334,1082609
MM Sharma,4,3,183,8,169,18.833333333333332,1082616
MM Sharma,2,4,176,9,157,17.833333333333332,1082623
MM Sharma,6,4,126,8,101,17.5,1082633
MM Sharma,6,12,70,9,59,11.666666666666666,1082645
MM Sharma,1,2,149,10,138,18.166666666666668,1136568
MM Sharma,4,3,207,10,203,19.833333333333332,1136604
MM Sharma,3,5,83,10,75,12.833333333333334,1136608
MM Sharma,2,3,142,10,121,17.833333333333332,1136616
MM Sharma,0,2,117,10,106,19.333333333333332,1175370
MM Sharma,0,1,169,11,169,20.0,1359536
MM Sharma,2,14,77,9,57,11.5,1426270
MM Sharma,0,0,0,10,198,19.166666666666668,1426278
MM Sharma,0,1,140,10,140,19.333333333333332,1426290
UA Birla,7,14,102,4,22,3.6666666666666665,598053
Parvez Rasool,1,4,102,10,99,18.333333333333332,598053
Parvez Rasool,4,5,108,8,96,17.666666666666668,598055
Parvez Rasool,0,0,0,9,134,20.0,734037
Parvez Rasool,2,2,153,8,139,19.166666666666668,829711
Parvez Rasool,10,9,176,7,150,17.333333333333332,980953
Sandeep Sharma,0,1,112,11,111,19.833333333333332,598056
Sandeep Sharma,2,5,127,11,122,18.833333333333332,729307
Sandeep Sharma,1,4,87,11,86,19.333333333333332,829753
Sandeep Sharma,1,1,123,11,120,19.666666666666668,829759
Sandeep Sharma,7,9,79,11,56,10.833333333333334,829785
Sandeep Sharma,1,2,107,11,95,19.0,980913
Sandeep Sharma,1,1,150,11,149,19.666666666666668,980955
Sandeep Sharma,1,1,145,11,144,20.0,980963
Sandeep Sharma,5,5,114,11,99,12.5,980999
Sandeep Sharma,0,0,0,10,148,20.0,1082601
Sandeep Sharma,2,2,135,10,132,19.333333333333332,1082605
Sandeep Sharma,4,3,143,11,138,18.666666666666668,1082609
Sandeep Sharma,0,0,0,11,68,15.333333333333334,1082645
Sandeep Sharma,0,2,147,10,134,18.833333333333332,1136567
Sandeep Sharma,0,1,106,11,97,17.0,1136583
Sandeep Sharma,0,1,137,11,137,20.0,1136599
Sandeep Sharma,5,2,90,11,85,17.333333333333332,1178394
Sandeep Sharma,1,1,110,10,108,18.166666666666668,1178405
Sandeep Sharma,0,2,110,9,108,18.833333333333332,1216498
Sandeep Sharma,1,2,141,9,140,19.166666666666668,1216528
Sandeep Sharma,9,6,138,9,126,18.0,1216534
Sandeep Sharma,0,1,159,9,157,19.0,1216538
Sandeep Sharma,2,4,166,10,162,19.166666666666668,1237180
Sandeep Sharma,8,6,157,10,135,17.666666666666668,1254085
Sandeep Sharma,0,1,119,10,119,20.166666666666668,1254105
Sandeep Sharma,2,5,110,11,105,16.666666666666668,1359522
Sandeep Sharma,0,1,56,10,56,10.0,1359534
S Kaul,7,9,126,11,116,18.0,598062
S Kaul,0,0,0,11,117,20.0,598067
S Kaul,2,2,130,11,112,18.333333333333332,734011
S Kaul,0,2,134,10,134,19.666666666666668,1082634
S Kaul,0,4,147,9,133,18.0,1136567
S Kaul,2,9,106,10,94,15.333333333333334,1136583
S Kaul,1,1,137,10,135,19.5,1136599
S Kaul,0,0,0,10,161,20.0,1136614
S Kaul,0,1,90,10,84,16.833333333333332,1178394
S Kaul,0,0,0,10,139,19.666666666666668,1178420
S Kaul,1,3,177,10,166,18.833333333333332,1254088
S Kaul,7,5,112,10,100,18.5,1254109
Sachin Baby,3,7,107,7,61,14.166666666666666,598065
Sachin Baby,27,16,176,5,89,11.5,980953
Sachin Baby,15,6,180,6,128,16.833333333333332,980959
Sachin Baby,33,29,171,5,66,8.833333333333334,980977
Sachin Baby,25,13,144,6,97,15.666666666666666,980981
Sachin Baby,0,3,142,6,20,5.0,981013
Sachin Baby,18,10,191,6,154,15.666666666666666,981019
Sachin Baby,1,3,165,6,120,13.0,1082591
Sachin Baby,2,4,92,5,42,7.833333333333333,1082624
Sachin Baby,12,8,152,6,116,16.666666666666668,1082646
Sachin Baby,6,16,84,6,48,8.833333333333334,1254087
PV Tambe,3,6,107,10,80,17.333333333333332,598065
PV Tambe,2,2,131,11,111,18.666666666666668,729297
PV Tambe,3,7,92,11,83,18.166666666666668,733989
PV Tambe,2,4,126,11,123,19.333333333333332,829749
PV Tambe,1,1,132,11,130,20.0,829797
PV Tambe,7,18,91,10,67,13.166666666666666,980987
NM Coulter-Nile,9,6,124,9,110,17.0,598066
NM Coulter-Nile,0,0,0,8,150,19.5,729289
NM Coulter-Nile,5,4,144,8,103,15.833333333333334,829707
NM Coulter-Nile,2,2,133,8,110,18.166666666666668,829739
NM Coulter-Nile,4,8,87,7,60,12.333333333333334,829757
NM Coulter-Nile,6,2,160,8,136,18.166666666666668,829777
NM Coulter-Nile,3,2,148,8,139,19.166666666666668,829783
NM Coulter-Nile,7,11,86,9,72,12.833333333333334,980903
NM Coulter-Nile,2,3,119,8,91,18.5,980997
NM Coulter-Nile,2,3,123,9,113,16.666666666666668,1082617
NM Coulter-Nile,6,5,150,9,124,17.833333333333332,1082631
NM Coulter-Nile,6,4,100,9,87,16.5,1082649
NM Coulter-Nile,1,3,148,8,114,16.666666666666668,1216495
NM Coulter-Nile,24,12,169,8,112,16.666666666666668,1216517
NM Coulter-Nile,3,3,224,8,174,15.666666666666666,1254088
NM Coulter-Nile,1,2,122,8,102,18.333333333333332,1254112
NM Coulter-Nile,1,2,191,7,189,19.5,1304051
CJ Anderson,2,8,117,6,102,16.333333333333332,729279
CJ Anderson,18,19,103,6,61,11.5,729287
CJ Anderson,39,31,140,3,11,2.1666666666666665,729303
CJ Anderson,13,14,113,3,7,1.8333333333333335,729309
CJ Anderson,1,8,148,3,6,1.5,729317
CJ Anderson,35,25,164,5,66,9.833333333333334,733973
CJ Anderson,6,4,162,5,56,9.333333333333334,733983
CJ Anderson,18,6,152,6,125,18.166666666666668,733995
CJ Anderson,18,12,133,5,63,12.0,734009
CJ Anderson,95,44,188,3,19,2.0,734041
CJ Anderson,20,10,171,3,74,9.833333333333334,734045
CJ Anderson,55,41,165,5,35,5.5,829705
CJ Anderson,5,11,150,5,15,5.5,829717
CJ Anderson,50,37,159,5,31,6.666666666666667,829721
CJ Anderson,4,7,176,3,1,0.8333333333333334,829729
CJ Anderson,2,4,197,5,117,15.5,1082599
CJ Anderson,39,21,177,6,96,13.0,1082605
CJ Anderson,0,3,120,5,20,3.6666666666666665,1082614
CJ Anderson,2,5,153,6,133,16.0,1082622
CJ Anderson,18,25,62,6,24,6.333333333333333,1082626
CJ Anderson,41,24,186,5,106,11.833333333333334,1082630
CJ Anderson,18,12,202,5,171,14.833333333333334,1082632
CJ Anderson,10,8,63,5,19,3.5,1082635
CJ Anderson,6,6,194,6,92,10.166666666666666,1082640
CJ Anderson,3,5,161,6,114,14.166666666666666,1082642
CJ Anderson,3,9,143,6,80,12.0,1082646
CJ Anderson,0,1,159,5,70,9.833333333333334,1136574
CJ Anderson,15,13,172,5,90,11.166666666666666,1136579
CJ Anderson,2,8,197,4,137,13.333333333333334,1136584
NJ Maddinson,4,6,138,2,0,0.16666666666666666,729281
NJ Maddinson,12,8,114,1,0,0.16666666666666666,729287
NJ Maddinson,4,7,122,1,0,0.16666666666666666,829779
AR Patel,2,3,200,4,37,4.0,729283
AR Patel,0,0,0,7,180,19.5,729295
AR Patel,7,10,127,8,99,14.166666666666666,729307
AR Patel,2,3,183,8,170,18.0,733991
AR Patel,1,1,145,9,144,20.0,733997
AR Patel,42,35,150,6,82,10.0,734019
AR Patel,6,6,148,7,97,14.833333333333334,734025
AR Patel,2,2,130,6,75,12.166666666666666,734043
AR Patel,24,28,127,5,44,5.166666666666667,829709
AR Patel,13,10,157,7,129,17.166666666666668,829725
AR Patel,2,3,142,8,119,17.666666666666668,829733
AR Patel,12,7,186,7,148,17.166666666666668,829741
AR Patel,9,10,87,7,49,9.5,829753
AR Patel,17,13,123,7,66,12.5,829759
AR Patel,22,26,110,8,43,10.0,829767
AR Patel,0,1,137,7,128,19.0,829775
AR Patel,40,21,79,7,26,6.166666666666667,829785
AR Patel,15,11,173,8,96,14.333333333333334,829799
AR Patel,20,15,102,6,68,6.0,829803
AR Patel,32,29,121,7,54,10.0,829809
AR Patel,4,2,154,7,150,19.666666666666668,980905
AR Patel,11,22,107,6,51,8.833333333333334,980913
AR Patel,9,8,131,7,87,15.0,980925
AR Patel,36,17,138,7,86,13.666666666666666,980935
AR Patel,0,2,155,7,139,18.0,980941
AR Patel,0,2,150,8,135,17.5,980955
AR Patel,21,7,145,8,118,17.666666666666668,980963
AR Patel,16,5,173,7,146,18.333333333333332,980971
AR Patel,13,9,114,6,52,5.333333333333333,980999
AR Patel,1,3,168,7,150,18.0,981005
AR Patel,24,22,154,4,47,5.5,1082594
AR Patel,9,6,144,3,60,6.166666666666667,1082598
AR Patel,0,1,148,7,134,17.666666666666668,1082601
AR Patel,44,29,135,7,63,10.666666666666666,1082605
AR Patel,7,12,143,7,56,10.166666666666666,1082609
AR Patel,4,5,180,6,153,17.5,1082612
AR Patel,34,17,183,6,128,14.5,1082616
AR Patel,16,9,176,7,134,15.166666666666666,1082623
AR Patel,38,17,126,7,69,14.0,1082633
AR Patel,2,1,186,5,184,20.0,1082637
AR Patel,8,10,155,6,118,15.666666666666666,1082639
AR Patel,19,13,204,5,159,15.833333333333334,1082641
AR Patel,22,20,70,7,30,6.333333333333333,1082645
AR Patel,2,3,149,7,100,13.166666666666666,1136568
AR Patel,13,12,164,5,88,12.666666666666666,1136594
AR Patel,4,5,152,5,77,11.0,1136598
AR Patel,9,5,136,7,64,12.166666666666666,1136600
AR Patel,19,11,207,6,91,9.166666666666666,1136604
AR Patel,9,13,83,7,59,9.166666666666666,1136608
AR Patel,10,8,174,5,144,17.0,1136610
AR Patel,14,12,142,7,72,12.333333333333334,1136616
AR Patel,4,2,205,7,151,17.0,1175358
AR Patel,9,9,140,7,117,16.666666666666668,1175360
AR Patel,23,13,124,8,89,16.333333333333332,1175371
AR Patel,4,1,139,7,132,18.166666666666668,1178395
AR Patel,12,10,144,7,121,16.5,1178405
AR Patel,26,23,120,6,62,10.5,1178409
AR Patel,1,1,155,6,144,18.666666666666668,1178412
AR Patel,16,9,182,7,140,17.0,1178421
AR Patel,9,9,99,6,66,7.833333333333333,1178425
AR Patel,1,1,116,7,101,15.5,1178428
AR Patel,0,3,159,6,107,14.333333333333334,1181766
AR Patel,3,6,138,6,73,11.666666666666666,1181767
AR Patel,6,8,147,7,82,14.5,1216493
AR Patel,9,7,129,7,90,13.666666666666666,1216497
AR Patel,17,8,166,8,138,17.166666666666668,1216500
AR Patel,21,5,181,7,157,18.333333333333332,1216509
AR Patel,1,4,122,7,71,11.666666666666666,1216524
AR Patel,5,6,136,7,108,16.833333333333332,1216532
AR Patel,7,4,149,7,141,19.166666666666668,1216543
AR Patel,42,33,137,7,39,8.0,1237177
AR Patel,9,9,152,7,134,17.5,1237181
AR Patel,0,5,121,7,87,14.666666666666666,1254092
AR Patel,12,7,145,7,117,16.666666666666668,1254097
AR Patel,5,10,131,8,95,15.166666666666666,1254110
AR Patel,9,9,126,6,56,8.5,1254112
AR Patel,10,11,166,4,50,5.666666666666667,1254114
AR Patel,4,4,129,7,111,18.833333333333332,1254116
AR Patel,38,17,168,8,99,13.5,1304048
AR Patel,8,4,146,7,112,14.333333333333334,1304056
AR Patel,22,14,198,6,146,15.333333333333334,1304065
AR Patel,10,7,168,8,138,16.666666666666668,1304073
AR Patel,1,4,194,6,113,11.833333333333334,1304080
AR Patel,24,17,138,7,73,11.333333333333334,1304087
AR Patel,42,24,186,7,119,13.166666666666666,1304091
AR Patel,1,3,113,7,81,9.833333333333334,1304101
AR Patel,17,20,150,7,110,13.833333333333334,1304110
AR Patel,19,10,145,7,113,16.166666666666668,1304115
AR Patel,16,11,133,8,107,15.666666666666666,1359477
AR Patel,36,22,147,7,86,12.5,1359481
AR Patel,2,6,132,6,94,13.166666666666666,1359485
AR Patel,48,24,154,7,90,12.666666666666666,1359490
AR Patel,21,14,148,7,53,9.0,1359494
AR Patel,17,21,118,6,89,13.333333333333334,1359502
AR Patel,34,34,140,7,61,8.166666666666666,1359508
AR Patel,29,14,184,7,139,15.833333333333334,1359514
AR Patel,27,30,125,6,21,4.333333333333333,1359518
AR Patel,8,3,176,5,160,15.666666666666666,1359524
AR Patel,21,12,129,7,86,14.666666666666666,1359529
AR Patel,1,2,132,5,79,8.5,1359533
AR Patel,15,8,135,6,74,11.0,1359541
AR Patel,21,13,164,7,103,13.5,1422120
AR Patel,15,13,168,7,119,15.666666666666666,1422127
AR Patel,7,8,179,6,127,15.166666666666666,1422131
AR Patel,0,1,150,7,118,12.5,1422134
AR Patel,8,7,196,6,151,16.166666666666668,1422138
AR Patel,6,8,191,8,160,15.166666666666666,1426273
AR Patel,66,43,219,3,34,3.5,1426278
AR Patel,11,6,243,6,223,18.5,1426281
AR Patel,15,21,140,6,63,6.833333333333333,1426285
AR Patel,15,10,220,4,68,5.333333333333333,1426294
AR Patel,57,39,134,6,30,3.6666666666666665,1426300
AR Patel,14,10,200,6,150,16.5,1426302
JJ Bumrah,1,1,103,11,102,19.833333333333332,729287
JJ Bumrah,0,2,164,11,163,19.166666666666668,734031
JJ Bumrah,0,0,0,11,142,19.833333333333332,829747
JJ Bumrah,6,9,86,11,74,14.166666666666666,980973
JJ Bumrah,2,2,116,11,106,18.666666666666668,980985
JJ Bumrah,0,1,152,10,142,19.166666666666668,1082625
JJ Bumrah,16,11,133,10,102,17.166666666666668,1082647
JJ Bumrah,4,4,139,10,129,19.0,1136567
JJ Bumrah,6,5,85,10,78,16.166666666666668,1136583
JJ Bumrah,0,1,156,10,150,19.166666666666668,1136615
JJ Bumrah,0,1,175,10,162,19.333333333333332,1175362
JJ Bumrah,0,0,0,10,138,19.833333333333332,1181768
JJ Bumrah,5,3,157,11,151,19.333333333333332,1216492
JJ Bumrah,1,2,150,10,149,19.833333333333332,1254058
JJ Bumrah,0,1,145,10,143,19.666666666666668,1254062
JJ Bumrah,3,3,132,10,124,19.0,1254070
JJ Bumrah,5,2,224,10,219,19.333333333333332,1254088
JJ Bumrah,1,2,132,10,131,19.833333333333332,1254104
JJ Bumrah,5,6,102,10,97,16.833333333333332,1254108
JJ Bumrah,1,1,122,10,115,19.5,1254112
JJ Bumrah,0,1,155,9,151,19.666666666666668,1304055
JJ Bumrah,0,1,181,9,181,19.666666666666668,1304069
JJ Bumrah,0,0,0,10,166,19.666666666666668,1304072
JJ Bumrah,0,2,118,10,118,20.0,1304083
JJ Bumrah,0,0,0,10,102,17.166666666666668,1304102
JJ Bumrah,0,4,172,9,158,18.5,1304111
JJ Bumrah,1,1,159,11,157,19.833333333333332,1422123
JJ Bumrah,8,9,118,10,105,16.666666666666668,1422132
JJ Bumrah,2,1,169,11,167,20.0,1426276
JJ Bumrah,1,1,135,11,134,18.666666666666668,1426289
JDS Neesham,8,11,156,7,121,16.166666666666668,729289
JDS Neesham,22,15,82,7,49,9.5,729293
JDS Neesham,12,20,108,7,89,12.666666666666666,734039
JDS Neesham,7,7,136,6,95,13.5,1216503
JDS Neesham,2,3,151,7,108,16.5,1216506
JDS Neesham,10,8,159,7,140,16.0,1216546
JDS Neesham,0,1,211,7,194,18.833333333333332,1254084
JDS Neesham,0,1,224,6,141,13.166666666666666,1254088
JDS Neesham,17,15,152,8,113,13.0,1304070
JDS Neesham,14,12,170,6,115,13.833333333333334,1304109
TG Southee,4,4,131,9,79,13.666666666666666,729297
TG Southee,0,0,0,9,139,19.666666666666668,829709
TG Southee,7,4,180,9,167,19.0,829715
TG Southee,6,5,166,8,151,18.333333333333332,829769
TG Southee,25,10,133,9,93,17.166666666666668,980917
TG Southee,1,1,151,9,149,19.833333333333332,980933
TG Southee,3,4,86,9,48,9.333333333333334,980973
TG Southee,1,3,116,9,95,17.0,980985
TG Southee,7,3,176,9,140,18.5,1082592
TG Southee,1,2,149,8,131,18.166666666666668,1136591
TG Southee,36,26,123,8,82,13.333333333333334,1136595
TG Southee,1,1,214,8,207,19.5,1136611
TG Southee,14,17,131,8,97,12.833333333333334,1136613
TG Southee,9,9,144,8,133,17.666666666666668,1178395
TG Southee,3,5,124,8,116,17.166666666666668,1254092
TG Southee,1,5,122,9,78,11.833333333333334,1304052
TG Southee,1,1,141,10,138,19.5,1304081
TG Southee,0,1,131,10,131,19.833333333333332,1304087
TG Southee,0,1,98,10,96,14.333333333333334,1304099
TG Southee,0,4,154,10,146,17.833333333333332,1304102
MA Starc,0,0,0,7,135,19.833333333333332,729299
MA Starc,18,16,66,8,25,8.833333333333334,729305
MA Starc,8,17,113,8,92,13.5,729313
MA Starc,5,8,153,7,91,14.666666666666666,733977
MA Starc,5,4,158,7,123,15.666666666666666,733983
MA Starc,29,23,154,8,73,11.333333333333334,733991
MA Starc,6,6,153,7,139,18.333333333333332,734021
MA Starc,12,8,153,7,125,17.166666666666668,734027
MA Starc,2,2,148,8,145,19.666666666666668,734035
MA Starc,9,6,148,9,121,16.5,829745
MA Starc,1,7,122,9,110,17.166666666666668,829779
MA Starc,1,1,132,9,131,19.833333333333332,829821
MA Starc,6,3,190,9,182,19.333333333333332,1422121
MA Starc,1,1,249,9,243,19.666666666666668,1422134
MA Starc,0,3,120,10,119,19.333333333333332,1426260
MA Starc,0,2,162,10,149,17.833333333333332,1426289
MA Starc,2,2,151,9,142,15.5,1426298
BR Dunk,20,17,148,1,0,0.16666666666666666,729317
BR Dunk,5,4,164,1,0,0.16666666666666666,733973
BR Dunk,15,14,162,1,0,0.16666666666666666,733983
RR Rossouw,14,23,153,4,4,2.1666666666666665,733977
RR Rossouw,24,14,158,6,110,13.666666666666666,733983
RR Rossouw,1,4,148,1,0,0.16666666666666666,734035
RR Rossouw,0,1,175,6,85,12.5,829737
RR Rossouw,14,9,148,2,0,0.16666666666666666,829745
RR Rossouw,30,20,133,5,44,7.166666666666667,1359477
RR Rossouw,0,1,147,5,52,8.5,1359481
RR Rossouw,14,12,132,4,0,0.8333333333333334,1359485
RR Rossouw,8,6,125,4,5,1.5,1359518
RR Rossouw,33,21,176,4,112,10.666666666666666,1359524
RR Rossouw,35,37,129,5,23,3.3333333333333335,1359529
RR Rossouw,5,5,132,4,74,7.5,1359533
RR Rossouw,82,37,208,3,92,10.5,1359538
RR Rossouw,0,1,135,4,26,4.833333333333333,1359541
RR Rossouw,1,3,156,3,4,0.8333333333333334,1426271
RR Rossouw,9,7,132,3,44,5.666666666666667,1426275
RR Rossouw,26,16,256,3,90,6.166666666666667,1426280
RR Rossouw,43,23,149,3,19,3.3333333333333335,1426287
RR Rossouw,0,3,130,3,8,1.8333333333333335,1426291
RR Rossouw,61,27,175,3,6,0.8333333333333334,1426296
RR Rossouw,22,13,144,3,6,0.8333333333333334,1426303
RR Rossouw,49,23,204,3,93,9.333333333333334,1426307
Shivam Sharma,4,2,183,9,174,19.5,733991
Shivam Sharma,1,1,148,10,147,20.0,734025
YS Chahal,0,0,0,11,66,14.666666666666666,729305
YS Chahal,1,1,154,11,142,19.5,733991
YS Chahal,1,1,150,11,149,19.666666666666668,829719
YS Chahal,0,0,0,11,122,19.333333333333332,829779
YS Chahal,3,7,165,10,150,17.833333333333332,1082591
YS Chahal,1,2,126,11,124,19.666666666666668,1082607
YS Chahal,0,2,42,11,41,9.333333333333334,1082617
YS Chahal,1,2,122,11,121,19.833333333333332,1082621
YS Chahal,4,9,92,11,80,18.0,1082624
YS Chahal,4,4,112,11,104,17.5,1082633
YS Chahal,0,4,131,11,126,18.166666666666668,1136613
YS Chahal,4,12,66,9,50,11.333333333333334,1175356
YS Chahal,1,3,105,11,101,19.0,1175366
YS Chahal,1,1,144,10,137,19.166666666666668,1178395
YS Chahal,1,3,100,11,98,16.5,1216510
YS Chahal,0,0,126,11,118,19.166666666666668,1216519
YS Chahal,8,21,114,10,86,13.5,1254076
YS Chahal,2,6,84,11,76,16.666666666666668,1254087
YS Chahal,5,8,152,10,144,17.5,1304070
YS Chahal,0,0,0,10,118,18.833333333333332,1304085
LMP Simmons,38,38,152,1,0,0.16666666666666666,733995
LMP Simmons,68,50,157,1,0,0.16666666666666666,734001
LMP Simmons,12,14,133,1,0,0.16666666666666666,734009
LMP Simmons,62,50,172,2,0,0.16666666666666666,734017
LMP Simmons,100,61,149,1,0,0.16666666666666666,734025
LMP Simmons,35,25,164,1,0,0.16666666666666666,734031
LMP Simmons,12,8,188,1,0,0.16666666666666666,734041
LMP Simmons,67,44,171,1,0,0.16666666666666666,734045
LMP Simmons,5,13,176,1,0,0.16666666666666666,829729
LMP Simmons,59,44,192,1,0,0.16666666666666666,829737
LMP Simmons,15,14,142,1,0,0.16666666666666666,829747
LMP Simmons,51,42,147,1,0,0.16666666666666666,829751
LMP Simmons,38,31,174,1,0,0.16666666666666666,829769
LMP Simmons,71,56,167,1,0,0.16666666666666666,829775
LMP Simmons,0,1,144,1,0,0.16666666666666666,829783
LMP Simmons,38,31,157,1,0,0.16666666666666666,829789
LMP Simmons,68,53,192,2,0,0.16666666666666666,829795
LMP Simmons,14,15,159,1,0,0.16666666666666666,829805
LMP Simmons,48,44,106,1,0,0.16666666666666666,829815
LMP Simmons,65,50,178,1,0,0.16666666666666666,829817
LMP Simmons,68,44,196,1,0,0.16666666666666666,829823
LMP Simmons,8,8,108,1,0,0.16666666666666666,980901
LMP Simmons,66,43,193,1,0,0.16666666666666666,1082635
LMP Simmons,1,5,128,1,0,0.16666666666666666,1082638
LMP Simmons,59,32,215,1,0,0.16666666666666666,1082641
LMP Simmons,0,5,156,2,0,0.16666666666666666,1082644
LMP Simmons,5,13,133,1,0,0.16666666666666666,1082647
LMP Simmons,3,6,103,1,0,0.16666666666666666,1082649
LMP Simmons,3,8,121,1,0,0.16666666666666666,1082650
VH Zol,16,14,183,3,6,2.6666666666666665,733999
VH Zol,13,12,148,3,2,1.0,734035
BCJ Cutting,8,6,185,6,155,17.666666666666668,734011
BCJ Cutting,18,11,165,5,127,16.166666666666668,980991
BCJ Cutting,0,1,156,6,118,16.0,981015
BCJ Cutting,8,7,161,6,73,11.333333333333334,981017
BCJ Cutting,39,15,194,6,142,16.166666666666668,981019
BCJ Cutting,16,6,200,6,183,18.833333333333332,1082591
BCJ Cutting,20,10,146,5,106,15.0,1082600
BCJ Cutting,15,10,148,6,93,13.5,1082604
BCJ Cutting,9,9,139,7,104,15.0,1136567
BCJ Cutting,12,6,130,8,117,18.666666666666668,1136591
BCJ Cutting,24,9,202,6,170,18.166666666666668,1136601
BCJ Cutting,10,7,159,7,125,17.0,1136607
BCJ Cutting,4,7,174,8,146,15.666666666666666,1136610
BCJ Cutting,37,20,156,8,116,14.166666666666666,1136615
BCJ Cutting,3,4,167,8,129,15.166666666666666,1175358
BCJ Cutting,2,4,156,3,49,6.333333333333333,1178409
BCJ Cutting,13,9,152,6,117,17.0,1178411
Imran Tahir,4,6,130,9,80,13.5,734011
Imran Tahir,4,4,108,10,104,17.5,734039
Imran Tahir,2,2,144,10,124,19.0,829707
Imran Tahir,3,4,87,10,82,16.666666666666668,829757
Imran Tahir,5,7,123,10,115,16.833333333333332,980993
Imran Tahir,0,2,103,11,102,15.666666666666666,1082599
Imran Tahir,2,2,162,11,111,17.0,1136561
Imran Tahir,0,0,0,11,95,17.5,1178419
Imran Tahir,13,10,102,10,64,15.0,1216521
BE Hendricks,0,1,148,9,146,19.666666666666668,734025
BE Hendricks,0,0,0,9,151,19.166666666666668,829799
BE Hendricks,1,2,121,9,113,19.166666666666668,829809
S Gopal,11,10,164,8,149,16.666666666666668,734031
S Gopal,1,1,159,8,158,19.833333333333332,829721
S Gopal,2,16,108,7,28,7.333333333333333,980901
S Gopal,18,18,117,8,91,14.833333333333334,1136564
S Gopal,0,1,154,8,140,18.333333333333332,1136575
S Gopal,8,10,132,9,107,14.833333333333334,1136577
S Gopal,24,16,144,9,106,15.5,1136598
S Gopal,1,1,163,10,157,19.333333333333332,1175359
S Gopal,0,3,156,9,154,19.333333333333332,1175367
S Gopal,19,7,144,9,119,18.5,1178400
S Gopal,13,7,184,7,171,18.166666666666668,1178402
S Gopal,0,1,160,8,138,18.666666666666668,1178407
S Gopal,18,9,172,7,94,12.666666666666666,1178418
S Gopal,12,18,106,5,25,4.5,1178428
S Gopal,2,3,128,9,93,15.166666666666666,1216500
S Gopal,5,7,130,8,60,11.0,1216504
S Gopal,1,2,134,9,111,15.5,1216511
S Gopal,23,23,126,8,76,10.833333333333334,1216530
S Gopal,6,4,142,9,133,18.833333333333332,1216543
S Gopal,7,4,164,9,157,19.166666666666668,1254073
S Gopal,0,1,87,8,69,15.166666666666666,1254093
S Gopal,9,7,175,8,142,16.833333333333332,1304096
M de Lange,1,2,164,9,153,17.5,734031
R Tewatia,16,13,156,6,67,11.333333333333334,734033
R Tewatia,15,8,155,8,139,18.5,1082639
R Tewatia,4,3,70,5,24,4.666666666666667,1082645
R Tewatia,9,7,160,6,107,13.5,1136562
R Tewatia,1,2,121,6,78,8.666666666666666,1136573
R Tewatia,13,9,162,6,100,15.666666666666666,1136579
R Tewatia,24,21,130,7,72,12.166666666666666,1136582
R Tewatia,3,4,190,7,157,17.833333333333332,1136590
R Tewatia,9,4,205,8,159,17.5,1175358
R Tewatia,11,9,140,8,121,17.333333333333332,1175360
R Tewatia,5,7,124,5,51,9.333333333333334,1175371
R Tewatia,1,2,139,8,134,18.5,1178395
R Tewatia,10,8,194,6,143,14.333333333333334,1216496
R Tewatia,38,29,128,6,72,11.5,1216500
R Tewatia,14,10,130,6,35,7.333333333333333,1216504
R Tewatia,45,28,157,7,75,12.166666666666666,1216507
R Tewatia,5,6,134,7,96,13.666666666666666,1216511
R Tewatia,24,11,151,7,103,16.166666666666668,1216514
R Tewatia,2,3,151,7,133,18.333333333333332,1216518
R Tewatia,19,11,159,6,121,15.833333333333334,1216522
R Tewatia,53,31,218,4,95,9.166666666666666,1216527
R Tewatia,31,27,126,7,34,5.166666666666667,1216530
R Tewatia,14,18,142,7,107,13.5,1216543
R Tewatia,2,4,207,7,167,16.666666666666668,1254061
R Tewatia,19,17,147,7,40,9.5,1254064
R Tewatia,20,15,124,7,78,13.0,1254069
R Tewatia,40,23,164,7,102,13.666666666666666,1254073
R Tewatia,5,8,119,5,78,11.0,1254075
R Tewatia,12,20,87,7,48,9.833333333333334,1254093
R Tewatia,9,15,115,7,54,12.0,1254097
R Tewatia,0,1,157,7,156,19.833333333333332,1254100
R Tewatia,2,3,145,6,111,13.333333333333334,1254103
R Tewatia,44,36,84,7,33,7.666666666666667,1254106
R Tewatia,2,5,176,7,160,16.666666666666668,1254111
R Tewatia,40,24,152,6,70,12.0,1304050
R Tewatia,14,8,160,6,136,17.333333333333332,1304056
R Tewatia,13,3,182,6,164,19.5,1304062
R Tewatia,6,4,140,7,132,19.166666666666668,1304067
R Tewatia,6,14,163,6,42,8.166666666666666,1304075
R Tewatia,17,12,146,5,126,16.5,1304081
R Tewatia,40,21,188,5,113,13.5,1304086
R Tewatia,43,25,165,6,92,13.0,1304089
R Tewatia,11,13,125,6,60,11.5,1304094
R Tewatia,3,4,168,6,152,17.833333333333332,1304097
R Tewatia,22,16,137,6,101,16.166666666666668,1304103
R Tewatia,2,3,165,6,121,16.5,1304113
R Tewatia,15,14,169,6,130,15.166666666666666,1359475
R Tewatia,5,2,146,6,140,19.5,1359492
R Tewatia,1,1,172,7,162,19.166666666666668,1359497
R Tewatia,2,2,134,7,131,19.5,1359504
R Tewatia,20,5,202,7,168,18.333333333333332,1359509
R Tewatia,20,7,120,7,89,17.333333333333332,1359518
R Tewatia,14,13,185,7,53,7.333333333333333,1359531
R Tewatia,3,3,169,6,152,16.833333333333332,1359536
R Tewatia,4,5,179,6,156,17.833333333333332,1359544
R Tewatia,3,5,142,7,83,13.333333333333334,1370350
R Tewatia,22,14,156,7,125,16.666666666666668,1422123
R Tewatia,6,11,132,7,106,15.166666666666666,1422125
R Tewatia,23,8,190,6,158,17.833333333333332,1422135
R Tewatia,28,24,112,7,69,12.333333333333334,1422139
R Tewatia,22,11,184,6,108,14.166666666666666,1426262
R Tewatia,10,14,77,6,24,5.166666666666667,1426270
R Tewatia,36,18,143,6,94,14.833333333333334,1426275
R Tewatia,4,5,212,7,137,14.333333333333334,1426278
R Tewatia,35,21,140,6,74,11.833333333333334,1426290
JO Holder,16,12,139,7,108,16.666666666666668,734037
JO Holder,0,1,144,8,137,17.166666666666668,980951
JO Holder,13,8,117,8,96,17.0,981001
JO Holder,3,3,167,6,140,15.833333333333334,981009
JO Holder,6,7,131,8,118,17.5,981015
JO Holder,5,8,110,6,96,16.5,1216498
JO Holder,26,10,115,6,83,12.333333333333334,1216502
JO Holder,24,20,122,6,57,12.0,1237178
JO Holder,11,15,166,5,41,5.166666666666667,1237180
JO Holder,4,4,127,7,106,17.166666666666668,1254063
JO Holder,1,2,177,7,142,15.333333333333334,1254088
JO Holder,5,5,124,7,100,16.666666666666668,1254091
JO Holder,16,13,137,7,104,15.333333333333334,1254095
JO Holder,10,8,119,7,65,13.166666666666666,1254105
JO Holder,47,29,113,7,55,13.166666666666666,1254107
JO Holder,2,9,112,7,69,14.5,1254109
JO Holder,8,3,165,8,149,18.833333333333332,1304058
JO Holder,8,14,157,4,0,0.6666666666666666,1304066
JO Holder,16,9,148,8,123,16.833333333333332,1304077
JO Holder,0,2,160,8,160,19.833333333333332,1304083
JO Holder,11,8,141,7,97,15.0,1304088
JO Holder,13,4,172,7,157,18.833333333333332,1304099
JO Holder,1,2,79,8,62,11.666666666666666,1304103
JO Holder,1,2,139,7,106,16.166666666666668,1304109
JO Holder,1,1,182,9,177,19.666666666666668,1359482
JO Holder,0,1,165,8,157,19.166666666666668,1359491
JO Holder,11,9,181,5,80,11.0,1359516
Karanveer Singh,1,1,130,10,129,19.333333333333332,734043
Karanveer Singh,5,4,127,10,122,19.166666666666668,829709
Karanveer Singh,2,5,87,10,82,17.833333333333332,829753
Karanveer Singh,4,7,79,10,40,9.0,829785
SS Iyer,7,7,144,4,20,3.1666666666666665,829707
SS Iyer,40,30,175,2,0,0.16666666666666666,829715
SS Iyer,6,5,157,2,0,0.16666666666666666,829725
SS Iyer,60,40,158,2,0,0.16666666666666666,829731
SS Iyer,31,24,133,2,0,0.16666666666666666,829739
SS Iyer,83,56,181,2,0,0.16666666666666666,829747
SS Iyer,0,1,87,2,0,0.16666666666666666,829757
SS Iyer,40,35,151,2,0,0.16666666666666666,829761
SS Iyer,54,40,111,2,0,0.16666666666666666,829767
SS Iyer,9,12,160,2,0,0.16666666666666666,829777
SS Iyer,19,18,148,2,0,0.16666666666666666,829783
SS Iyer,0,7,153,2,0,0.16666666666666666,829793
SS Iyer,70,49,120,2,0,0.16666666666666666,829801
SS Iyer,20,18,181,2,0,0.16666666666666666,829813
SS Iyer,0,3,86,3,23,2.5,980903
SS Iyer,3,5,103,2,0,0.16666666666666666,980913
SS Iyer,0,4,177,2,0,0.16666666666666666,980921
SS Iyer,19,20,152,2,0,0.16666666666666666,980933
SS Iyer,0,1,176,2,0,0.16666666666666666,980951
SS Iyer,8,10,119,2,0,0.16666666666666666,980997
SS Iyer,21,16,177,4,53,7.666666666666667,1082605
SS Iyer,26,17,165,4,63,8.0,1082608
SS Iyer,50,31,169,5,83,10.0,1082611
SS Iyer,6,7,120,4,10,1.5,1082614
SS Iyer,47,34,153,3,42,5.166666666666667,1082622
SS Iyer,6,7,62,4,6,3.0,1082626
SS Iyer,33,25,186,4,71,7.833333333333333,1082630
SS Iyer,14,8,202,4,160,13.5,1082632
SS Iyer,3,6,63,3,0,0.3333333333333333,1082635
SS Iyer,96,57,194,4,15,2.0,1082640
SS Iyer,3,4,161,3,3,1.1666666666666667,1082642
SS Iyer,32,30,143,3,0,0.5,1082646
SS Iyer,11,11,160,3,11,2.6666666666666665,1136562
SS Iyer,0,0,0,6,47,5.833333333333333,1136566
SS Iyer,27,20,193,5,135,13.5,1136569
SS Iyer,4,3,121,3,3,1.1666666666666667,1136573
SS Iyer,52,31,162,3,6,2.5,1136579
SS Iyer,57,45,130,4,37,5.166666666666667,1136582
SS Iyer,92,39,214,3,59,7.166666666666667,1136586
SS Iyer,13,14,190,3,9,2.0,1136590
SS Iyer,50,35,189,3,1,0.8333333333333334,1136592
SS Iyer,44,36,160,3,9,1.8333333333333335,1136596
SS Iyer,3,8,184,3,20,4.0,1136602
SS Iyer,32,35,173,3,4,1.1666666666666667,1136605
SS Iyer,19,22,153,2,0,0.16666666666666666,1136612
SS Iyer,6,10,162,3,28,3.3333333333333335,1136615
SS Iyer,16,10,205,3,8,1.6666666666666665,1175358
SS Iyer,18,20,140,3,34,4.666666666666667,1175360
SS Iyer,43,32,181,3,27,2.8333333333333335,1175365
SS Iyer,28,22,141,3,0,0.3333333333333333,1175368
SS Iyer,43,41,124,3,14,2.5,1175371
SS Iyer,66,49,139,3,1,0.6666666666666666,1178395
SS Iyer,6,6,177,3,32,3.1666666666666665,1178401
SS Iyer,45,40,144,4,19,3.5,1178405
SS Iyer,3,6,120,4,58,8.666666666666666,1178409
SS Iyer,58,48,155,3,24,3.3333333333333335,1178412
SS Iyer,4,5,188,3,72,7.666666666666667,1178415
SS Iyer,52,37,182,3,34,3.6666666666666665,1178421
SS Iyer,44,31,99,3,4,1.0,1178425
SS Iyer,15,9,116,3,24,3.3333333333333335,1178428
SS Iyer,8,10,159,3,64,7.833333333333333,1181766
SS Iyer,13,18,138,4,36,5.5,1181767
SS Iyer,39,32,147,4,8,3.6666666666666665,1216493
SS Iyer,47,38,129,3,0,0.3333333333333333,1216497
SS Iyer,18,17,166,3,12,1.6666666666666665,1216500
SS Iyer,7,9,148,4,105,12.833333333333334,1216505
SS Iyer,23,23,181,4,26,4.333333333333333,1216509
SS Iyer,88,38,226,3,56,6.0,1216515
SS Iyer,11,13,180,3,67,6.833333333333333,1216519
SS Iyer,7,12,122,6,48,7.0,1216524
SS Iyer,42,33,157,4,22,4.5,1216529
SS Iyer,17,21,136,3,2,1.0,1216532
SS Iyer,25,29,105,3,1,0.6666666666666666,1216535
SS Iyer,26,22,167,4,101,12.5,1216539
SS Iyer,52,42,149,4,8,2.6666666666666665,1216543
SS Iyer,14,12,160,3,23,3.5,1216546
SS Iyer,12,8,137,4,0,1.0,1237177
SS Iyer,21,20,175,3,79,8.5,1237180
SS Iyer,65,50,152,4,16,2.8333333333333335,1237181
SS Iyer,1,5,121,3,35,5.166666666666667,1254092
SS Iyer,43,32,145,3,18,3.3333333333333335,1254097
SS Iyer,18,18,155,4,96,11.5,1254101
SS Iyer,47,41,135,3,20,3.0,1254105
SS Iyer,2,7,131,3,22,2.8333333333333335,1254110
SS Iyer,33,33,126,5,30,4.333333333333333,1254112
SS Iyer,1,8,166,3,36,3.5,1254114
SS Iyer,30,27,129,4,68,11.666666666666666,1254116
SS Iyer,20,19,129,4,72,10.166666666666666,1304047
SS Iyer,13,10,122,3,13,3.3333333333333335,1304052
SS Iyer,26,15,130,3,13,2.1666666666666665,1304054
SS Iyer,10,6,157,3,16,4.333333333333333,1304060
SS Iyer,54,33,165,3,20,2.6666666666666665,1304065
SS Iyer,28,25,166,3,9,1.6666666666666665,1304071
SS Iyer,85,51,197,3,0,0.3333333333333333,1304076
SS Iyer,12,15,141,3,4,1.0,1304081
SS Iyer,42,37,131,3,3,1.6666666666666665,1304087
SS Iyer,34,32,143,3,14,3.5,1304093
SS Iyer,6,9,98,3,0,1.1666666666666667,1304099
SS Iyer,6,8,154,4,78,10.5,1304102
SS Iyer,15,9,165,4,61,7.666666666666667,1304107
SS Iyer,50,29,192,4,9,2.8333333333333335,1304112
SS Iyer,0,2,190,4,30,3.6666666666666665,1422121
SS Iyer,39,24,171,4,82,8.0,1422128
SS Iyer,18,11,249,5,162,13.666666666666666,1422134
SS Iyer,34,32,120,4,50,6.333333333333333,1426260
SS Iyer,38,38,139,4,32,3.3333333333333335,1426266
SS Iyer,11,7,202,4,96,11.0,1426269
SS Iyer,50,36,202,5,70,6.166666666666667,1426274
SS Iyer,28,10,248,5,192,16.166666666666668,1426280
SS Iyer,33,23,153,4,92,8.333333333333334,1426285
SS Iyer,6,4,162,4,19,2.5,1426289
SS Iyer,23,15,222,6,161,15.333333333333334,1426292
SS Iyer,7,10,151,4,10,1.3333333333333333,1426298
SS Iyer,58,24,153,4,56,6.5,1426309
SS Iyer,6,3,103,4,91,9.0,1426312
DJ Hooda,30,15,141,6,59,10.5,829709
DJ Hooda,54,25,180,6,76,11.0,829715
DJ Hooda,13,4,159,4,91,13.333333333333334,829721
DJ Hooda,19,9,181,3,88,11.666666666666666,829741
DJ Hooda,1,3,126,5,70,10.0,829749
DJ Hooda,1,2,166,7,150,18.0,829769
DJ Hooda,7,9,187,5,43,7.833333333333333,829787
DJ Hooda,15,14,132,5,63,10.166666666666666,829797
DJ Hooda,11,14,106,6,78,12.333333333333334,829819
DJ Hooda,6,6,171,5,81,9.833333333333334,980907
DJ Hooda,6,11,134,5,32,6.166666666666667,980915
DJ Hooda,17,9,140,5,96,14.5,980923
DJ Hooda,5,5,141,5,112,14.166666666666666,980935
DJ Hooda,1,9,110,5,23,5.666666666666667,980943
DJ Hooda,2,2,185,6,153,17.5,980953
DJ Hooda,18,12,123,6,78,14.166666666666666,980967
DJ Hooda,14,5,132,6,109,17.833333333333332,980979
DJ Hooda,6,8,130,6,106,15.5,980983
DJ Hooda,32,21,165,3,61,8.166666666666666,980991
DJ Hooda,1,1,155,3,46,6.166666666666667,981003
DJ Hooda,2,2,138,6,106,14.666666666666666,981009
DJ Hooda,21,13,156,5,69,10.0,981015
DJ Hooda,4,9,161,5,59,8.5,981017
DJ Hooda,3,6,194,5,120,13.666666666666666,981019
DJ Hooda,16,12,200,5,146,15.5,1082591
DJ Hooda,9,9,146,3,77,10.5,1082600
DJ Hooda,13,7,148,5,63,10.833333333333334,1082604
DJ Hooda,12,10,148,6,101,15.666666666666666,1082609
DJ Hooda,9,4,186,6,165,18.5,1082611
DJ Hooda,19,10,162,5,116,16.666666666666668,1082615
DJ Hooda,32,25,147,6,86,10.5,1136567
DJ Hooda,5,9,134,6,110,16.0,1136570
DJ Hooda,5,5,161,6,106,14.5,1136576
DJ Hooda,1,7,176,4,10,2.3333333333333335,1136580
DJ Hooda,21,11,166,5,132,16.333333333333332,1136606
DJ Hooda,1,1,199,5,195,19.333333333333332,1136611
DJ Hooda,19,19,169,5,82,10.666666666666666,1136619
DJ Hooda,3,4,169,6,127,16.0,1136620
DJ Hooda,10,11,120,5,84,13.166666666666666,1175371
DJ Hooda,20,24,90,5,40,7.0,1178394
DJ Hooda,14,3,142,6,127,19.333333333333332,1178397
DJ Hooda,3,4,110,6,102,16.5,1178405
DJ Hooda,13,16,134,5,104,12.5,1178408
DJ Hooda,0,1,151,6,122,16.0,1178420
DJ Hooda,4,4,146,7,141,18.666666666666668,1181766
DJ Hooda,0,2,119,6,82,13.833333333333334,1216498
DJ Hooda,62,30,151,6,72,12.0,1216506
DJ Hooda,23,16,172,6,112,13.666666666666666,1216517
DJ Hooda,1,1,170,6,169,19.833333333333332,1216537
DJ Hooda,15,22,159,6,118,12.666666666666666,1216546
DJ Hooda,60,27,211,4,86,10.0,1254061
DJ Hooda,10,15,102,4,15,3.0,1254065
DJ Hooda,21,12,182,4,131,15.5,1254068
DJ Hooda,13,11,108,5,39,7.333333333333333,1254071
DJ Hooda,1,4,118,4,36,6.666666666666667,1254078
DJ Hooda,5,9,174,5,103,11.666666666666666,1254083
DJ Hooda,1,1,161,5,86,13.333333333333334,1254086
DJ Hooda,28,26,129,6,45,7.666666666666667,1254099
DJ Hooda,3,4,162,5,123,16.0,1254102
DJ Hooda,13,10,118,6,64,11.833333333333334,1254107
DJ Hooda,0,2,173,5,173,19.666666666666668,1254111
DJ Hooda,55,41,154,5,19,3.8333333333333335,1304050
DJ Hooda,13,8,193,5,129,14.833333333333334,1304053
DJ Hooda,51,33,165,5,27,5.0,1304058
DJ Hooda,11,12,143,4,82,12.666666666666666,1304061
DJ Hooda,25,24,157,5,12,3.6666666666666665,1304066
DJ Hooda,15,8,191,5,153,16.333333333333332,1304072
DJ Hooda,13,14,148,5,58,8.166666666666666,1304077
DJ Hooda,10,9,160,6,97,13.333333333333334,1304083
DJ Hooda,34,28,141,3,9,3.0,1304088
DJ Hooda,52,34,178,3,39,4.5,1304091
DJ Hooda,41,27,172,3,2,1.0,1304099
DJ Hooda,27,26,79,3,19,3.6666666666666665,1304103
DJ Hooda,59,39,139,4,9,2.5,1304109
DJ Hooda,45,26,171,4,34,4.666666666666667,1312198
DJ Hooda,17,18,185,3,18,4.166666666666667,1359477
DJ Hooda,2,6,187,3,72,5.666666666666667,1359480
DJ Hooda,7,8,110,3,30,4.666666666666667,1359484
DJ Hooda,9,10,197,3,0,0.8333333333333334,1359489
DJ Hooda,2,3,147,3,52,7.833333333333333,1359495
DJ Hooda,2,4,148,4,79,11.833333333333334,1359500
DJ Hooda,2,2,126,7,124,19.666666666666668,1359504
DJ Hooda,11,6,235,6,218,18.5,1359512
DJ Hooda,1,2,101,4,17,3.6666666666666665,1359517
DJ Hooda,11,11,163,3,83,8.5,1359525
DJ Hooda,5,7,167,1,0,0.16666666666666666,1359537
DJ Hooda,15,13,91,7,66,10.0,1370351
DJ Hooda,26,13,159,5,7,3.3333333333333335,1422122
DJ Hooda,10,13,157,6,62,7.833333333333333,1426264
DJ Hooda,8,10,153,3,17,2.333333333333333,1426266
DJ Hooda,17,6,195,6,146,16.666666666666668,1426277
DJ Hooda,50,31,172,4,11,2.1666666666666665,1426282
DJ Hooda,18,18,134,4,57,7.5,1426286
DJ Hooda,5,3,130,4,67,7.666666666666667,1426292
DJ Hooda,0,2,183,4,22,3.333333333333333,1426302
DJ Hooda,11,9,203,4,46,6.166666666666667,1426305
Anureet Singh,0,3,127,9,121,18.666666666666668,829709
Anureet Singh,0,1,142,10,142,19.833333333333332,829733
Anureet Singh,10,20,87,9,63,12.5,829753
Anureet Singh,0,2,123,10,119,19.0,829759
Anureet Singh,8,3,110,10,96,18.833333333333332,829767
Anureet Singh,0,2,79,9,40,8.666666666666666,829785
Anureet Singh,15,12,176,8,139,15.833333333333334,1082623
Anureet Singh,3,4,140,11,134,17.666666666666668,1136609
KS Williamson,26,18,153,6,107,15.0,829711
KS Williamson,5,9,149,3,81,8.0,829719
KS Williamson,50,38,185,3,27,3.8333333333333335,980953
KS Williamson,6,9,123,3,25,3.3333333333333335,980967
KS Williamson,2,5,172,3,82,10.166666666666666,980973
KS Williamson,32,37,132,3,17,3.5,980979
KS Williamson,27,24,130,3,62,9.0,980983
KS Williamson,7,9,138,5,90,12.333333333333334,981009
KS Williamson,89,50,186,3,10,2.0,1082611
KS Williamson,21,14,162,3,51,8.333333333333334,1082615
KS Williamson,54,27,204,3,106,10.166666666666666,1082623
KS Williamson,40,25,201,3,133,12.833333333333334,1082627
KS Williamson,24,24,173,3,53,5.5,1082630
KS Williamson,4,2,134,3,25,4.333333333333333,1082634
KS Williamson,24,26,121,3,24,4.5,1082648
KS Williamson,36,35,118,3,5,1.8333333333333335,1136564
KS Williamson,6,4,147,3,61,7.0,1136567
KS Williamson,50,44,134,3,29,3.3333333333333335,1136570
KS Williamson,54,41,161,3,1,1.1666666666666667,1136576
KS Williamson,84,51,176,2,0,0.16666666666666666,1136580
KS Williamson,29,21,106,2,0,0.16666666666666666,1136583
KS Williamson,0,3,124,2,0,0.16666666666666666,1136585
KS Williamson,63,43,150,3,17,2.3333333333333335,1136588
KS Williamson,32,30,157,3,72,9.166666666666666,1136596
KS Williamson,56,38,137,3,13,2.6666666666666665,1136599
KS Williamson,83,53,189,3,15,2.0,1136602
KS Williamson,51,39,166,3,18,3.6666666666666665,1136606
KS Williamson,81,42,199,3,47,5.333333333333333,1136611
KS Williamson,36,17,161,3,71,8.833333333333334,1136614
KS Williamson,24,15,130,3,0,0.3333333333333333,1136617
KS Williamson,3,3,169,3,54,7.333333333333333,1136619
KS Williamson,47,36,169,3,11,2.0,1136620
KS Williamson,14,10,195,3,108,9.833333333333334,1175363
KS Williamson,3,8,110,3,69,10.166666666666666,1178405
KS Williamson,3,5,134,3,65,5.833333333333333,1178408
KS Williamson,8,9,155,3,126,12.5,1178413
KS Williamson,13,14,151,2,0,0.16666666666666666,1178420
KS Williamson,14,7,192,5,148,16.166666666666668,1178423
KS Williamson,3,7,159,4,56,5.333333333333333,1178426
KS Williamson,68,42,169,4,59,7.5,1178429
KS Williamson,28,27,146,4,56,6.666666666666667,1181766
KS Williamson,8,14,115,4,56,6.833333333333333,1216502
KS Williamson,21,11,154,4,95,14.833333333333334,1216507
KS Williamson,29,19,153,2,0,0.16666666666666666,1216512
KS Williamson,9,13,152,4,44,7.333333333333333,1216516
KS Williamson,11,10,208,4,164,14.666666666666666,1216524
KS Williamson,57,39,141,4,25,4.166666666666667,1216528
KS Williamson,41,26,155,4,87,11.5,1216532
KS Williamson,3,5,159,4,88,10.166666666666666,1216538
KS Williamson,20,10,189,5,149,16.333333333333332,1216542
KS Williamson,50,44,122,4,39,5.833333333333333,1237178
KS Williamson,67,45,166,4,40,5.0,1237180
KS Williamson,16,19,116,3,69,10.333333333333334,1254071
KS Williamson,66,51,150,3,28,3.5,1254077
KS Williamson,26,10,163,4,120,17.5,1254080
KS Williamson,20,21,157,3,55,6.333333333333333,1254085
KS Williamson,11,11,124,3,19,3.6666666666666665,1254091
KS Williamson,31,29,137,3,14,2.0,1254095
KS Williamson,51,41,150,3,48,5.333333333333333,1254100
KS Williamson,17,25,119,3,0,0.6666666666666666,1254105
KS Williamson,1,6,113,3,2,0.6666666666666666,1254107
KS Williamson,26,21,112,3,1,0.5,1254109
KS Williamson,2,7,139,1,0,0.16666666666666666,1304051
KS Williamson,16,16,147,2,0,0.16666666666666666,1304058
KS Williamson,32,40,147,2,0,0.16666666666666666,1304063
KS Williamson,57,46,162,2,0,0.16666666666666666,1304067
KS Williamson,17,16,164,2,0,0.16666666666666666,1304071
KS Williamson,3,9,144,2,0,0.16666666666666666,1304074
KS Williamson,16,17,70,2,0,0.16666666666666666,1304082
KS Williamson,5,8,181,2,0,0.16666666666666666,1304086
KS Williamson,47,37,183,2,0,0.16666666666666666,1304092
KS Williamson,4,11,175,2,0,0.16666666666666666,1304096
KS Williamson,0,0,0,2,0,0.16666666666666666,1304100
KS Williamson,9,17,120,2,0,0.16666666666666666,1304107
KS Williamson,8,7,184,6,167,17.5,1304111
KS Williamson,26,22,190,3,24,3.1666666666666665,1422135
KS Williamson,1,5,112,3,44,6.166666666666667,1422139
SA Abbott,1,4,171,7,112,14.833333333333334,829713
SA Abbott,14,9,150,7,113,16.166666666666668,829719
SA Abbott,7,5,175,7,124,15.166666666666666,1304096
J Suchith,34,21,150,7,42,12.0,829717
J Suchith,0,1,159,7,146,19.166666666666668,829721
J Suchith,0,0,0,8,176,19.833333333333332,829729
J Suchith,9,5,147,8,122,17.833333333333332,829751
J Suchith,4,4,192,8,174,18.5,829795
J Suchith,1,1,178,8,176,20.333333333333332,829817
J Suchith,6,15,99,9,84,11.833333333333334,1178425
J Suchith,14,6,150,9,131,18.833333333333332,1254077
J Suchith,2,7,118,6,86,12.333333333333334,1304100
J Suchith,0,1,145,8,144,19.666666666666668,1304116
RG More,2,2,145,11,142,19.333333333333332,829723
HH Pandya,16,6,192,8,176,19.0,829737
HH Pandya,0,1,142,7,123,16.166666666666668,829747
HH Pandya,5,8,144,3,0,0.5,829783
HH Pandya,21,8,157,6,124,17.333333333333332,829789
HH Pandya,8,4,192,5,130,14.5,829795
HH Pandya,59,29,159,6,76,11.833333333333334,829805
HH Pandya,1,2,178,5,134,15.833333333333334,829817
HH Pandya,0,2,196,6,189,19.0,829823
HH Pandya,9,11,108,3,8,1.3333333333333333,980901
HH Pandya,9,10,178,3,48,6.166666666666667,980909
HH Pandya,2,6,133,3,7,1.6666666666666665,980917
HH Pandya,2,5,134,7,117,17.333333333333332,980923
HH Pandya,2,3,166,6,137,15.833333333333334,980927
HH Pandya,2,2,151,7,141,19.166666666666668,980933
HH Pandya,4,2,184,6,175,18.833333333333332,980941
HH Pandya,7,16,86,7,30,4.5,980973
HH Pandya,7,8,160,7,143,17.166666666666668,981007
HH Pandya,35,15,176,8,120,15.666666666666666,1082592
HH Pandya,29,11,168,7,111,16.333333333333332,1082597
HH Pandya,2,3,155,7,145,17.333333333333332,1082600
HH Pandya,9,4,132,8,117,17.666666666666668,1082602
HH Pandya,6,3,164,6,148,18.333333333333332,1082606
HH Pandya,15,4,191,4,159,13.333333333333334,1082612
HH Pandya,24,22,126,7,70,13.0,1082614
HH Pandya,13,11,151,7,120,16.333333333333332,1082618
HH Pandya,4,5,152,7,126,16.5,1082625
HH Pandya,14,9,158,8,125,16.666666666666668,1082628
HH Pandya,29,14,193,5,142,15.666666666666666,1082635
HH Pandya,15,24,128,5,34,6.333333333333333,1082638
HH Pandya,30,13,215,6,116,12.833333333333334,1082641
HH Pandya,1,2,156,6,153,19.0,1082644
HH Pandya,14,10,133,6,49,8.166666666666666,1082647
HH Pandya,10,9,121,7,62,11.166666666666666,1082650
HH Pandya,22,20,161,5,96,12.666666666666666,1136561
HH Pandya,2,3,184,7,171,17.666666666666668,1136569
HH Pandya,17,5,196,7,164,18.5,1136574
HH Pandya,4,2,162,7,149,18.333333333333332,1136581
HH Pandya,3,19,85,7,72,13.333333333333334,1136583
HH Pandya,13,8,160,4,119,16.333333333333332,1136587
HH Pandya,50,42,130,6,35,7.333333333333333,1136591
HH Pandya,23,13,170,4,79,11.833333333333334,1136594
HH Pandya,35,20,175,4,104,11.833333333333334,1136597
HH Pandya,19,13,202,5,140,14.833333333333334,1136601
HH Pandya,36,21,159,5,103,13.5,1136607
HH Pandya,9,12,174,7,130,14.5,1136610
HH Pandya,27,17,156,7,76,9.833333333333334,1136615
HH Pandya,0,2,167,6,92,11.0,1175358
HH Pandya,30,13,175,7,138,16.166666666666668,1175362
HH Pandya,31,19,169,6,123,14.833333333333334,1175364
HH Pandya,25,8,158,6,110,16.833333333333332,1175370
HH Pandya,14,14,130,7,62,13.0,1178394
HH Pandya,19,13,180,6,92,12.166666666666666,1178399
HH Pandya,28,11,183,5,135,16.5,1178402
HH Pandya,37,16,166,6,126,15.666666666666666,1178406
HH Pandya,32,15,156,6,96,15.333333333333334,1178409
HH Pandya,23,15,152,4,101,14.0,1178411
HH Pandya,23,18,151,5,98,13.333333333333334,1178419
HH Pandya,91,34,192,6,57,8.5,1178422
HH Pandya,18,10,154,5,84,12.833333333333334,1178426
HH Pandya,13,11,124,6,93,14.166666666666666,1181764
HH Pandya,16,10,146,7,98,14.833333333333334,1181768
HH Pandya,14,10,157,5,88,11.166666666666666,1216492
HH Pandya,17,15,158,6,103,14.0,1216499
HH Pandya,30,11,185,6,120,16.333333333333332,1216503
HH Pandya,18,13,181,5,140,15.333333333333334,1216508
HH Pandya,28,18,177,6,110,14.166666666666666,1216511
HH Pandya,8,4,169,6,89,14.0,1216517
HH Pandya,21,11,144,4,106,13.666666666666666,1216526
HH Pandya,0,2,162,5,127,15.166666666666666,1216529
HH Pandya,28,19,203,5,122,13.333333333333334,1216538
HH Pandya,60,21,186,6,93,13.166666666666666,1216541
HH Pandya,15,13,196,5,38,6.833333333333333,1216547
HH Pandya,37,14,196,7,137,16.333333333333332,1237177
HH Pandya,3,5,153,6,143,17.333333333333332,1237181
HH Pandya,13,10,150,5,102,13.0,1254058
HH Pandya,15,17,145,5,86,11.333333333333334,1254062
HH Pandya,7,5,138,6,103,17.0,1254066
HH Pandya,0,1,132,5,71,8.833333333333334,1254070
HH Pandya,1,4,125,6,107,17.666666666666668,1254074
HH Pandya,16,7,211,6,164,16.666666666666668,1254084
HH Pandya,10,8,224,3,79,5.666666666666667,1254088
HH Pandya,5,6,88,4,55,6.0,1254093
HH Pandya,40,30,135,5,60,10.0,1254099
HH Pandya,3,6,102,7,89,14.333333333333334,1254108
HH Pandya,16,17,122,6,77,13.166666666666666,1254112
HH Pandya,33,28,152,4,9,2.3333333333333335,1304050
HH Pandya,31,27,160,4,36,6.333333333333333,1304056
HH Pandya,26,17,182,4,130,14.833333333333334,1304062
HH Pandya,50,42,140,4,35,5.833333333333333,1304067
HH Pandya,87,52,188,4,15,3.0,1304070
HH Pandya,67,49,146,3,7,1.3333333333333333,1304081
HH Pandya,10,6,188,3,64,7.833333333333333,1304086
HH Pandya,3,5,165,4,65,9.166666666666666,1304089
HH Pandya,1,7,125,4,30,4.0,1304094
HH Pandya,24,14,168,3,104,12.333333333333334,1304097
HH Pandya,11,13,137,4,24,4.5,1304103
HH Pandya,7,6,127,4,84,11.5,1304108
HH Pandya,62,47,165,4,38,5.5,1304113
HH Pandya,40,27,178,4,65,8.0,1312197
HH Pandya,34,30,124,4,18,4.666666666666667,1312200
HH Pandya,8,11,169,4,84,9.666666666666666,1359475
HH Pandya,4,3,150,4,31,4.333333333333333,1359481
HH Pandya,8,11,146,4,88,11.5,1359492
HH Pandya,28,19,172,4,30,5.166666666666667,1359497
HH Pandya,66,50,134,3,4,1.5,1359504
HH Pandya,13,14,202,3,12,2.3333333333333335,1359509
HH Pandya,26,20,168,3,39,4.333333333333333,1359513
HH Pandya,59,53,120,3,0,1.1666666666666667,1359518
HH Pandya,39,15,116,3,68,9.833333333333334,1359522
HH Pandya,25,15,220,3,137,12.333333333333334,1359525
HH Pandya,4,3,185,3,7,2.0,1359531
HH Pandya,8,6,169,4,130,14.333333333333334,1359536
HH Pandya,8,7,142,3,21,3.1666666666666665,1370350
HH Pandya,24,12,218,4,184,17.166666666666668,1370352
HH Pandya,21,12,210,4,129,14.166666666666666,1370353
HH Pandya,11,4,159,7,139,18.166666666666668,1422123
HH Pandya,24,20,234,5,142,10.833333333333334,1422126
HH Pandya,34,21,118,6,18,3.6666666666666665,1422132
HH Pandya,39,33,214,4,75,7.666666666666667,1422138
HH Pandya,21,6,196,4,136,11.5,1426263
HH Pandya,2,6,179,5,130,14.0,1426267
HH Pandya,10,6,181,5,145,16.5,1426271
HH Pandya,10,10,169,7,144,16.333333333333332,1426276
HH Pandya,46,24,230,5,56,6.166666666666667,1426281
HH Pandya,0,1,134,5,26,5.333333333333333,1426286
HH Pandya,1,3,135,7,65,11.166666666666666,1426289
HH Pandya,2,4,127,5,79,11.0,1426298
HH Pandya,16,13,185,5,93,11.0,1426305
D Wiese,47,25,175,7,107,13.333333333333334,829737
D Wiese,22,20,148,7,95,13.666666666666666,829745
D Wiese,11,8,182,7,137,16.666666666666668,829763
D Wiese,9,7,111,5,78,7.5,829771
D Wiese,17,14,122,7,96,14.333333333333334,829779
D Wiese,3,4,75,7,70,8.833333333333334,829803
D Wiese,12,7,132,7,102,16.5,829821
D Wiese,5,4,182,7,170,18.333333333333332,980921
D Wiese,1,2,176,8,154,17.0,1359507
D Wiese,12,3,193,7,179,19.166666666666668,1359510
D Wiese,8,6,176,8,153,17.666666666666668,1359513
SN Khan,11,7,148,6,83,11.666666666666666,829745
SN Khan,44,20,182,6,112,14.0,829763
SN Khan,8,8,122,6,96,14.166666666666666,829779
SN Khan,11,7,214,5,188,17.833333333333332,829785
SN Khan,4,6,75,6,67,8.0,829803
SN Khan,0,0,0,6,68,5.5,829807
SN Khan,1,1,168,6,166,19.666666666666668,829819
SN Khan,31,21,132,6,76,13.833333333333334,829821
SN Khan,35,10,216,5,177,17.5,980907
SN Khan,1,2,182,5,163,16.5,980921
SN Khan,28,18,157,6,92,13.666666666666666,980927
SN Khan,2,1,173,5,170,20.0,980931
SN Khan,6,10,170,5,122,14.5,1136563
SN Khan,0,1,155,5,85,11.5,1136568
SN Khan,5,6,159,7,80,11.666666666666666,1136574
SN Khan,11,8,176,6,147,16.333333333333332,1136605
SN Khan,22,8,214,7,174,17.333333333333332,1136611
SN Khan,7,8,131,7,95,12.166666666666666,1136613
SN Khan,46,29,168,4,53,9.166666666666666,1175359
SN Khan,13,13,184,4,35,4.5,1175361
SN Khan,39,29,157,4,36,4.0,1175368
SN Khan,61,57,128,4,6,2.1666666666666665,1178393
SN Khan,15,13,166,4,84,9.0,1178403
SN Khan,12,12,149,6,28,6.666666666666667,1216493
SN Khan,7,8,136,7,101,15.0,1216503
SN Khan,14,9,174,6,149,17.5,1216513
SN Khan,0,1,149,5,106,15.5,1254090
SN Khan,0,3,134,3,45,4.666666666666667,1254094
SN Khan,36,28,143,5,71,10.666666666666666,1304061
SN Khan,12,13,113,3,78,6.666666666666667,1304078
SN Khan,1,3,194,3,43,4.666666666666667,1304080
SN Khan,32,16,150,2,0,0.16666666666666666,1304110
SN Khan,10,7,145,5,30,5.833333333333333,1304115
SN Khan,4,8,133,4,38,5.0,1359477
SN Khan,30,34,147,4,27,4.5,1359481
SN Khan,10,9,140,4,38,4.833333333333333,1359508
SN Khan,9,10,184,6,124,13.5,1359514
MJ McClenaghan,0,1,142,9,127,16.666666666666668,829747
MJ McClenaghan,1,1,147,10,140,19.5,829751
MJ McClenaghan,12,4,192,9,180,19.5,829795
MJ McClenaghan,2,2,108,10,83,19.0,980901
MJ McClenaghan,20,8,178,4,77,10.333333333333334,980909
MJ McClenaghan,0,0,0,10,131,20.0,980917
MJ McClenaghan,8,9,86,10,56,11.333333333333334,980973
MJ McClenaghan,4,4,116,10,96,17.5,980985
MJ McClenaghan,0,0,0,10,176,20.166666666666668,1082592
MJ McClenaghan,0,1,132,4,5,2.5,1082602
MJ McClenaghan,1,1,126,9,116,19.166666666666668,1082614
MJ McClenaghan,0,0,0,9,144,19.833333333333332,1082618
MJ McClenaghan,1,1,152,9,141,19.0,1082625
MJ McClenaghan,2,1,128,9,126,20.166666666666668,1082638
MJ McClenaghan,12,11,133,8,94,14.666666666666666,1082647
MJ McClenaghan,0,0,196,8,192,20.166666666666668,1136574
MJ McClenaghan,0,1,162,8,154,18.833333333333332,1136581
MJ McClenaghan,0,2,85,8,76,15.0,1136583
MJ McClenaghan,0,0,0,9,120,19.333333333333332,1136591
MJ McClenaghan,10,6,174,9,154,17.833333333333332,1136610
MJ McClenaghan,10,8,167,9,146,16.666666666666668,1175358
MJ McClenaghan,1,4,175,8,139,16.666666666666668,1175362
MJ McClenaghan,0,2,169,8,157,18.666666666666668,1175364
MJ McClenaghan,0,2,146,9,137,18.833333333333332,1181768
DJ Muthuswami,0,0,0,11,132,19.666666666666668,829707
DJ Muthuswami,1,3,87,11,84,17.666666666666668,829757
PJ Cummins,0,2,127,8,97,17.0,829765
PJ Cummins,6,6,137,8,108,15.0,1082595
PJ Cummins,12,6,177,8,140,18.0,1082605
PJ Cummins,3,4,165,8,151,18.5,1082608
PJ Cummins,4,5,120,9,109,18.833333333333332,1082614
PJ Cummins,0,0,0,8,152,20.0,1082622
PJ Cummins,10,10,63,7,34,6.0,1082635
PJ Cummins,24,13,194,8,120,14.0,1082640
PJ Cummins,11,6,161,7,120,15.5,1082642
PJ Cummins,7,3,143,7,98,15.5,1082646
PJ Cummins,4,17,81,7,29,8.833333333333334,1216494
PJ Cummins,0,0,0,7,187,20.0,1216497
PJ Cummins,17,9,157,8,132,17.0,1216501
PJ Cummins,12,10,163,7,110,14.666666666666666,1216504
PJ Cummins,33,12,141,8,98,15.833333333333334,1216508
PJ Cummins,5,4,196,7,107,13.0,1216515
PJ Cummins,1,8,143,8,110,14.5,1216520
PJ Cummins,5,4,155,7,145,18.5,1216523
PJ Cummins,53,36,141,7,56,10.833333333333334,1216526
PJ Cummins,15,11,184,8,140,15.666666666666666,1216530
PJ Cummins,1,3,106,8,81,14.0,1216540
PJ Cummins,0,1,130,8,128,19.666666666666668,1254062
PJ Cummins,6,2,162,8,151,18.0,1254067
PJ Cummins,66,34,188,8,106,11.5,1254072
PJ Cummins,10,6,123,8,108,18.0,1254075
PJ Cummins,11,13,147,8,107,16.5,1254082
PJ Cummins,54,14,157,7,99,13.333333333333334,1304060
PJ Cummins,4,3,165,7,128,14.833333333333334,1304065
PJ Cummins,3,3,166,8,134,17.5,1304071
PJ Cummins,0,1,197,9,168,17.166666666666668,1304076
PJ Cummins,0,2,154,8,146,17.333333333333332,1304102
PJ Cummins,0,1,197,9,197,20.0,1422121
PJ Cummins,2,2,158,9,155,19.666666666666668,1422130
PJ Cummins,3,4,175,9,147,17.0,1426261
PJ Cummins,1,1,261,8,245,19.333333333333332,1426273
PJ Cummins,31,15,160,8,80,9.333333333333334,1426279
PJ Cummins,5,7,131,9,116,16.5,1426284
PJ Cummins,32,16,152,9,111,16.166666666666668,1426293
PJ Cummins,30,24,147,9,109,13.666666666666666,1426309
PJ Cummins,5,5,167,9,156,18.333333333333332,1426311
PJ Cummins,24,19,100,9,69,13.0,1426312
SN Thakur,7,6,110,9,94,18.333333333333332,829767
SN Thakur,0,1,166,8,162,19.333333333333332,1082603
SN Thakur,0,1,148,8,119,17.333333333333332,1082607
SN Thakur,0,1,141,9,141,19.666666666666668,1082634
SN Thakur,15,5,135,10,109,18.0,1136617
SN Thakur,12,5,117,9,99,18.0,1175370
SN Thakur,0,0,0,9,118,19.166666666666668,1178414
SN Thakur,2,2,139,8,137,19.833333333333332,1181768
SN Thakur,11,20,102,9,36,9.0,1216521
SN Thakur,1,1,127,10,121,19.166666666666668,1216525
SN Thakur,0,0,173,10,161,19.333333333333332,1254069
SN Thakur,3,2,167,9,163,19.333333333333332,1254098
SN Thakur,1,1,145,9,134,19.666666666666668,1254104
SN Thakur,0,1,169,4,111,13.666666666666666,1254114
SN Thakur,22,11,168,7,67,10.0,1304048
SN Thakur,2,5,146,8,120,15.0,1304056
SN Thakur,29,11,198,7,150,17.0,1304065
SN Thakur,17,9,168,7,112,15.166666666666666,1304073
SN Thakur,10,7,194,7,116,13.166666666666666,1304080
SN Thakur,8,14,138,8,102,15.166666666666666,1304087
SN Thakur,1,2,186,8,144,16.333333333333332,1304091
SN Thakur,24,19,113,8,82,10.333333333333334,1304101
SN Thakur,3,4,150,8,141,18.5,1304110
SN Thakur,4,5,145,8,131,18.5,1304115
SN Thakur,8,3,133,8,117,15.0,1359476
SN Thakur,68,29,168,7,67,11.666666666666666,1359483
SN Thakur,0,1,203,8,153,16.5,1359487
SN Thakur,12,7,189,8,150,16.666666666666668,1359493
SN Thakur,13,11,171,5,62,8.333333333333334,1359496
SN Thakur,0,4,176,3,22,3.0,1359513
SN Thakur,8,6,159,8,119,15.666666666666666,1359521
SN Thakur,0,0,0,7,174,20.0,1359527
SN Thakur,1,2,146,7,124,16.333333333333332,1359530
SN Thakur,3,7,166,7,115,15.833333333333334,1359542
SN Thakur,17,11,161,8,120,16.166666666666668,1426291
SN Thakur,3,4,189,10,162,18.0,1426297
SN Thakur,1,2,172,9,171,19.5,1426306
JC Buttler,0,2,108,4,24,4.0,980901
JC Buttler,41,22,178,5,99,12.0,980909
JC Buttler,16,21,133,4,18,3.6666666666666665,980917
JC Buttler,11,11,134,5,40,7.333333333333333,980923
JC Buttler,28,14,166,4,79,10.5,980927
JC Buttler,2,6,151,5,103,12.833333333333334,980933
JC Buttler,24,13,184,4,133,14.666666666666666,980941
JC Buttler,15,15,173,5,76,9.166666666666666,980947
JC Buttler,27,17,155,4,90,11.833333333333334,980957
JC Buttler,2,2,86,5,28,3.8333333333333335,980973
JC Buttler,28,10,141,6,92,15.5,980981
JC Buttler,9,10,116,5,32,9.0,980985
JC Buttler,18,9,199,5,168,17.5,980993
JC Buttler,33,31,160,5,45,5.166666666666667,981007
JC Buttler,38,19,176,2,0,0.16666666666666666,1082592
JC Buttler,28,22,168,2,0,0.16666666666666666,1082597
JC Buttler,14,11,155,2,0,0.16666666666666666,1082600
JC Buttler,2,5,132,2,0,0.16666666666666666,1082602
JC Buttler,26,24,164,2,0,0.16666666666666666,1082606
JC Buttler,77,37,191,2,0,0.16666666666666666,1082612
JC Buttler,28,18,126,2,0,0.16666666666666666,1082614
JC Buttler,17,13,151,2,0,0.16666666666666666,1082618
JC Buttler,9,7,152,2,0,0.16666666666666666,1082625
JC Buttler,33,21,158,2,0,0.16666666666666666,1082628
JC Buttler,6,9,117,6,87,13.5,1136564
JC Buttler,29,18,150,5,90,11.166666666666666,1136566
JC Buttler,23,14,202,5,96,12.5,1136571
JC Buttler,23,17,154,6,105,14.166666666666666,1136575
JC Buttler,22,17,132,5,30,4.666666666666667,1136577
JC Buttler,6,8,161,5,106,14.333333333333334,1136581
JC Buttler,10,11,139,5,72,10.5,1136588
JC Buttler,67,26,142,2,0,0.16666666666666666,1136592
JC Buttler,51,39,144,1,0,0.16666666666666666,1136598
JC Buttler,82,58,154,2,0,0.16666666666666666,1136600
JC Buttler,95,60,174,1,0,0.16666666666666666,1136603
JC Buttler,94,53,161,2,0,0.16666666666666666,1136607
JC Buttler,39,22,140,2,0,0.16666666666666666,1136609
JC Buttler,69,43,163,2,0,0.16666666666666666,1175359
JC Buttler,5,8,192,2,0,0.16666666666666666,1175363
JC Buttler,6,7,156,2,0,0.16666666666666666,1175367
JC Buttler,59,43,154,2,0,0.16666666666666666,1175369
JC Buttler,37,34,128,2,0,0.16666666666666666,1178396
JC Buttler,23,10,144,2,0,0.16666666666666666,1178400
JC Buttler,89,43,184,2,0,0.16666666666666666,1178402
JC Buttler,23,17,160,2,0,0.16666666666666666,1178407
JC Buttler,13,8,128,2,0,0.16666666666666666,1216500
JC Buttler,21,16,130,1,0,0.16666666666666666,1216504
JC Buttler,16,13,157,2,0,0.16666666666666666,1216507
JC Buttler,70,44,134,2,0,0.16666666666666666,1216511
JC Buttler,22,12,151,1,0,0.16666666666666666,1216514
JC Buttler,9,12,151,4,85,11.833333333333334,1216518
JC Buttler,24,25,159,5,65,8.0,1216522
JC Buttler,4,7,218,1,0,0.16666666666666666,1216527
JC Buttler,35,22,126,5,29,3.1666666666666665,1216530
JC Buttler,70,48,119,5,23,4.666666666666667,1216533
JC Buttler,22,11,181,5,143,14.5,1216537
JC Buttler,22,9,142,2,0,0.16666666666666666,1216543
JC Buttler,25,13,207,4,24,3.5,1254061
JC Buttler,2,7,147,1,0,0.16666666666666666,1254064
JC Buttler,43,34,124,1,0,0.16666666666666666,1254069
JC Buttler,8,8,164,1,0,0.16666666666666666,1254073
JC Buttler,5,7,119,1,0,0.16666666666666666,1254075
JC Buttler,41,32,165,1,0,0.16666666666666666,1254081
JC Buttler,118,63,200,1,0,0.16666666666666666,1254085
JC Buttler,31,26,191,1,0,0.16666666666666666,1304051
JC Buttler,100,68,182,1,0,0.16666666666666666,1304055
JC Buttler,70,46,161,1,0,0.16666666666666666,1304059
JC Buttler,13,11,156,1,0,0.16666666666666666,1304066
JC Buttler,54,24,152,1,0,0.16666666666666666,1304070
JC Buttler,102,60,200,1,0,0.16666666666666666,1304076
JC Buttler,116,65,217,1,0,0.16666666666666666,1304080
JC Buttler,8,9,141,1,0,0.16666666666666666,1304085
JC Buttler,67,52,145,1,0,0.16666666666666666,1304090
JC Buttler,22,25,142,1,0,0.16666666666666666,1304093
JC Buttler,30,16,183,2,0,0.16666666666666666,1304098
JC Buttler,7,11,154,2,0,0.16666666666666666,1304104
JC Buttler,2,6,170,2,0,0.16666666666666666,1304109
JC Buttler,2,5,135,2,0,0.16666666666666666,1304114
JC Buttler,88,55,176,2,0,0.16666666666666666,1312197
JC Buttler,106,60,161,2,0,0.16666666666666666,1312199
JC Buttler,39,35,128,2,0,0.16666666666666666,1312200
JC Buttler,54,22,195,2,0,0.16666666666666666,1359478
JC Buttler,19,11,182,3,11,2.0,1359482
JC Buttler,79,51,193,2,0,0.16666666666666666,1359485
JC Buttler,52,36,165,2,0,0.16666666666666666,1359491
JC Buttler,0,5,176,2,0,0.16666666666666666,1359497
JC Buttler,36,40,128,2,0,0.16666666666666666,1359500
JC Buttler,0,2,171,2,0,0.16666666666666666,1359506
JC Buttler,27,21,191,2,0,0.16666666666666666,1359511
JC Buttler,18,19,181,2,0,0.16666666666666666,1359516
JC Buttler,8,6,110,2,0,0.16666666666666666,1359522
JC Buttler,95,59,203,2,0,0.16666666666666666,1359526
JC Buttler,0,3,146,2,0,0.16666666666666666,1359530
JC Buttler,0,2,56,2,0,0.16666666666666666,1359534
JC Buttler,0,4,180,2,0,0.16666666666666666,1359540
JC Buttler,11,9,185,2,0,0.16666666666666666,1422122
JC Buttler,11,16,178,2,0,0.16666666666666666,1422127
JC Buttler,13,16,113,2,0,0.16666666666666666,1422132
JC Buttler,100,58,186,2,0,0.16666666666666666,1422137
JC Buttler,8,10,189,2,0,0.16666666666666666,1426262
JC Buttler,107,59,208,2,0,0.16666666666666666,1426269
JC Buttler,35,25,176,2,0,0.16666666666666666,1426276
JC Buttler,34,18,195,2,0,0.16666666666666666,1426282
JC Buttler,0,1,186,2,0,0.16666666666666666,1426288
JC Buttler,19,17,186,2,0,0.16666666666666666,1426294
JC Buttler,21,25,136,2,0,0.16666666666666666,1426299
CR Brathwaite,6,4,86,7,53,10.166666666666666,980903
CR Brathwaite,34,11,176,7,129,16.833333333333332,980951
CR Brathwaite,20,8,150,6,100,14.833333333333334,980965
CR Brathwaite,12,6,163,5,126,15.666666666666666,980971
CR Brathwaite,10,7,147,5,108,16.333333333333332,981003
CR Brathwaite,1,2,131,7,90,14.833333333333334,981011
CR Brathwaite,1,5,137,7,102,13.166666666666666,1082595
CR Brathwaite,11,10,194,7,104,11.833333333333334,1082640
CR Brathwaite,3,4,161,6,138,16.5,1136614
CR Brathwaite,43,29,130,7,66,11.666666666666666,1136617
CR Brathwaite,8,4,169,7,121,17.0,1136619
CR Brathwaite,21,11,169,7,138,17.166666666666668,1136620
CR Brathwaite,6,7,172,7,116,15.333333333333334,1178401
CR Brathwaite,4,2,164,7,111,17.0,1178418
MP Stoinis,33,22,154,6,98,12.166666666666666,980905
MP Stoinis,27,17,150,2,0,0.16666666666666666,980955
MP Stoinis,0,3,145,2,0,0.16666666666666666,980963
MP Stoinis,52,44,173,2,0,0.16666666666666666,980971
MP Stoinis,34,22,169,5,84,11.166666666666666,980977
MP Stoinis,9,12,148,3,43,5.333333333333333,1082601
MP Stoinis,1,3,180,5,151,16.666666666666668,1082612
MP Stoinis,7,9,183,5,124,14.166666666666666,1082616
MP Stoinis,21,14,165,6,138,15.833333333333334,1136562
MP Stoinis,11,9,149,6,92,11.333333333333334,1136568
MP Stoinis,29,15,164,6,124,16.166666666666668,1136594
MP Stoinis,23,16,152,6,85,13.0,1136598
MP Stoinis,11,16,136,8,75,13.666666666666666,1136600
MP Stoinis,2,3,83,5,40,5.5,1136608
MP Stoinis,1,2,174,4,140,16.333333333333332,1136610
MP Stoinis,31,28,152,5,70,10.333333333333334,1175369
MP Stoinis,28,13,200,4,170,17.333333333333332,1175372
MP Stoinis,15,17,144,4,37,6.166666666666667,1178395
MP Stoinis,28,16,173,4,127,15.666666666666666,1178403
MP Stoinis,0,2,163,5,138,17.333333333333332,1178406
MP Stoinis,17,8,207,5,145,16.166666666666668,1178410
MP Stoinis,14,13,157,5,98,12.833333333333334,1178414
MP Stoinis,46,34,191,6,76,9.166666666666666,1178417
MP Stoinis,32,24,166,7,109,13.166666666666666,1178421
MP Stoinis,0,1,59,3,35,1.8333333333333335,1178424
MP Stoinis,52,20,147,6,82,14.166666666666666,1216493
MP Stoinis,6,6,129,6,90,13.5,1216497
MP Stoinis,39,30,166,5,43,6.166666666666667,1216500
MP Stoinis,10,5,148,6,132,17.5,1216505
MP Stoinis,24,14,181,5,92,11.666666666666666,1216509
MP Stoinis,1,3,226,5,199,18.0,1216515
MP Stoinis,53,25,180,5,89,11.666666666666666,1216519
MP Stoinis,5,6,122,3,1,0.6666666666666666,1216524
MP Stoinis,13,8,157,5,106,14.833333333333334,1216529
MP Stoinis,11,9,136,6,96,15.333333333333334,1216532
MP Stoinis,2,3,105,5,47,10.5,1216535
MP Stoinis,5,3,167,5,157,19.166666666666668,1216539
MP Stoinis,18,19,149,5,86,12.0,1216543
MP Stoinis,9,10,160,5,103,13.833333333333334,1216546
MP Stoinis,65,46,137,5,0,1.5,1237177
MP Stoinis,38,27,175,1,0,0.16666666666666666,1237180
MP Stoinis,0,1,152,1,0,0.16666666666666666,1237181
MP Stoinis,14,9,186,4,164,16.833333333333332,1254059
MP Stoinis,0,5,142,5,34,6.0,1254064
MP Stoinis,27,12,182,5,144,15.166666666666666,1254068
MP Stoinis,2,2,154,6,141,19.166666666666668,1254077
MP Stoinis,22,17,164,5,43,7.5,1254079
MP Stoinis,6,3,150,4,140,15.5,1254082
MP Stoinis,18,23,129,3,32,4.333333333333333,1254116
MP Stoinis,38,17,157,8,99,15.666666666666666,1304066
MP Stoinis,10,9,191,4,122,13.5,1304072
MP Stoinis,24,15,148,7,98,13.833333333333334,1304077
MP Stoinis,0,3,160,4,84,12.0,1304083
MP Stoinis,1,4,141,5,92,13.666666666666666,1304088
MP Stoinis,17,16,178,4,129,14.666666666666666,1304091
MP Stoinis,28,14,172,6,121,15.0,1304099
MP Stoinis,2,2,79,7,59,11.0,1304103
MP Stoinis,27,17,139,6,85,13.333333333333334,1304109
MP Stoinis,9,9,171,5,127,14.833333333333334,1312198
MP Stoinis,12,10,185,5,99,11.666666666666666,1359477
MP Stoinis,21,18,187,5,75,7.5,1359480
MP Stoinis,10,13,110,5,88,12.5,1359484
MP Stoinis,65,30,197,5,17,4.166666666666667,1359489
MP Stoinis,15,11,147,6,103,14.833333333333334,1359495
MP Stoinis,21,16,148,5,93,13.5,1359500
MP Stoinis,0,1,126,6,124,19.5,1359504
MP Stoinis,72,40,235,4,64,6.333333333333333,1359512
MP Stoinis,13,19,101,5,19,4.333333333333333,1359517
MP Stoinis,6,4,119,5,27,6.0,1359519
MP Stoinis,4,9,163,4,109,12.5,1359525
MP Stoinis,40,25,179,4,52,8.5,1359532
MP Stoinis,89,47,167,5,34,6.333333333333333,1359537
MP Stoinis,0,2,164,4,50,6.666666666666667,1359542
MP Stoinis,40,27,91,4,21,3.5,1370351
MP Stoinis,3,4,159,7,135,16.333333333333332,1422122
MP Stoinis,19,12,192,4,44,5.333333333333333,1422129
MP Stoinis,24,15,171,4,69,9.5,1422133
MP Stoinis,58,43,158,4,14,2.5,1422139
MP Stoinis,8,10,157,4,38,4.666666666666667,1426264
MP Stoinis,10,5,153,5,75,10.5,1426266
MP Stoinis,8,7,167,4,153,17.333333333333332,1426272
MP Stoinis,116,61,195,3,0,0.6666666666666666,1426277
MP Stoinis,0,4,172,3,8,0.6666666666666666,1426282
MP Stoinis,62,45,134,3,1,0.8333333333333334,1426286
MP Stoinis,36,21,130,3,20,2.1666666666666665,1426292
MP Stoinis,3,5,161,3,13,2.3333333333333335,1426295
MP Stoinis,5,7,183,3,7,1.0,1426302
MP Stoinis,28,22,203,3,1,0.6666666666666666,1426305
Ishan Kishan,11,8,156,6,128,14.666666666666666,980905
Ishan Kishan,2,6,169,6,129,14.666666666666666,980945
Ishan Kishan,0,1,189,8,186,19.833333333333332,980949
Ishan Kishan,27,24,127,7,37,7.166666666666667,980955
Ishan Kishan,2,2,143,8,133,19.166666666666668,980961
Ishan Kishan,11,14,157,4,75,11.333333333333334,1082606
Ishan Kishan,39,16,184,7,130,14.833333333333334,1082610
Ishan Kishan,4,11,183,5,77,7.5,1082613
Ishan Kishan,16,11,127,1,0,0.16666666666666666,1082621
Ishan Kishan,48,35,141,1,0,0.16666666666666666,1082625
Ishan Kishan,31,24,154,1,0,0.16666666666666666,1082629
Ishan Kishan,4,6,203,6,156,14.333333333333334,1082632
Ishan Kishan,29,23,186,2,0,0.16666666666666666,1082637
Ishan Kishan,34,25,184,2,0,0.16666666666666666,1082640
Ishan Kishan,61,40,148,2,0,0.16666666666666666,1082643
Ishan Kishan,40,29,161,3,7,2.3333333333333335,1136561
Ishan Kishan,9,9,139,3,11,2.1666666666666665,1136567
Ishan Kishan,44,23,184,3,95,9.166666666666666,1136569
Ishan Kishan,0,1,196,3,0,0.3333333333333333,1136574
Ishan Kishan,58,42,162,3,1,0.8333333333333334,1136581
Ishan Kishan,0,3,85,3,11,3.0,1136583
Ishan Kishan,0,1,130,2,0,0.16666666666666666,1136591
Ishan Kishan,25,19,170,3,38,5.833333333333333,1136594
Ishan Kishan,62,21,202,4,60,9.166666666666666,1136601
Ishan Kishan,12,11,159,4,83,11.0,1136607
Ishan Kishan,20,12,174,3,35,3.3333333333333335,1136610
Ishan Kishan,5,13,156,3,12,0.8333333333333334,1136615
Ishan Kishan,17,21,130,4,28,5.166666666666667,1178394
Ishan Kishan,7,10,180,5,62,9.0,1178399
Ishan Kishan,5,3,183,6,161,18.666666666666668,1178402
Ishan Kishan,21,9,166,4,69,7.833333333333333,1178406
Ishan Kishan,28,31,124,4,18,3.5,1181764
Ishan Kishan,23,26,146,4,44,5.5,1181768
Ishan Kishan,33,30,148,4,39,4.833333333333333,1216495
Ishan Kishan,25,19,158,2,0,0.16666666666666666,1216499
Ishan Kishan,28,32,185,4,20,4.166666666666667,1216503
Ishan Kishan,0,1,177,4,82,9.333333333333334,1216511
Ishan Kishan,7,7,169,4,22,3.6666666666666665,1216517
Ishan Kishan,68,37,114,2,0,0.16666666666666666,1216521
Ishan Kishan,28,15,162,4,76,10.0,1216529
Ishan Kishan,72,47,110,1,0,0.16666666666666666,1216535
Ishan Kishan,30,22,203,4,46,6.0,1216538
Ishan Kishan,37,36,186,1,0,0.16666666666666666,1216541
Ishan Kishan,99,58,196,4,15,2.5,1216547
Ishan Kishan,55,30,196,4,75,7.833333333333333,1237177
Ishan Kishan,33,19,153,4,86,11.0,1237181
Ishan Kishan,28,19,150,4,91,11.166666666666666,1254058
Ishan Kishan,1,3,145,4,84,10.666666666666666,1254062
Ishan Kishan,12,21,138,4,64,8.666666666666666,1254066
Ishan Kishan,26,28,132,4,62,7.166666666666667,1254070
Ishan Kishan,6,17,125,3,7,2.1666666666666665,1254074
Ishan Kishan,84,32,224,2,0,0.16666666666666666,1254088
Ishan Kishan,48,23,88,2,0,0.16666666666666666,1254093
Ishan Kishan,13,12,143,4,85,12.333333333333334,1254096
Ishan Kishan,11,10,132,4,35,5.166666666666667,1254104
Ishan Kishan,9,12,102,3,52,6.833333333333333,1254108
Ishan Kishan,81,48,174,2,0,0.16666666666666666,1304048
Ishan Kishan,50,42,155,1,0,0.16666666666666666,1304055
Ishan Kishan,14,21,158,2,0,0.16666666666666666,1304060
Ishan Kishan,26,28,145,1,0,0.16666666666666666,1304064
Ishan Kishan,3,6,181,2,0,0.16666666666666666,1304069
Ishan Kishan,13,17,166,1,0,0.16666666666666666,1304072
Ishan Kishan,0,1,150,2,0,0.16666666666666666,1304079
Ishan Kishan,8,20,118,1,0,0.16666666666666666,1304083
Ishan Kishan,26,18,150,2,0,0.16666666666666666,1304090
Ishan Kishan,45,29,170,1,0,0.16666666666666666,1304097
Ishan Kishan,51,43,103,2,0,0.16666666666666666,1304102
Ishan Kishan,6,5,93,1,0,0.16666666666666666,1304105
Ishan Kishan,43,34,172,2,0,0.16666666666666666,1304111
Ishan Kishan,48,35,155,1,0,0.16666666666666666,1304115
Ishan Kishan,10,13,159,2,0,0.16666666666666666,1359479
Ishan Kishan,32,21,149,2,0,0.16666666666666666,1359486
Ishan Kishan,31,26,167,2,0,0.16666666666666666,1359490
Ishan Kishan,58,25,182,2,0,0.16666666666666666,1359496
Ishan Kishan,38,31,190,2,0,0.16666666666666666,1359499
Ishan Kishan,1,4,198,2,0,0.16666666666666666,1359505
Ishan Kishan,13,21,147,2,0,0.16666666666666666,1359509
Ishan Kishan,28,23,200,2,0,0.16666666666666666,1359516
Ishan Kishan,75,41,209,2,0,0.16666666666666666,1359520
Ishan Kishan,7,9,131,2,0,0.16666666666666666,1359523
Ishan Kishan,42,21,180,1,0,0.16666666666666666,1359528
Ishan Kishan,31,20,216,1,0,0.16666666666666666,1359531
Ishan Kishan,59,39,156,1,0,0.16666666666666666,1359537
Ishan Kishan,14,12,182,1,0,0.16666666666666666,1359543
Ishan Kishan,15,12,166,1,0,0.16666666666666666,1370351
Ishan Kishan,0,4,159,1,0,0.16666666666666666,1422123
Ishan Kishan,34,13,234,2,0,0.16666666666666666,1422126
Ishan Kishan,16,14,118,1,0,0.16666666666666666,1422132
Ishan Kishan,42,23,214,2,0,0.16666666666666666,1422138
Ishan Kishan,69,34,196,1,0,0.16666666666666666,1426263
Ishan Kishan,23,15,179,2,0,0.16666666666666666,1426267
Ishan Kishan,8,8,181,1,0,0.16666666666666666,1426271
Ishan Kishan,0,3,169,2,0,0.16666666666666666,1426276
Ishan Kishan,20,14,230,1,0,0.16666666666666666,1426281
Ishan Kishan,31,35,134,1,0,0.16666666666666666,1426286
Ishan Kishan,13,7,135,1,0,0.16666666666666666,1426289
Ishan Kishan,9,7,152,1,0,0.16666666666666666,1426293
Ishan Kishan,40,22,127,1,0,0.16666666666666666,1426298
Ishan Kishan,14,15,185,4,85,9.5,1426305
C Munro,4,5,177,6,161,18.333333333333332,980909
C Munro,10,8,167,3,32,3.8333333333333335,981009
C Munro,16,17,131,3,15,2.0,981015
C Munro,4,6,160,1,0,0.16666666666666666,1136562
C Munro,0,0,0,2,0,0.16666666666666666,1136566
C Munro,33,18,214,2,0,0.16666666666666666,1136586
C Munro,26,16,190,2,0,0.16666666666666666,1136590
C Munro,0,1,189,2,0,0.16666666666666666,1136592
C Munro,40,24,144,3,11,2.0,1178405
C Munro,3,9,120,3,49,6.666666666666667,1178409
C Munro,14,13,159,5,83,11.166666666666666,1181766
C Munro,27,24,138,3,20,2.6666666666666665,1181767
P Sahu,18,12,107,10,86,17.333333333333332,980913
P Sahu,1,1,131,9,108,18.166666666666668,980925
KH Pandya,20,11,133,8,83,16.0,980917
KH Pandya,49,28,134,6,56,10.833333333333334,980923
KH Pandya,36,17,151,4,62,8.666666666666666,980933
KH Pandya,0,0,0,7,184,20.0,980941
KH Pandya,6,5,173,4,65,7.0,980947
KH Pandya,17,11,86,4,5,1.3333333333333333,980973
KH Pandya,19,12,116,7,53,13.666666666666666,980985
KH Pandya,86,37,199,3,46,6.666666666666667,980993
KH Pandya,4,3,160,4,41,4.666666666666667,981007
KH Pandya,3,5,176,6,89,11.333333333333334,1082592
KH Pandya,11,6,168,5,66,10.0,1082597
KH Pandya,37,20,155,6,107,13.833333333333334,1082600
KH Pandya,37,30,132,7,30,8.166666666666666,1082602
KH Pandya,17,16,126,6,50,8.333333333333334,1082614
KH Pandya,29,20,152,6,108,14.0,1082625
KH Pandya,2,2,158,6,95,13.166666666666666,1082628
KH Pandya,0,1,156,7,155,19.833333333333332,1082644
KH Pandya,15,11,133,7,73,11.333333333333334,1082647
KH Pandya,45,30,103,5,29,5.833333333333333,1082649
KH Pandya,47,38,121,5,40,7.5,1082650
KH Pandya,41,22,161,6,111,14.833333333333334,1136561
KH Pandya,15,10,139,5,49,6.166666666666667,1136567
KH Pandya,11,10,184,6,158,16.0,1136569
KH Pandya,15,12,196,5,97,11.5,1136574
KH Pandya,7,6,162,6,132,15.833333333333334,1136581
KH Pandya,24,20,85,5,20,5.5,1136583
KH Pandya,23,19,130,7,70,12.166666666666666,1136591
KH Pandya,31,12,170,6,119,15.666666666666666,1136594
KH Pandya,14,11,175,5,125,14.5,1136597
KH Pandya,8,2,202,7,171,18.5,1136601
KH Pandya,3,7,159,6,114,14.5,1136607
KH Pandya,32,23,174,5,56,5.833333333333333,1136610
KH Pandya,4,3,156,6,72,9.333333333333334,1136615
KH Pandya,32,15,167,7,92,11.5,1175358
KH Pandya,1,2,175,6,136,15.666666666666666,1175362
KH Pandya,10,5,169,7,143,17.333333333333332,1175364
KH Pandya,42,32,158,5,48,8.666666666666666,1175370
KH Pandya,6,13,130,5,43,8.5,1178394
KH Pandya,1,2,180,7,127,15.333333333333334,1178399
KH Pandya,0,0,0,7,173,19.5,1178402
KH Pandya,11,21,166,5,102,10.666666666666666,1178406
KH Pandya,37,26,156,5,66,10.0,1178409
KH Pandya,2,2,152,7,143,19.333333333333332,1178411
KH Pandya,1,3,151,4,96,12.333333333333334,1178419
KH Pandya,24,18,192,7,119,13.5,1178422
KH Pandya,9,3,154,7,143,19.333333333333332,1178426
KH Pandya,0,1,124,5,93,14.166666666666666,1181764
KH Pandya,7,7,146,5,79,11.5,1181768
KH Pandya,3,3,157,7,120,15.0,1216492
KH Pandya,0,3,148,5,80,11.333333333333334,1216495
KH Pandya,10,10,158,5,70,10.833333333333334,1216499
KH Pandya,1,3,181,7,168,18.666666666666668,1216508
KH Pandya,12,17,177,5,82,9.5,1216511
KH Pandya,34,30,169,5,36,5.333333333333333,1216517
KH Pandya,12,7,162,7,148,17.666666666666668,1216529
KH Pandya,20,4,203,7,183,19.5,1216538
KH Pandya,3,4,186,7,156,18.333333333333332,1216541
KH Pandya,0,0,0,7,192,20.0,1216547
KH Pandya,13,10,196,6,98,12.5,1237177
KH Pandya,1,1,153,7,152,18.666666666666668,1237181
KH Pandya,3,6,150,7,141,17.833333333333332,1254058
KH Pandya,15,9,145,7,121,16.5,1254062
KH Pandya,3,3,138,7,119,18.833333333333332,1254066
KH Pandya,1,5,132,6,72,9.166666666666666,1254070
KH Pandya,3,3,125,7,116,19.0,1254074
KH Pandya,39,26,155,4,77,9.5,1254081
KH Pandya,32,23,211,4,74,8.833333333333334,1254084
KH Pandya,9,7,224,7,141,13.166666666666666,1254088
KH Pandya,12,9,143,6,112,16.5,1254096
KH Pandya,4,5,132,7,86,13.333333333333334,1254104
KH Pandya,5,11,102,5,75,10.666666666666666,1254108
KH Pandya,13,15,122,7,82,14.333333333333334,1254112
KH Pandya,21,13,154,7,113,16.0,1304050
KH Pandya,6,3,165,7,143,18.333333333333332,1304058
KH Pandya,19,14,143,5,110,16.166666666666668,1304061
KH Pandya,22,15,157,7,72,12.166666666666666,1304066
KH Pandya,1,1,191,6,190,19.833333333333332,1304072
KH Pandya,42,28,148,4,32,5.166666666666667,1304077
KH Pandya,1,2,160,5,96,13.666666666666666,1304083
KH Pandya,7,7,141,4,86,13.0,1304088
KH Pandya,9,6,178,5,162,19.0,1304091
KH Pandya,25,27,172,4,73,7.5,1304099
KH Pandya,5,5,79,5,32,6.0,1304103
KH Pandya,25,23,139,5,23,5.666666666666667,1304109
KH Pandya,0,1,171,7,159,19.333333333333332,1312198
KH Pandya,15,13,185,4,97,11.166666666666666,1359477
KH Pandya,9,9,187,4,75,7.166666666666667,1359480
KH Pandya,34,23,110,4,38,6.166666666666667,1359484
KH Pandya,0,2,197,4,17,4.0,1359489
KH Pandya,18,17,147,4,61,8.833333333333334,1359495
KH Pandya,4,2,148,7,143,19.666666666666668,1359500
KH Pandya,23,23,126,3,55,6.666666666666667,1359504
KH Pandya,5,2,235,7,230,19.833333333333332,1359512
KH Pandya,14,11,101,3,0,0.5,1359517
KH Pandya,0,1,119,4,27,5.833333333333333,1359519
KH Pandya,0,1,163,8,158,19.166666666666668,1359525
KH Pandya,49,42,167,4,12,2.5,1359537
KH Pandya,9,8,164,5,50,7.0,1359542
KH Pandya,8,11,91,3,12,2.0,1370351
KH Pandya,3,5,159,8,144,17.666666666666668,1422122
KH Pandya,43,22,192,7,143,15.333333333333334,1422129
KH Pandya,0,0,0,7,139,18.166666666666668,1422133
KH Pandya,2,2,158,7,138,18.333333333333332,1422139
KH Pandya,3,4,157,8,84,12.166666666666666,1426264
KH Pandya,7,8,153,7,106,14.833333333333334,1426266
KH Pandya,15,11,172,7,151,17.5,1426282
KH Pandya,1,1,134,8,123,18.333333333333332,1426286
KH Pandya,5,6,130,8,102,12.666666666666666,1426292
KH Pandya,24,21,161,4,20,4.5,1426295
KH Pandya,18,18,183,7,69,7.666666666666667,1426302
KH Pandya,12,7,203,8,169,17.333333333333332,1426305
AD Nath,12,11,136,6,77,12.5,980917
AD Nath,5,10,130,7,112,17.0,980929
AD Nath,3,6,91,7,44,8.0,980987
AD Nath,0,1,155,7,100,13.166666666666666,1082616
AD Nath,9,13,136,5,18,3.8333333333333335,1136600
AD Nath,19,12,144,6,99,14.666666666666666,1178395
AD Nath,2,3,163,6,145,18.0,1178406
AD Nath,13,15,207,3,17,3.5,1178410
AD Nath,24,20,157,4,57,7.0,1178414
AD Nath,3,7,191,5,71,7.666666666666667,1178417
MJ Guptill,2,4,134,1,0,0.16666666666666666,980923
MJ Guptill,48,42,199,2,0,0.16666666666666666,980993
MJ Guptill,7,9,160,2,0,0.16666666666666666,981007
MJ Guptill,23,11,176,1,0,0.16666666666666666,1082623
MJ Guptill,50,27,66,1,0,0.16666666666666666,1082626
MJ Guptill,9,10,126,2,0,0.16666666666666666,1082633
MJ Guptill,2,5,186,1,0,0.16666666666666666,1082637
MJ Guptill,12,16,155,1,0,0.16666666666666666,1082639
MJ Guptill,30,17,204,1,0,0.16666666666666666,1082641
MJ Guptill,0,1,70,1,0,0.16666666666666666,1082645
MJ Guptill,15,11,159,2,0,0.16666666666666666,1178426
MJ Guptill,30,23,169,2,0,0.16666666666666666,1178429
MJ Guptill,36,19,146,2,0,0.16666666666666666,1181766
KJ Abbott,12,6,131,10,111,18.666666666666668,980925
KJ Abbott,0,1,114,8,74,8.5,980999
KJ Abbott,1,1,168,9,156,19.333333333333332,981005
TM Head,37,24,157,5,86,11.166666666666666,980927
TM Head,5,8,188,5,138,15.666666666666666,980969
TM Head,11,7,171,6,154,18.0,980977
TM Head,30,22,165,3,50,5.833333333333333,1082591
TM Head,30,16,209,3,119,12.833333333333334,1082610
TM Head,0,1,122,4,18,4.333333333333333,1082621
TM Head,2,5,92,1,0,0.16666666666666666,1082624
TM Head,12,15,158,3,30,4.0,1082628
TM Head,75,47,155,5,34,4.833333333333333,1082636
TM Head,2,2,152,4,95,13.333333333333334,1082646
TM Head,62,24,257,2,0,0.16666666666666666,1422126
TM Head,19,14,158,2,0,0.16666666666666666,1422130
TM Head,31,24,154,1,0,0.16666666666666666,1422136
TM Head,21,15,175,1,0,0.16666666666666666,1426261
TM Head,102,41,272,2,0,0.16666666666666666,1426268
TM Head,89,32,261,1,0,0.16666666666666666,1426273
TM Head,1,3,160,2,0,0.16666666666666666,1426279
TM Head,13,7,131,1,0,0.16666666666666666,1426284
TM Head,58,44,193,1,0,0.16666666666666666,1426288
TM Head,44,28,152,1,0,0.16666666666666666,1426293
TM Head,89,30,164,2,0,0.16666666666666666,1426295
TM Head,0,1,192,1,0,0.16666666666666666,1426307
TM Head,0,2,147,1,0,0.16666666666666666,1426309
TM Head,34,28,167,1,0,0.16666666666666666,1426311
TM Head,0,1,100,2,0,0.16666666666666666,1426312
M Ashwin,0,1,165,10,162,19.666666666666668,980931
M Ashwin,1,2,123,7,81,13.0,1136595
M Ashwin,1,2,157,9,143,19.0,1175368
M Ashwin,1,2,181,9,178,19.666666666666668,1178417
M Ashwin,1,1,159,8,152,18.666666666666668,1178423
M Ashwin,4,4,119,8,99,17.833333333333332,1216498
M Ashwin,6,14,102,8,55,12.333333333333334,1254065
M Ashwin,9,10,108,9,93,16.833333333333332,1254071
M Ashwin,6,8,155,8,127,15.5,1304055
M Ashwin,0,2,181,8,173,18.833333333333332,1304069
M Ashwin,6,2,166,9,160,19.333333333333332,1304072
M Ashwin,0,0,0,8,158,19.166666666666668,1304097
M Ashwin,0,2,103,8,95,14.833333333333334,1304102
NS Naik,22,28,138,6,64,10.166666666666666,980935
NS Naik,1,3,155,6,137,17.333333333333332,980941
NS Naik,7,16,177,1,0,0.16666666666666666,1175365
NS Naik,1,3,141,7,97,15.333333333333334,1216508
RR Pant,20,17,168,5,15,4.166666666666667,980945
RR Pant,4,4,176,8,165,18.833333333333332,980951
RR Pant,69,40,147,2,0,0.16666666666666666,980961
RR Pant,2,8,150,1,0,0.16666666666666666,980965
RR Pant,4,3,163,7,144,18.0,980971
RR Pant,39,26,147,5,77,10.0,980983
RR Pant,23,17,123,5,60,8.0,980993
RR Pant,4,9,119,5,49,10.166666666666666,980997
RR Pant,32,26,147,2,0,0.16666666666666666,981003
RR Pant,1,2,131,2,0,0.16666666666666666,981011
RR Pant,57,36,137,5,54,7.666666666666667,1082595
RR Pant,31,22,197,4,64,8.333333333333334,1082599
RR Pant,15,9,177,5,89,12.0,1082605
RR Pant,38,16,165,5,106,13.5,1082608
RR Pant,0,1,169,4,82,9.5,1082611
RR Pant,0,3,120,6,20,4.166666666666667,1082614
RR Pant,6,4,153,4,116,14.166666666666666,1082622
RR Pant,3,6,62,5,21,5.166666666666667,1082626
RR Pant,34,20,186,3,40,4.333333333333333,1082630
RR Pant,97,43,202,3,21,3.0,1082632
RR Pant,0,3,63,4,5,2.0,1082635
RR Pant,4,2,194,3,11,1.6666666666666665,1082640
RR Pant,36,22,161,4,9,2.3333333333333335,1082642
RR Pant,44,33,143,4,36,5.5,1082646
RR Pant,28,13,160,5,73,10.333333333333334,1136562
RR Pant,20,14,57,3,0,0.3333333333333333,1136566
RR Pant,47,25,193,3,50,5.333333333333333,1136569
RR Pant,43,26,121,4,12,2.0,1136573
RR Pant,85,48,162,4,20,5.833333333333333,1136579
RR Pant,4,7,130,5,38,5.666666666666667,1136582
RR Pant,0,1,214,4,127,14.166666666666666,1136586
RR Pant,79,45,190,4,45,5.166666666666667,1136590
RR Pant,69,29,189,4,73,7.5,1136592
RR Pant,18,19,160,4,94,10.333333333333334,1136596
RR Pant,128,63,184,4,20,4.166666666666667,1136602
RR Pant,61,34,173,4,15,2.8333333333333335,1136605
RR Pant,38,26,153,3,20,4.333333333333333,1136612
RR Pant,64,44,162,4,35,4.833333333333333,1136615
RR Pant,78,27,205,5,108,13.166666666666666,1175358
RR Pant,25,13,140,4,76,11.833333333333334,1175360
RR Pant,11,15,181,4,114,12.166666666666666,1175365
RR Pant,39,26,141,4,55,7.5,1175368
RR Pant,5,7,124,4,35,6.166666666666667,1175371
RR Pant,18,14,139,5,97,13.333333333333334,1178395
RR Pant,46,31,177,4,57,5.833333333333333,1178401
RR Pant,23,19,144,5,67,8.166666666666666,1178405
RR Pant,7,11,120,5,60,9.833333333333334,1178409
RR Pant,6,7,155,4,108,13.666666666666666,1178412
RR Pant,74,35,188,4,77,9.0,1178415
RR Pant,7,7,182,4,102,12.5,1178421
RR Pant,5,3,99,4,52,5.666666666666667,1178425
RR Pant,53,38,116,4,24,3.5,1178428
RR Pant,49,21,159,4,80,10.5,1181766
RR Pant,37,24,138,5,55,9.0,1181767
RR Pant,31,29,147,5,12,4.166666666666667,1216493
RR Pant,27,32,129,4,13,2.6666666666666665,1216497
RR Pant,5,9,166,4,36,4.5,1216500
RR Pant,8,7,148,5,126,16.666666666666668,1216505
RR Pant,38,17,226,4,129,12.833333333333334,1216515
RR Pant,31,24,180,4,81,9.833333333333334,1216519
RR Pant,36,35,122,5,47,6.333333333333333,1216524
RR Pant,28,27,136,4,40,7.5,1216532
RR Pant,21,24,105,4,14,3.1666666666666665,1216535
RR Pant,37,25,167,3,92,10.833333333333334,1216539
RR Pant,14,20,160,4,71,8.666666666666666,1216546
RR Pant,3,9,137,6,19,4.0,1237177
RR Pant,2,3,175,5,166,18.666666666666668,1237180
RR Pant,56,38,152,5,22,3.6666666666666665,1237181
RR Pant,15,12,186,3,137,13.666666666666666,1254059
RR Pant,51,32,142,4,16,3.3333333333333335,1254064
RR Pant,14,15,182,4,105,11.166666666666666,1254068
RR Pant,7,8,127,5,95,15.0,1254070
RR Pant,36,26,154,3,79,10.5,1254077
RR Pant,58,48,164,4,24,3.6666666666666665,1254079
RR Pant,16,8,150,3,128,14.0,1254082
RR Pant,14,11,162,4,108,13.166666666666666,1254086
RR Pant,39,36,121,4,39,6.5,1254092
RR Pant,24,24,145,4,20,4.333333333333333,1254097
RR Pant,10,8,155,3,83,10.333333333333334,1254101
RR Pant,35,21,135,4,72,11.0,1254105
RR Pant,15,12,131,4,49,6.0,1254110
RR Pant,26,22,126,4,15,2.8333333333333335,1254112
RR Pant,51,35,166,5,77,9.833333333333334,1254114
RR Pant,6,6,129,5,80,14.333333333333334,1254116
RR Pant,1,2,168,4,28,4.0,1304048
RR Pant,43,29,146,4,31,4.333333333333333,1304056
RR Pant,39,36,143,4,67,8.666666666666666,1304061
RR Pant,26,13,198,3,88,8.833333333333334,1304065
RR Pant,34,17,168,4,92,11.666666666666666,1304073
RR Pant,44,24,194,4,48,5.333333333333333,1304080
RR Pant,2,5,138,5,71,9.666666666666666,1304087
RR Pant,44,30,186,4,13,3.1666666666666665,1304091
RR Pant,25,15,194,4,32,4.5,1304096
RR Pant,21,11,113,4,36,4.5,1304101
RR Pant,13,4,154,4,137,17.333333333333332,1304104
RR Pant,7,3,150,5,97,11.166666666666666,1304110
RR Pant,39,33,145,4,21,3.5,1304115
RR Pant,18,13,164,4,66,8.166666666666666,1422120
RR Pant,28,26,168,4,30,3.8333333333333335,1422127
RR Pant,51,32,179,3,87,9.666666666666666,1422131
RR Pant,55,25,150,5,22,4.166666666666667,1422134
RR Pant,1,3,196,5,143,15.166666666666666,1422138
RR Pant,41,24,162,4,57,7.166666666666667,1426264
RR Pant,16,11,86,5,60,5.166666666666667,1426270
RR Pant,44,35,191,6,129,9.0,1426273
RR Pant,88,43,219,5,43,5.833333333333333,1426278
RR Pant,29,19,243,4,118,9.833333333333334,1426281
RR Pant,27,20,140,5,33,3.6666666666666665,1426285
RR Pant,15,13,220,5,109,9.5,1426294
RR Pant,33,23,200,4,88,8.666666666666666,1426302
SW Billings,54,33,176,5,31,5.166666666666667,980951
SW Billings,24,15,150,5,59,9.833333333333334,980965
SW Billings,6,9,163,4,116,13.833333333333334,980971
SW Billings,4,6,131,5,68,9.666666666666666,981011
SW Billings,25,19,137,2,0,0.16666666666666666,1082595
SW Billings,24,17,197,2,0,0.16666666666666666,1082599
SW Billings,55,39,177,2,0,0.16666666666666666,1082605
SW Billings,21,17,165,2,0,0.16666666666666666,1082608
SW Billings,13,9,169,2,0,0.16666666666666666,1082611
SW Billings,0,2,62,2,0,0.16666666666666666,1082626
SW Billings,56,23,192,5,101,11.666666666666666,1136565
SW Billings,9,8,180,4,34,4.333333333333333,1136572
SW Billings,3,7,198,5,147,13.5,1136577
SW Billings,9,7,196,4,49,5.333333333333333,1136584
SW Billings,3,5,162,6,137,17.666666666666668,1136587
SW Billings,27,22,164,5,110,13.166666666666666,1136603
SW Billings,1,5,126,5,89,13.333333333333334,1136612
SW Billings,0,1,150,4,25,4.666666666666667,1136616
SW Billings,0,4,125,6,96,13.833333333333334,1178408
SW Billings,25,22,129,5,83,11.833333333333334,1304047
SW Billings,14,15,122,6,43,6.833333333333333,1304052
SW Billings,24,23,130,4,36,4.666666666666667,1304054
SW Billings,17,12,157,4,35,6.166666666666667,1304060
SW Billings,15,9,165,6,112,13.0,1304065
SW Billings,4,4,141,1,0,0.16666666666666666,1304081
SW Billings,34,29,165,5,68,8.166666666666666,1304107
SW Billings,30,23,192,5,63,7.333333333333333,1304112
KC Cariappa,1,3,150,10,147,19.0,980955
KC Cariappa,12,8,114,10,90,11.0,980999
KC Cariappa,1,2,135,9,131,19.0,1082605
KC Cariappa,1,5,143,9,120,16.5,1082609
KC Cariappa,9,3,154,10,145,19.666666666666668,1178413
PSP Handscomb,6,12,151,4,88,9.5,980957
Swapnil Singh,0,1,145,9,142,19.5,980963
Swapnil Singh,2,2,155,7,136,18.166666666666668,1082639
Swapnil Singh,10,17,70,8,48,9.5,1082645
Swapnil Singh,2,4,163,7,146,17.5,1359525
Swapnil Singh,12,6,199,8,186,19.166666666666668,1426279
Swapnil Singh,15,9,150,8,116,10.833333333333334,1426290
Swapnil Singh,1,1,229,8,228,19.833333333333332,1426296
Swapnil Singh,0,1,177,8,166,18.166666666666668,1426300
Swapnil Singh,9,4,168,8,150,18.5,1426310
J Yadav,1,3,150,8,128,17.166666666666668,980965
J Yadav,5,7,131,9,101,16.333333333333332,981011
J Yadav,23,22,132,8,79,12.0,1254070
J Yadav,0,0,0,8,124,20.0,1254074
J Yadav,11,4,122,9,104,18.833333333333332,1254112
UT Khawaja,30,27,153,2,0,0.16666666666666666,980965
UT Khawaja,16,6,184,2,0,0.16666666666666666,980969
UT Khawaja,11,8,130,2,0,0.16666666666666666,980979
UT Khawaja,21,16,97,2,0,0.16666666666666666,980989
UT Khawaja,19,13,69,2,0,0.16666666666666666,980997
UT Khawaja,30,29,165,2,0,0.16666666666666666,981005
HM Amla,1,5,173,3,41,5.833333333333333,980971
HM Amla,21,20,169,1,0,0.16666666666666666,980977
HM Amla,0,5,116,2,0,0.16666666666666666,980985
HM Amla,96,56,176,1,0,0.16666666666666666,980991
HM Amla,9,6,114,2,0,0.16666666666666666,980999
HM Amla,30,27,168,1,0,0.16666666666666666,981005
HM Amla,28,27,154,1,0,0.16666666666666666,1082594
HM Amla,58,38,144,2,0,0.16666666666666666,1082598
HM Amla,25,27,148,1,0,0.16666666666666666,1082601
HM Amla,19,12,135,2,0,0.16666666666666666,1082605
HM Amla,0,1,143,1,0,0.16666666666666666,1082609
HM Amla,102,59,180,1,0,0.16666666666666666,1082612
HM Amla,65,40,183,2,0,0.16666666666666666,1082616
HM Amla,16,20,66,2,0,0.16666666666666666,1082626
HM Amla,1,3,126,1,0,0.16666666666666666,1082633
HM Amla,104,60,186,2,0,0.16666666666666666,1082637
F Behardien,9,7,169,6,134,17.166666666666668,980977
F Behardien,0,1,114,7,72,7.666666666666667,980999
F Behardien,5,5,168,6,146,17.666666666666668,981005
BB Sran,1,1,132,9,131,19.833333333333332,980979
BB Sran,0,0,130,9,124,19.166666666666668,980983
BB Sran,2,2,138,10,133,19.333333333333332,981009
BB Sran,0,0,0,10,156,20.0,981015
BB Sran,0,0,0,9,194,19.833333333333332,1136572
BB Sran,0,1,129,9,127,19.5,1136582
BB Sran,2,5,117,9,96,16.0,1136585
BB Sran,1,1,207,9,202,19.5,1136604
BB Sran,3,3,192,8,179,18.166666666666668,1178422
A Zampa,0,1,130,9,130,20.0,980979
A Zampa,5,7,103,9,90,13.333333333333334,1082599
A Zampa,1,1,165,9,164,20.0,1359491
A Zampa,7,9,110,10,92,14.333333333333334,1359522
A Zampa,2,6,56,9,47,8.166666666666666,1359534
N Rana,9,11,141,4,56,9.666666666666666,980981
N Rana,25,28,116,4,7,3.0,980985
N Rana,66,35,160,3,33,4.0,981007
N Rana,34,28,176,4,60,6.666666666666667,1082592
N Rana,50,29,168,3,57,7.666666666666667,1082597
N Rana,45,36,155,4,40,5.0,1082600
N Rana,11,16,132,5,5,2.6666666666666665,1082602
N Rana,53,36,164,3,0,0.5,1082606
N Rana,62,34,191,3,77,6.166666666666667,1082612
N Rana,8,9,126,3,27,4.166666666666667,1082614
N Rana,3,9,151,3,35,4.5,1082618
N Rana,19,16,152,3,43,4.166666666666667,1082625
N Rana,27,28,158,3,0,0.3333333333333333,1082628
N Rana,9,11,128,3,3,1.8333333333333335,1082638
N Rana,12,11,215,3,95,8.833333333333334,1082641
N Rana,34,25,164,4,64,5.5,1136563
N Rana,16,14,197,4,50,5.5,1136565
N Rana,18,16,130,3,16,2.8333333333333335,1136570
N Rana,59,35,194,4,62,7.666666666666667,1136573
N Rana,35,27,160,4,69,8.833333333333334,1136575
N Rana,3,5,181,4,74,8.333333333333334,1136578
N Rana,8,7,160,4,20,2.3333333333333335,1136586
N Rana,15,10,168,4,103,12.666666666666666,1136589
N Rana,31,27,159,4,24,3.3333333333333335,1136597
N Rana,21,19,107,4,32,4.166666666666667,1136601
N Rana,11,4,240,6,201,17.166666666666668,1136604
N Rana,21,17,143,4,36,4.0,1136609
N Rana,7,5,166,6,154,17.833333333333332,1136614
N Rana,3,5,159,4,10,2.3333333333333335,1136618
N Rana,22,16,157,3,38,3.5,1136619
N Rana,68,47,179,2,0,0.16666666666666666,1175357
N Rana,63,34,213,4,35,3.8333333333333335,1175361
N Rana,1,2,177,4,35,6.166666666666667,1175365
N Rana,37,23,179,4,77,10.0,1175372
N Rana,0,3,104,4,7,2.0,1178398
N Rana,11,12,172,4,60,8.833333333333334,1178401
N Rana,21,18,152,3,34,5.166666666666667,1178404
N Rana,85,46,187,5,29,5.166666666666667,1178410
N Rana,11,11,154,4,49,4.5,1178413
N Rana,21,26,164,3,0,0.6666666666666666,1178418
N Rana,26,13,119,6,65,13.166666666666666,1178431
N Rana,0,1,81,3,2,1.6666666666666665,1216494
N Rana,81,53,187,2,0,0.16666666666666666,1216497
N Rana,9,10,157,3,34,4.666666666666667,1216501
N Rana,22,17,163,3,33,5.0,1216504
N Rana,24,18,141,4,25,5.0,1216508
N Rana,29,20,159,3,48,6.166666666666667,1216512
N Rana,58,35,196,3,4,1.5,1216515
N Rana,0,1,143,2,0,0.16666666666666666,1216520
N Rana,2,4,155,3,11,2.8333333333333335,1216523
N Rana,5,6,141,3,14,3.1666666666666665,1216526
N Rana,0,1,184,2,0,0.16666666666666666,1216530
N Rana,87,61,170,2,0,0.16666666666666666,1216536
N Rana,9,14,106,3,21,4.166666666666667,1216540
N Rana,26,13,137,3,6,1.5,1216545
N Rana,80,56,180,1,0,0.16666666666666666,1254060
N Rana,57,47,130,1,0,0.16666666666666666,1254062
N Rana,18,11,162,1,0,0.16666666666666666,1254067
N Rana,9,12,188,1,0,0.16666666666666666,1254072
N Rana,22,25,123,1,0,0.16666666666666666,1254075
N Rana,0,1,119,2,0,0.16666666666666666,1254078
N Rana,15,12,147,1,0,0.16666666666666666,1254082
N Rana,35,26,124,4,42,6.0,1254092
N Rana,5,2,152,5,140,14.333333333333334,1254096
N Rana,37,27,163,5,68,9.333333333333334,1254098
N Rana,31,18,157,4,88,11.666666666666666,1254102
N Rana,12,5,154,3,73,11.166666666666666,1254106
N Rana,25,33,117,4,38,6.833333333333333,1254109
N Rana,23,25,134,4,53,7.166666666666667,1254115
N Rana,13,12,126,3,86,12.5,1254116
N Rana,0,1,152,3,89,10.833333333333334,1254117
N Rana,21,17,129,3,43,6.5,1304047
N Rana,10,4,122,4,30,5.166666666666667,1304052
N Rana,0,2,130,5,49,6.833333333333333,1304054
N Rana,8,7,157,5,65,10.0,1304060
N Rana,30,20,165,4,37,4.833333333333333,1304065
N Rana,54,36,166,5,28,4.666666666666667,1304071
N Rana,18,11,197,4,99,9.166666666666666,1304076
N Rana,2,7,141,4,9,2.5,1304081
N Rana,51,33,131,6,32,7.666666666666667,1304087
N Rana,48,37,143,4,29,5.833333333333333,1304093
N Rana,2,11,98,4,10,3.8333333333333335,1304099
N Rana,43,26,154,3,52,5.833333333333333,1304102
N Rana,26,16,165,3,14,2.1666666666666665,1304107
N Rana,42,22,192,3,0,0.8333333333333334,1304112
N Rana,24,17,133,5,29,4.5,1359476
N Rana,1,5,168,4,16,3.6666666666666665,1359483
N Rana,45,29,203,4,28,4.166666666666667,1359487
N Rana,75,41,189,5,18,3.6666666666666665,1359493
N Rana,5,10,171,4,47,5.666666666666667,1359496
N Rana,4,7,115,4,23,3.6666666666666665,1359502
N Rana,27,20,176,4,1,1.5,1359507
N Rana,48,21,193,4,85,10.166666666666666,1359510
N Rana,4,3,176,5,82,10.333333333333334,1359513
N Rana,38,30,159,4,16,2.1666666666666665,1359521
N Rana,51,38,178,3,36,4.833333333333333,1359527
N Rana,22,17,146,4,29,4.333333333333333,1359530
N Rana,57,44,135,4,19,3.0,1359535
N Rana,8,10,166,3,60,6.0,1359542
N Rana,9,11,190,5,30,4.0,1422121
N Rana,33,23,151,5,38,4.333333333333333,1426298
S Kaushik,0,0,0,11,121,19.5,980955
S Kaushik,0,1,91,11,91,18.666666666666668,980987
ER Dwivedi,19,9,147,8,110,16.666666666666668,981013
ER Dwivedi,5,5,157,1,0,0.16666666666666666,981017
CJ Jordan,3,4,191,8,173,18.333333333333332,981019
CJ Jordan,0,1,121,7,112,18.333333333333332,1082648
CJ Jordan,5,6,149,8,93,15.666666666666666,1216493
CJ Jordan,7,12,119,7,84,14.5,1216498
CJ Jordan,4,5,151,8,113,17.333333333333332,1216506
CJ Jordan,13,8,172,7,149,17.666666666666668,1216517
CJ Jordan,0,0,0,7,156,20.0,1216523
CJ Jordan,30,18,118,8,75,14.5,1254078
CJ Jordan,2,3,161,7,128,17.5,1254086
CJ Jordan,5,5,119,10,101,16.0,1304057
CJ Jordan,6,3,149,9,143,20.166666666666668,1304063
CJ Jordan,4,7,166,8,147,18.166666666666668,1370351
CJ Jordan,2,5,163,8,151,15.0,1370352
TS Mills,6,3,165,9,150,17.666666666666668,1082591
TS Mills,0,3,151,9,151,19.666666666666668,1082595
TS Mills,2,5,42,9,35,7.666666666666667,1082617
TS Mills,0,2,181,10,181,20.0,1304069
TS Mills,0,1,166,11,166,20.0,1304072
A Choudhary,6,2,165,11,157,19.0,1082591
A Choudhary,15,12,122,10,100,16.0,1082621
A Choudhary,4,6,112,10,104,17.333333333333332,1082633
BA Stokes,21,14,183,4,91,10.333333333333334,1082592
BA Stokes,50,32,157,4,36,6.5,1082594
BA Stokes,2,5,103,5,46,6.166666666666667,1082599
BA Stokes,25,18,166,4,62,6.0,1082603
BA Stokes,2,3,148,5,116,16.166666666666668,1082607
BA Stokes,10,9,176,5,96,13.333333333333334,1082615
BA Stokes,17,12,156,5,102,13.166666666666666,1082618
BA Stokes,103,63,160,5,9,1.8333333333333335,1082629
BA Stokes,14,15,150,5,81,8.5,1082631
BA Stokes,39,25,141,4,38,6.833333333333333,1082634
BA Stokes,33,25,151,5,71,9.333333333333334,1082642
BA Stokes,5,8,117,4,48,7.166666666666667,1136564
BA Stokes,16,12,150,3,11,1.5,1136566
BA Stokes,27,21,202,4,49,7.0,1136571
BA Stokes,14,11,154,5,97,13.0,1136575
BA Stokes,45,37,132,4,23,3.1666666666666665,1136577
BA Stokes,40,27,161,4,37,5.833333333333333,1136581
BA Stokes,0,3,139,4,71,9.833333333333334,1136588
BA Stokes,1,2,142,4,90,8.333333333333334,1136592
BA Stokes,12,9,144,5,77,11.0,1136598
BA Stokes,13,10,154,5,115,14.666666666666666,1136600
BA Stokes,11,7,174,2,0,0.16666666666666666,1136603
BA Stokes,0,0,0,5,155,18.0,1136607
BA Stokes,11,13,140,5,84,9.5,1136609
BA Stokes,6,2,163,5,142,16.833333333333332,1175359
BA Stokes,16,9,192,4,130,16.0,1175363
BA Stokes,46,26,156,6,68,10.166666666666666,1175367
BA Stokes,1,2,154,5,144,19.166666666666668,1175369
BA Stokes,7,12,128,5,99,15.833333333333334,1178396
BA Stokes,28,26,144,6,63,9.0,1178400
BA Stokes,0,2,156,4,71,7.5,1178411
BA Stokes,8,8,186,4,132,13.333333333333334,1178415
BA Stokes,11,10,172,4,57,6.666666666666667,1178418
BA Stokes,5,6,157,1,0,0.16666666666666666,1216507
BA Stokes,30,32,151,2,0,0.16666666666666666,1216518
BA Stokes,15,19,159,2,0,0.16666666666666666,1216522
BA Stokes,18,11,126,2,0,0.16666666666666666,1216530
BA Stokes,19,11,119,1,0,0.16666666666666666,1216533
BA Stokes,50,26,181,2,0,0.16666666666666666,1216537
BA Stokes,107,60,185,2,0,0.16666666666666666,1216541
BA Stokes,41,35,142,1,0,0.16666666666666666,1216543
BA Stokes,0,3,207,1,0,0.16666666666666666,1254061
BA Stokes,7,6,170,4,48,6.0,1359475
BA Stokes,8,8,200,5,136,14.0,1359480
JJ Roy,14,12,179,1,0,0.16666666666666666,1082593
JJ Roy,31,21,132,1,0,0.16666666666666666,1082596
JJ Roy,14,7,157,6,135,17.833333333333332,1082606
JJ Roy,91,53,193,1,0,0.16666666666666666,1136569
JJ Roy,1,3,121,2,0,0.16666666666666666,1136573
JJ Roy,5,16,162,1,0,0.16666666666666666,1136579
JJ Roy,11,13,184,2,0,0.16666666666666666,1136602
JJ Roy,12,9,173,2,0,0.16666666666666666,1136605
JJ Roy,34,21,177,1,0,0.16666666666666666,1254088
JJ Roy,2,7,124,1,0,0.16666666666666666,1254091
JJ Roy,44,38,137,1,0,0.16666666666666666,1254095
JJ Roy,60,42,150,1,0,0.16666666666666666,1254100
JJ Roy,10,12,112,1,0,0.16666666666666666,1254109
JJ Roy,43,39,115,1,0,0.16666666666666666,1359502
JJ Roy,61,26,176,5,43,7.333333333333333,1359507
JJ Roy,56,29,193,1,0,0.16666666666666666,1359510
JJ Roy,20,18,159,1,0,0.16666666666666666,1359521
JJ Roy,38,24,178,1,0,0.16666666666666666,1359527
JJ Roy,10,8,146,1,0,0.16666666666666666,1359530
JJ Roy,12,15,135,1,0,0.16666666666666666,1359535
JJ Roy,45,28,166,1,0,0.16666666666666666,1359542
Vishnu Vinod,9,5,151,6,115,15.166666666666666,1082595
Vishnu Vinod,7,12,144,2,0,0.16666666666666666,1082598
Vishnu Vinod,3,9,152,2,0,0.16666666666666666,1082646
Vishnu Vinod,30,20,216,5,87,9.166666666666666,1359531
Vishnu Vinod,1,3,156,6,126,16.333333333333332,1359537
Vishnu Vinod,5,7,163,6,120,11.5,1370352
Basil Thampi,13,8,132,9,113,17.833333333333332,1082596
Basil Thampi,0,1,184,9,183,19.833333333333332,1082610
Basil Thampi,11,10,155,9,134,16.833333333333332,1082616
Basil Thampi,2,4,141,10,132,19.333333333333332,1082625
Basil Thampi,2,5,154,10,142,18.0,1082629
Basil Thampi,3,6,106,9,88,13.666666666666666,1136583
Basil Thampi,0,0,0,9,150,20.0,1136588
Basil Thampi,1,1,146,10,145,20.5,1181766
CR Woakes,9,8,163,7,122,16.333333333333332,1082597
CR Woakes,1,1,161,8,159,19.833333333333332,1082604
CR Woakes,3,5,158,7,141,18.166666666666668,1082608
CR Woakes,18,21,123,8,86,11.666666666666666,1082617
CR Woakes,6,3,156,8,149,19.166666666666668,1082627
CR Woakes,1,3,150,8,114,16.5,1082631
CR Woakes,8,6,149,8,135,18.333333333333332,1082639
CR Woakes,5,5,170,7,148,18.333333333333332,1136563
CR Woakes,1,2,155,7,142,18.333333333333332,1136568
CR Woakes,0,1,192,8,176,19.0,1136571
CR Woakes,11,11,159,8,97,14.0,1136574
CR Woakes,15,11,142,8,96,15.0,1254064
RA Tripathi,10,5,103,4,32,5.0,1082599
RA Tripathi,33,17,166,2,0,0.16666666666666666,1082603
RA Tripathi,31,23,148,2,0,0.16666666666666666,1082607
RA Tripathi,59,41,176,2,0,0.16666666666666666,1082615
RA Tripathi,45,31,156,2,0,0.16666666666666666,1082618
RA Tripathi,38,23,175,2,0,0.16666666666666666,1082620
RA Tripathi,37,28,153,2,0,0.16666666666666666,1082624
RA Tripathi,6,7,160,2,0,0.16666666666666666,1082629
RA Tripathi,93,52,150,2,0,0.16666666666666666,1082631
RA Tripathi,1,4,141,2,0,0.16666666666666666,1082634
RA Tripathi,7,6,151,2,0,0.16666666666666666,1082642
RA Tripathi,28,20,77,2,0,0.16666666666666666,1082645
RA Tripathi,0,2,151,2,0,0.16666666666666666,1082647
RA Tripathi,3,8,119,2,0,0.16666666666666666,1082650
RA Tripathi,17,15,117,5,59,9.166666666666666,1136564
RA Tripathi,15,11,150,6,112,13.833333333333334,1136566
RA Tripathi,13,4,202,6,162,18.5,1136571
RA Tripathi,15,11,154,4,61,8.833333333333334,1136575
RA Tripathi,5,5,132,6,72,10.333333333333334,1136577
RA Tripathi,9,8,161,2,0,0.16666666666666666,1136581
RA Tripathi,4,5,139,2,0,0.16666666666666666,1136588
RA Tripathi,9,8,142,5,97,9.166666666666666,1136592
RA Tripathi,11,13,144,6,93,13.0,1136598
RA Tripathi,27,15,140,1,0,0.16666666666666666,1136609
RA Tripathi,80,58,159,1,0,0.16666666666666666,1136613
RA Tripathi,20,13,143,2,0,0.16666666666666666,1136618
RA Tripathi,1,4,163,6,144,17.166666666666668,1175359
RA Tripathi,35,23,156,4,14,3.1666666666666665,1175367
RA Tripathi,34,23,154,4,96,13.0,1175369
RA Tripathi,6,8,128,4,74,12.166666666666666,1178396
RA Tripathi,10,12,144,5,47,5.5,1178400
RA Tripathi,1,2,184,5,167,17.0,1178402
RA Tripathi,50,45,160,1,0,0.16666666666666666,1178407
RA Tripathi,1,5,81,2,0,0.16666666666666666,1216494
RA Tripathi,13,12,187,3,11,2.0,1216497
RA Tripathi,81,51,157,1,0,0.16666666666666666,1216501
RA Tripathi,23,16,159,2,0,0.16666666666666666,1216512
RA Tripathi,36,16,196,8,112,13.666666666666666,1216515
RA Tripathi,7,4,143,3,1,0.5,1216520
RA Tripathi,4,10,155,1,0,0.16666666666666666,1216523
RA Tripathi,7,9,141,1,0,0.16666666666666666,1216526
RA Tripathi,39,34,184,3,1,0.5,1216530
RA Tripathi,3,2,170,7,166,19.5,1216536
RA Tripathi,16,22,106,7,60,11.333333333333334,1216540
RA Tripathi,53,29,180,3,53,7.166666666666667,1254060
RA Tripathi,5,5,130,3,70,9.0,1254062
RA Tripathi,25,20,162,3,22,2.0,1254067
RA Tripathi,8,9,188,3,1,0.8333333333333334,1254072
RA Tripathi,36,26,123,3,22,5.833333333333333,1254075
RA Tripathi,41,32,119,3,5,0.8333333333333334,1254078
RA Tripathi,19,17,147,3,25,3.8333333333333335,1254082
RA Tripathi,9,5,124,3,27,4.666666666666667,1254092
RA Tripathi,74,42,152,3,40,3.1666666666666665,1254096
RA Tripathi,45,32,163,3,10,1.1666666666666667,1254098
RA Tripathi,34,26,157,3,17,2.6666666666666665,1254102
RA Tripathi,21,14,154,4,86,12.0,1254106
RA Tripathi,7,6,117,3,23,4.833333333333333,1254109
RA Tripathi,6,5,134,3,41,5.5,1254115
RA Tripathi,12,11,126,4,113,16.166666666666668,1254116
RA Tripathi,2,3,152,8,115,15.166666666666666,1254117
RA Tripathi,0,3,139,3,3,1.8333333333333335,1304051
RA Tripathi,44,30,147,3,24,3.6666666666666665,1304058
RA Tripathi,35,14,147,3,88,12.333333333333334,1304063
RA Tripathi,17,11,162,3,64,9.0,1304067
RA Tripathi,71,37,164,3,3,1.8333333333333335,1304071
RA Tripathi,34,22,144,3,14,3.3333333333333335,1304074
RA Tripathi,7,3,70,3,62,7.5,1304082
RA Tripathi,16,10,181,3,15,3.0,1304086
RA Tripathi,0,1,183,3,56,6.0,1304092
RA Tripathi,22,18,175,3,7,1.6666666666666665,1304096
RA Tripathi,58,37,118,3,0,0.3333333333333333,1304100
RA Tripathi,9,12,120,3,30,5.5,1304107
RA Tripathi,76,44,184,3,14,2.8333333333333335,1304111
RA Tripathi,20,18,145,3,14,2.8333333333333335,1304116
RA Tripathi,0,2,116,3,0,0.6666666666666666,1359478
RA Tripathi,34,41,117,3,21,3.0,1359484
RA Tripathi,74,48,145,3,27,4.0,1359488
RA Tripathi,9,4,212,3,41,4.333333333333333,1359493
RA Tripathi,7,5,159,3,10,1.8333333333333335,1359499
RA Tripathi,21,21,130,3,34,4.5,1359503
RA Tripathi,15,21,136,3,31,5.333333333333333,1359508
RA Tripathi,10,6,185,3,19,2.6666666666666665,1359514
RA Tripathi,16,8,140,3,20,3.0,1359521
RA Tripathi,47,29,212,3,51,6.0,1359526
RA Tripathi,20,13,176,3,16,2.3333333333333335,1359532
RA Tripathi,1,2,145,4,10,2.0,1359536
RA Tripathi,15,12,180,2,0,0.16666666666666666,1359539
RA Tripathi,20,20,197,3,55,5.666666666666667,1422121
RA Tripathi,11,14,175,5,37,5.166666666666667,1426261
RA Tripathi,27,17,192,3,0,0.3333333333333333,1426307
RA Tripathi,51,34,147,3,0,0.5,1426309
RA Tripathi,37,15,167,3,13,1.1666666666666667,1426311
RA Tripathi,9,13,100,3,2,1.0,1426312
DL Chahar,14,6,103,8,76,12.166666666666666,1082599
DL Chahar,0,1,162,8,80,13.0,1136561
DL Chahar,1,2,126,8,123,19.5,1136612
DL Chahar,39,20,150,6,52,10.333333333333334,1136616
DL Chahar,10,6,135,8,59,12.666666666666666,1136617
DL Chahar,7,7,117,8,92,17.333333333333332,1175370
DL Chahar,0,2,101,9,92,16.166666666666668,1178419
DL Chahar,0,5,102,8,27,6.833333333333333,1216521
DL Chahar,5,5,127,9,117,18.833333333333332,1216525
DL Chahar,2,2,162,8,148,19.333333333333332,1216528
DL Chahar,0,0,0,11,165,20.0,1254069
DL Chahar,1,1,167,10,166,20.0,1254098
DL Chahar,1,2,152,9,151,19.5,1359529
V Shankar,1,2,146,7,135,17.833333333333332,1082600
V Shankar,15,12,136,5,109,14.833333333333334,1082638
V Shankar,63,44,154,4,24,3.1666666666666665,1082643
V Shankar,22,17,121,5,72,12.5,1082648
V Shankar,13,13,160,4,51,7.0,1136562
V Shankar,3,3,57,5,44,5.166666666666667,1136566
V Shankar,2,4,121,7,89,9.666666666666666,1136573
V Shankar,0,0,0,6,198,19.666666666666668,1136586
V Shankar,54,31,190,6,73,9.0,1136590
V Shankar,17,6,189,6,166,15.166666666666666,1136592
V Shankar,23,13,160,6,130,16.333333333333332,1136596
V Shankar,0,0,0,7,158,19.333333333333332,1136602
V Shankar,20,19,173,5,104,13.166666666666666,1136605
V Shankar,36,28,153,5,75,11.166666666666666,1136612
V Shankar,43,30,162,5,72,9.166666666666666,1136615
V Shankar,40,24,173,3,113,13.0,1175357
V Shankar,35,15,195,4,115,11.166666666666666,1175363
V Shankar,9,3,229,3,184,16.5,1175366
V Shankar,16,21,120,3,55,7.0,1175371
V Shankar,5,10,90,3,31,4.0,1178394
V Shankar,26,27,142,3,2,2.166666666666667,1178397
V Shankar,1,2,110,5,97,15.5,1178405
V Shankar,7,11,134,4,70,7.166666666666667,1178408
V Shankar,26,20,171,4,117,13.666666666666666,1178416
V Shankar,8,10,151,4,100,12.333333333333334,1178420
V Shankar,7,4,192,7,180,19.0,1178423
V Shankar,12,17,159,5,64,7.333333333333333,1178426
V Shankar,27,18,169,5,60,8.0,1178429
V Shankar,25,11,146,5,86,13.666666666666666,1181766
V Shankar,26,27,110,5,65,9.0,1216498
V Shankar,7,10,153,6,79,11.666666666666666,1216512
V Shankar,52,51,149,4,15,2.8333333333333335,1216518
V Shankar,12,7,141,6,94,15.166666666666666,1216528
V Shankar,0,1,138,5,111,15.5,1216534
V Shankar,11,7,170,6,126,16.166666666666668,1254060
V Shankar,3,5,127,6,105,16.5,1254063
V Shankar,28,25,132,5,87,11.666666666666666,1254066
V Shankar,8,7,150,8,113,16.5,1254077
V Shankar,8,8,157,4,67,8.166666666666666,1254085
V Shankar,4,6,152,3,0,0.6666666666666666,1304050
V Shankar,13,20,160,3,2,0.6666666666666666,1304056
V Shankar,2,7,188,3,12,1.5,1304070
V Shankar,0,2,163,3,1,1.1666666666666667,1304075
V Shankar,27,21,169,5,105,12.333333333333334,1359475
V Shankar,29,23,150,5,46,6.166666666666667,1359481
V Shankar,59,23,184,5,105,13.666666666666666,1359487
V Shankar,10,12,134,5,77,11.833333333333334,1359504
V Shankar,19,16,202,4,48,6.333333333333333,1359509
V Shankar,51,24,168,4,85,10.833333333333334,1359513
V Shankar,6,9,120,4,18,3.3333333333333335,1359518
V Shankar,29,14,185,4,12,2.6666666666666665,1359531
V Shankar,53,35,179,3,20,3.1666666666666665,1359544
V Shankar,14,10,142,6,83,13.0,1370350
V Shankar,6,5,156,6,124,16.333333333333332,1422123
V Shankar,12,12,132,4,32,4.833333333333333,1422125
V Shankar,14,11,164,5,134,16.333333333333332,1422130
V Shankar,8,10,190,5,116,14.0,1422135
V Shankar,17,17,112,5,48,8.333333333333334,1422139
V Shankar,16,10,184,5,77,11.0,1426262
V Shankar,10,7,140,8,125,17.666666666666668,1426290
Rashid Khan,2,4,146,8,136,18.333333333333332,1082600
Rashid Khan,6,1,148,8,136,19.666666666666668,1082609
Rashid Khan,3,4,134,8,126,18.166666666666668,1082634
Rashid Khan,0,1,147,8,133,17.833333333333332,1136567
Rashid Khan,17,4,176,8,155,18.833333333333332,1136580
Rashid Khan,6,9,106,8,74,11.333333333333334,1136583
Rashid Khan,1,3,150,8,143,19.0,1136588
Rashid Khan,1,3,137,8,126,18.333333333333332,1136599
Rashid Khan,0,1,161,8,157,19.333333333333332,1136614
Rashid Khan,34,10,169,8,130,18.166666666666668,1136619
Rashid Khan,15,8,195,7,164,15.833333333333334,1175363
Rashid Khan,0,1,90,8,83,16.166666666666668,1178394
Rashid Khan,0,1,110,8,106,17.5,1178405
Rashid Khan,17,8,151,8,133,18.166666666666668,1178420
Rashid Khan,1,2,192,6,179,18.666666666666668,1178423
Rashid Khan,0,0,0,8,151,19.833333333333332,1178426
Rashid Khan,1,2,169,8,134,17.166666666666668,1178429
Rashid Khan,0,1,146,8,145,20.166666666666668,1181766
Rashid Khan,0,1,110,8,108,18.666666666666668,1216498
Rashid Khan,1,1,153,8,138,19.166666666666668,1216512
Rashid Khan,14,8,141,7,112,16.833333333333332,1216528
Rashid Khan,6,5,138,7,119,16.666666666666668,1216534
Rashid Khan,3,7,159,8,156,18.5,1216538
Rashid Khan,0,0,0,8,187,20.0,1216542
Rashid Khan,11,7,166,7,143,17.0,1237180
Rashid Khan,13,8,127,8,112,18.166666666666668,1254063
Rashid Khan,0,1,132,8,124,17.833333333333332,1254066
Rashid Khan,0,1,150,7,113,16.333333333333332,1254077
Rashid Khan,0,2,157,8,135,16.833333333333332,1254085
Rashid Khan,9,5,177,8,150,16.333333333333332,1254088
Rashid Khan,17,13,124,8,101,17.0,1254091
Rashid Khan,7,8,137,8,121,17.5,1254095
Rashid Khan,21,18,119,8,80,15.333333333333334,1254105
Rashid Khan,3,4,113,8,87,16.333333333333332,1254107
Rashid Khan,8,6,112,8,77,16.333333333333332,1254109
Rashid Khan,0,1,160,8,160,20.0,1304056
Rashid Khan,0,1,140,8,139,19.833333333333332,1304067
Rashid Khan,40,21,163,7,81,12.833333333333334,1304075
Rashid Khan,0,2,146,6,130,17.5,1304081
Rashid Khan,31,11,188,7,130,16.166666666666668,1304086
Rashid Khan,0,1,125,7,101,16.833333333333332,1304094
Rashid Khan,1,1,168,7,167,19.666666666666668,1304097
Rashid Khan,19,6,165,7,129,17.666666666666668,1304113
Rashid Khan,10,3,169,7,148,18.166666666666668,1359475
Rashid Khan,1,1,172,8,170,20.0,1359497
Rashid Khan,2,1,202,8,200,20.166666666666668,1359509
Rashid Khan,3,2,120,8,117,19.833333333333332,1359518
Rashid Khan,79,32,185,8,98,12.166666666666666,1359531
Rashid Khan,0,1,169,8,168,19.333333333333332,1359536
Rashid Khan,30,16,142,8,90,14.666666666666666,1370350
Rashid Khan,5,2,218,5,201,19.166666666666668,1370352
Rashid Khan,0,2,210,5,210,19.666666666666668,1370353
Rashid Khan,4,3,156,8,149,19.333333333333332,1422123
Rashid Khan,1,2,132,8,110,15.5,1422125
Rashid Khan,0,3,112,8,81,14.5,1422139
Rashid Khan,20,10,184,8,152,17.666666666666668,1426262
Rashid Khan,31,24,77,8,39,9.0,1426270
Rashid Khan,3,3,143,8,135,18.333333333333332,1426275
Rashid Khan,21,10,212,8,150,16.166666666666668,1426278
Rashid Khan,18,14,140,7,81,12.833333333333334,1426290
RD Chahar,3,2,166,10,162,19.666666666666668,1082603
RD Chahar,10,7,130,8,82,16.666666666666668,1178394
RD Chahar,1,1,180,9,176,19.666666666666668,1178399
RD Chahar,1,1,192,9,190,19.833333333333332,1178422
RD Chahar,0,2,146,8,137,18.5,1181768
RD Chahar,2,4,157,9,146,18.333333333333332,1216492
RD Chahar,0,0,0,9,149,19.5,1254058
RD Chahar,8,7,145,9,123,17.833333333333332,1254062
RD Chahar,6,6,132,9,118,17.666666666666668,1254070
RD Chahar,0,1,132,9,130,19.5,1254104
RD Chahar,0,1,102,9,97,16.666666666666668,1254108
RD Chahar,0,2,126,9,94,14.5,1304054
RD Chahar,12,8,166,9,147,17.333333333333332,1304057
RD Chahar,22,14,185,9,151,16.0,1304062
RD Chahar,0,2,144,9,144,19.5,1304074
RD Chahar,12,12,113,9,88,14.166666666666666,1304078
RD Chahar,4,4,117,9,98,17.5,1304088
RD Chahar,2,2,202,9,200,19.666666666666668,1304106
RD Chahar,25,24,135,9,79,12.833333333333334,1304110
RD Chahar,0,8,137,9,73,11.5,1359488
RD Chahar,0,1,183,9,176,18.0,1359512
RD Chahar,0,0,0,9,167,18.666666666666668,1359538
RD Chahar,16,10,130,10,87,14.833333333333334,1426291
RD Chahar,5,5,175,10,166,15.666666666666666,1426296
LH Ferguson,1,1,166,9,162,19.5,1082603
LH Ferguson,19,16,81,9,54,15.833333333333334,1216494
LH Ferguson,24,13,143,9,111,15.833333333333334,1216520
LH Ferguson,0,0,0,9,120,18.166666666666668,1254092
LH Ferguson,0,0,0,9,120,19.833333333333332,1254116
LH Ferguson,14,10,152,9,118,15.833333333333334,1254117
LH Ferguson,0,0,0,9,151,19.166666666666668,1304075
LH Ferguson,0,1,146,8,141,19.333333333333332,1304081
LH Ferguson,5,3,125,9,110,17.833333333333332,1304094
LH Ferguson,1,1,212,11,211,20.0,1426274
C de Grandhomme,0,2,161,7,152,19.333333333333332,1082604
C de Grandhomme,1,2,158,2,0,0.16666666666666666,1082608
C de Grandhomme,0,2,123,7,86,11.333333333333334,1082617
C de Grandhomme,18,15,156,7,126,16.166666666666668,1082627
C de Grandhomme,36,19,150,6,50,9.333333333333334,1082631
C de Grandhomme,31,28,153,3,103,6.333333333333333,1082636
C de Grandhomme,11,7,149,6,127,17.333333333333332,1082639
C de Grandhomme,29,16,155,7,80,9.166666666666666,1082644
C de Grandhomme,0,1,100,6,28,7.0,1082649
C de Grandhomme,11,7,197,6,141,15.166666666666666,1136584
C de Grandhomme,11,6,165,6,133,17.666666666666668,1136589
C de Grandhomme,17,9,149,6,129,17.333333333333332,1136591
C de Grandhomme,8,8,123,6,70,11.166666666666666,1136595
C de Grandhomme,33,29,136,7,82,11.833333333333334,1136599
C de Grandhomme,3,4,176,7,160,18.333333333333332,1136605
C de Grandhomme,40,17,214,5,143,14.5,1136611
C de Grandhomme,2,3,131,6,84,10.666666666666666,1136613
C de Grandhomme,4,6,66,7,42,9.5,1175356
C de Grandhomme,2,7,176,6,144,16.333333333333332,1175362
C de Grandhomme,37,32,105,7,26,6.5,1175366
C de Grandhomme,3,4,169,6,157,17.833333333333332,1178429
AF Milne,2,3,126,8,116,17.666666666666668,1082607
AF Milne,5,8,92,8,58,12.833333333333334,1082624
AF Milne,0,1,158,8,158,19.833333333333332,1082628
AF Milne,1,1,143,8,137,19.666666666666668,1254096
AF Milne,15,15,132,8,93,14.833333333333334,1254104
AF Milne,0,1,102,8,97,16.5,1254108
S Badree,0,1,126,9,118,18.166666666666668,1082607
S Badree,0,3,42,8,33,7.166666666666667,1082617
S Badree,3,3,122,8,90,13.833333333333334,1082621
S Badree,2,7,92,9,68,15.166666666666666,1082624
S Badree,8,9,112,9,85,14.0,1082633
Mohammad Nabi,2,3,148,7,130,18.833333333333332,1082609
Mohammad Nabi,14,10,106,7,53,8.333333333333334,1136583
Mohammad Nabi,4,2,124,7,120,19.833333333333332,1136585
Mohammad Nabi,17,9,120,7,100,16.166666666666668,1175371
Mohammad Nabi,11,14,90,7,60,11.5,1178394
Mohammad Nabi,12,7,142,4,48,10.833333333333334,1178397
Mohammad Nabi,20,10,192,4,145,15.666666666666666,1178423
Mohammad Nabi,31,20,159,7,103,14.666666666666666,1178426
Mohammad Nabi,4,3,169,7,124,16.166666666666668,1178429
Mohammad Nabi,14,12,146,6,105,16.0,1181766
Mohammad Nabi,11,8,135,5,118,17.833333333333332,1216545
Mohammad Nabi,14,11,170,5,100,13.166666666666666,1254060
Mohammad Nabi,17,5,157,6,100,13.0,1254085
Mohammad Nabi,3,4,177,4,73,7.166666666666667,1254088
Mohammad Nabi,4,7,179,8,156,17.666666666666668,1426267
Mohammad Nabi,0,1,181,8,181,20.166666666666668,1426271
Mohammad Nabi,23,17,169,5,19,3.3333333333333335,1426276
Mohammad Nabi,7,4,230,8,194,17.833333333333332,1426281
Mohammad Nabi,1,2,134,8,103,17.333333333333332,1426286
AJ Tye,6,6,184,8,158,17.833333333333332,1082610
AJ Tye,22,12,155,8,100,13.333333333333334,1082616
AJ Tye,25,11,141,9,93,15.833333333333334,1082625
AJ Tye,7,7,149,9,119,15.166666666666666,1136568
AJ Tye,3,4,196,8,189,19.0,1136572
AJ Tye,3,9,129,8,122,17.666666666666668,1136582
AJ Tye,4,2,117,8,92,15.666666666666666,1136585
AJ Tye,1,1,136,9,121,19.333333333333332,1136600
AJ Tye,14,10,207,8,153,15.5,1136604
AJ Tye,0,3,83,9,74,12.166666666666666,1136608
AJ Tye,0,2,142,9,121,17.5,1136616
AJ Tye,0,2,180,8,149,18.333333333333332,1178427
AJ Tye,6,6,128,7,78,12.333333333333334,1216500
K Rabada,44,39,120,7,20,5.666666666666667,1082614
K Rabada,11,20,62,8,31,8.833333333333334,1082626
K Rabada,0,5,63,8,39,7.833333333333333,1082635
K Rabada,0,1,141,9,137,18.166666666666668,1175368
K Rabada,3,4,124,9,102,18.666666666666668,1175371
K Rabada,2,2,144,9,141,19.833333333333332,1178405
K Rabada,9,8,120,9,105,17.333333333333332,1178409
K Rabada,0,0,0,9,120,19.166666666666668,1216493
K Rabada,9,10,129,8,104,15.333333333333334,1216497
K Rabada,2,3,166,9,163,19.166666666666668,1216500
K Rabada,3,7,122,8,75,13.0,1216524
K Rabada,15,7,136,8,116,18.166666666666668,1216532
K Rabada,12,7,105,10,91,18.333333333333332,1216535
K Rabada,15,15,137,9,110,15.666666666666666,1237177
K Rabada,0,0,0,8,145,19.5,1237181
K Rabada,9,4,142,10,131,19.166666666666668,1254064
K Rabada,0,1,121,9,115,19.333333333333332,1254092
K Rabada,4,1,131,9,127,19.833333333333332,1254110
K Rabada,25,15,126,10,94,14.833333333333334,1304054
K Rabada,12,12,166,8,140,16.0,1304057
K Rabada,1,1,185,8,150,15.666666666666666,1304062
K Rabada,0,0,0,8,144,19.166666666666668,1304074
K Rabada,2,6,113,7,83,12.333333333333334,1304078
K Rabada,2,5,117,8,90,15.5,1304088
K Rabada,0,1,202,10,201,20.0,1304106
K Rabada,6,2,135,10,119,17.833333333333332,1304110
K Rabada,0,1,154,10,146,19.166666666666668,1359495
K Rabada,0,1,183,10,176,18.166666666666668,1359512
K Rabada,8,3,156,11,148,18.833333333333332,1426271
K Rabada,1,1,132,11,130,19.5,1426275
K Rabada,11,10,130,11,114,17.666666666666668,1426291
Kuldeep Yadav,4,7,123,11,117,18.0,1082617
Kuldeep Yadav,16,15,155,8,121,14.333333333333334,1082644
Kuldeep Yadav,7,6,160,11,143,18.5,1136586
Kuldeep Yadav,5,15,107,10,93,14.0,1136601
Kuldeep Yadav,0,3,157,10,157,19.5,1136619
Kuldeep Yadav,10,5,177,9,162,19.0,1175365
Kuldeep Yadav,0,1,104,9,74,15.666666666666666,1178398
Kuldeep Yadav,2,2,172,9,165,19.5,1178401
Kuldeep Yadav,0,0,0,9,152,20.166666666666668,1178404
Kuldeep Yadav,12,19,81,8,37,12.666666666666666,1216494
Kuldeep Yadav,1,2,141,10,136,18.666666666666668,1216508
Kuldeep Yadav,14,14,146,9,123,16.166666666666668,1304056
Kuldeep Yadav,10,7,168,9,151,18.333333333333332,1304073
Kuldeep Yadav,0,3,194,9,174,18.666666666666668,1304080
Kuldeep Yadav,16,8,186,9,146,16.833333333333332,1304091
Kuldeep Yadav,5,17,113,9,85,11.0,1304101
Kuldeep Yadav,2,2,150,9,146,19.666666666666668,1304110
Kuldeep Yadav,1,1,145,9,138,19.833333333333332,1304115
Kuldeep Yadav,6,10,133,9,108,16.166666666666668,1359477
Kuldeep Yadav,1,1,147,9,133,18.833333333333332,1359481
Kuldeep Yadav,3,7,132,9,128,18.5,1359485
Kuldeep Yadav,0,1,154,9,148,18.666666666666668,1359490
Kuldeep Yadav,7,6,148,11,126,17.666666666666668,1359494
Kuldeep Yadav,4,3,140,10,135,19.5,1359508
Kuldeep Yadav,0,1,125,10,125,20.0,1359518
Kuldeep Yadav,0,1,129,10,129,20.333333333333332,1359529
Kuldeep Yadav,10,17,132,9,115,15.833333333333334,1359533
Kuldeep Yadav,0,1,135,10,135,19.666666666666668,1359541
Kuldeep Yadav,1,2,164,10,137,18.833333333333332,1422120
Kuldeep Yadav,0,1,191,10,191,18.666666666666668,1426273
Kuldeep Yadav,35,26,140,9,96,13.666666666666666,1426285
Kuldeep Yadav,5,2,220,9,214,19.666666666666668,1426294
Kuldeep Yadav,6,10,134,9,125,15.166666666666666,1426300
Washington Sundar,2,2,156,8,154,19.833333333333332,1082618
Washington Sundar,1,3,150,8,143,18.833333333333332,1082631
Washington Sundar,1,3,141,8,136,19.166666666666668,1082634
Washington Sundar,5,3,151,8,133,18.5,1082642
Washington Sundar,0,1,119,7,115,19.666666666666668,1082650
Washington Sundar,0,0,0,8,170,20.0,1136563
Washington Sundar,9,4,155,8,146,18.833333333333332,1136568
Washington Sundar,35,19,192,7,123,14.333333333333334,1136571
Washington Sundar,7,8,159,6,70,10.0,1136574
Washington Sundar,13,4,197,8,184,19.333333333333332,1136584
Washington Sundar,1,3,149,7,129,17.5,1136591
Washington Sundar,1,2,166,8,156,18.833333333333332,1178421
Washington Sundar,0,1,169,7,159,18.666666666666668,1178429
Washington Sundar,10,6,161,8,137,17.5,1216499
Washington Sundar,21,18,109,5,68,11.166666666666666,1216502
Washington Sundar,0,1,148,7,142,19.166666666666668,1216505
Washington Sundar,30,27,100,6,46,8.0,1216510
Washington Sundar,17,11,126,6,69,12.166666666666666,1216519
Washington Sundar,10,10,155,5,60,11.0,1216525
Washington Sundar,13,14,159,4,55,6.666666666666667,1216531
Washington Sundar,5,2,133,8,127,19.666666666666668,1216544
Washington Sundar,5,6,126,7,94,16.0,1237178
Washington Sundar,9,15,147,1,0,0.16666666666666666,1254058
Washington Sundar,8,11,139,6,89,13.833333333333334,1254063
Washington Sundar,7,11,114,3,40,3.3333333333333335,1254076
Washington Sundar,6,9,169,6,113,15.0,1254079
Washington Sundar,40,14,139,8,71,15.833333333333334,1304051
Washington Sundar,18,14,147,6,88,13.333333333333334,1304058
Washington Sundar,3,4,181,6,134,16.666666666666668,1304086
Washington Sundar,2,2,183,7,148,17.833333333333332,1304092
Washington Sundar,4,9,120,6,74,12.666666666666666,1304107
Washington Sundar,9,7,184,7,168,18.166666666666668,1304111
Washington Sundar,25,19,145,6,85,13.166666666666666,1304116
Washington Sundar,1,5,116,5,34,7.166666666666667,1359478
Washington Sundar,16,28,117,6,53,9.166666666666666,1359484
Washington Sundar,10,6,159,9,139,17.0,1359499
Washington Sundar,9,6,130,8,113,17.666666666666668,1359503
Washington Sundar,24,15,136,7,84,14.333333333333334,1359508
Washington Sundar,0,1,158,8,155,19.5,1422130
Washington Sundar,0,0,0,9,251,19.833333333333332,1426273
DM Bravo,6,5,171,4,165,17.0,1082620
AR Bawne,12,12,153,7,139,17.333333333333332,1082622
SP Jackson,12,5,151,5,130,15.0,1082622
SP Jackson,16,17,156,6,108,12.666666666666666,1082627
SP Jackson,10,9,150,3,0,1.1666666666666667,1082631
SP Jackson,3,3,129,6,119,17.666666666666668,1304047
SP Jackson,0,1,122,7,64,9.0,1304052
SP Jackson,7,7,166,6,64,10.166666666666666,1304071
SP Jackson,8,8,197,7,167,16.333333333333332,1304076
SP Jackson,5,7,154,7,129,15.0,1304102
Ankit Soni,7,2,141,11,132,19.166666666666668,1082625
Ankit Soni,0,1,154,11,154,19.833333333333332,1082629
Ankit Soni,0,6,148,9,139,17.166666666666668,1082643
TA Boult,5,8,155,10,149,18.666666666666668,1082644
TA Boult,0,2,121,11,120,14.0,1136573
TA Boult,1,1,99,11,92,15.5,1178425
TA Boult,0,0,0,10,155,20.0,1181766
TA Boult,6,3,138,10,116,18.833333333333332,1181767
TA Boult,0,1,157,10,151,19.0,1216492
TA Boult,0,0,0,11,143,19.833333333333332,1254062
TA Boult,1,1,132,11,130,19.833333333333332,1254070
TA Boult,0,0,0,11,219,19.833333333333332,1254088
TA Boult,0,3,102,11,102,17.666666666666668,1254108
TA Boult,1,1,182,9,177,19.666666666666668,1304055
TA Boult,2,1,156,8,154,20.0,1304066
TA Boult,5,7,141,8,99,15.666666666666666,1304085
TA Boult,1,1,145,8,143,19.333333333333332,1304090
TA Boult,3,3,154,8,142,18.333333333333332,1304104
TA Boult,17,9,170,8,144,18.0,1304109
TA Boult,0,0,0,8,174,20.333333333333332,1312197
TA Boult,11,7,128,8,96,16.0,1312200
TA Boult,0,1,176,9,168,19.0,1359497
TA Boult,0,0,181,9,176,19.833333333333332,1359516
TA Boult,15,11,110,9,84,13.333333333333334,1359522
TA Boult,1,2,180,8,170,19.0,1359540
TA Boult,0,0,0,9,135,19.166666666666668,1426265
TA Boult,0,1,208,9,168,17.0,1426269
TA Boult,2,3,186,9,170,18.166666666666668,1426294
TA Boult,12,9,142,9,123,17.666666666666668,1426303
TA Boult,0,3,134,9,120,17.833333333333332,1426311
E Lewis,0,2,161,2,0,0.16666666666666666,1136561
E Lewis,29,17,139,2,0,0.16666666666666666,1136567
E Lewis,48,28,184,2,0,0.16666666666666666,1136569
E Lewis,65,42,196,2,0,0.16666666666666666,1136574
E Lewis,0,1,162,2,0,0.16666666666666666,1136581
E Lewis,5,9,85,2,0,0.16666666666666666,1136583
E Lewis,47,43,160,2,0,0.16666666666666666,1136587
E Lewis,10,13,170,2,0,0.16666666666666666,1136594
E Lewis,43,28,175,2,0,0.16666666666666666,1136597
E Lewis,18,13,202,2,0,0.16666666666666666,1136601
E Lewis,60,42,159,2,0,0.16666666666666666,1136607
E Lewis,9,7,174,2,0,0.16666666666666666,1136610
E Lewis,48,31,156,2,0,0.16666666666666666,1136615
E Lewis,32,30,151,3,23,3.0,1178419
E Lewis,15,16,192,3,8,1.5,1178422
E Lewis,1,6,154,4,83,11.833333333333334,1178426
E Lewis,27,12,182,1,0,0.16666666666666666,1254089
E Lewis,24,19,87,1,0,0.16666666666666666,1254093
E Lewis,6,4,157,1,0,0.16666666666666666,1254100
E Lewis,58,37,145,1,0,0.16666666666666666,1254103
E Lewis,36,21,176,1,0,0.16666666666666666,1254111
E Lewis,10,9,154,3,0,0.3333333333333333,1304050
E Lewis,55,23,193,4,97,11.5,1304053
E Lewis,1,5,165,3,8,1.8333333333333335,1304058
E Lewis,5,13,143,3,71,9.833333333333334,1304061
E Lewis,2,6,171,6,156,18.0,1312198
MA Wood,1,3,162,10,100,15.166666666666666,1136561
MA Wood,10,3,187,9,177,20.0,1359480
MA Wood,1,2,197,9,191,19.166666666666668,1359489
RK Singh,6,6,164,6,129,14.666666666666666,1136563
RK Singh,2,4,197,6,79,8.666666666666666,1136565
RK Singh,16,18,168,5,62,6.833333333333333,1136593
RK Singh,5,3,107,7,67,9.333333333333334,1136601
RK Singh,30,25,154,6,72,8.5,1178413
RK Singh,3,3,164,8,121,17.5,1178418
RK Singh,4,6,119,7,111,17.5,1178431
RK Singh,11,11,170,4,60,8.666666666666666,1216536
RK Singh,35,28,141,5,15,4.5,1304081
RK Singh,23,16,131,8,78,13.833333333333334,1304087
RK Singh,42,23,143,5,84,13.0,1304093
RK Singh,6,10,98,5,21,5.833333333333333,1304099
RK Singh,23,19,154,6,126,14.5,1304102
RK Singh,5,6,165,6,79,10.166666666666666,1304107
RK Singh,40,15,192,7,129,15.833333333333334,1304112
RK Singh,4,4,133,6,72,9.5,1359476
RK Singh,39,31,168,5,25,6.333333333333333,1359483
RK Singh,48,21,203,5,127,13.333333333333334,1359487
RK Singh,52,30,189,7,91,10.333333333333334,1359493
RK Singh,18,18,171,6,112,13.0,1359496
RK Singh,6,8,115,6,46,8.5,1359502
RK Singh,53,33,176,6,67,8.5,1359507
RK Singh,18,10,193,6,163,17.833333333333332,1359510
RK Singh,19,20,176,6,86,10.833333333333334,1359513
RK Singh,46,35,159,5,28,5.166666666666667,1359521
RK Singh,21,10,178,6,121,15.5,1359527
RK Singh,16,18,146,6,104,13.666666666666666,1359530
RK Singh,54,42,135,5,30,4.666666666666667,1359535
RK Singh,67,33,166,5,80,10.166666666666666,1359542
RK Singh,23,15,190,7,95,12.333333333333334,1422121
RK Singh,5,5,171,5,153,15.333333333333334,1422128
RK Singh,25,7,249,6,213,17.666666666666668,1422134
RK Singh,9,13,120,7,78,12.0,1426260
RK Singh,20,9,202,6,164,16.333333333333332,1426269
RK Singh,24,16,202,6,92,8.5,1426274
RK Singh,5,4,248,6,235,18.666666666666668,1426280
RK Singh,11,11,153,3,75,6.333333333333333,1426285
RK Singh,9,8,162,6,40,4.5,1426289
RK Singh,16,11,222,5,157,14.666666666666666,1426292
RK Singh,20,12,151,7,111,12.166666666666666,1426298
DJM Short,4,4,117,2,0,0.16666666666666666,1136564
DJM Short,6,3,150,2,0,0.16666666666666666,1136566
DJM Short,11,17,202,2,0,0.16666666666666666,1136571
DJM Short,44,43,154,2,0,0.16666666666666666,1136575
DJM Short,44,25,142,1,0,0.16666666666666666,1136592
DJM Short,2,2,144,2,0,0.16666666666666666,1136598
DJM Short,4,5,161,1,0,0.16666666666666666,1136607
K Gowtham,0,2,117,7,89,14.0,1136564
K Gowtham,2,1,150,7,148,17.833333333333332,1136566
K Gowtham,12,7,154,7,121,16.333333333333332,1136575
K Gowtham,1,2,132,8,103,14.0,1136577
K Gowtham,33,11,161,8,121,17.333333333333332,1136581
K Gowtham,8,5,139,7,127,18.666666666666668,1136588
K Gowtham,18,6,142,6,115,9.833333333333334,1136592
K Gowtham,5,3,144,8,99,14.5,1136598
K Gowtham,8,6,154,3,37,3.8333333333333335,1136600
K Gowtham,13,4,174,7,144,17.833333333333332,1136603
K Gowtham,3,5,140,7,95,11.333333333333334,1136609
K Gowtham,14,5,159,6,144,19.166666666666668,1136613
K Gowtham,9,7,143,6,129,18.166666666666668,1136618
K Gowtham,3,4,163,7,151,17.666666666666668,1175359
K Gowtham,9,8,156,7,85,13.5,1175367
K Gowtham,0,1,184,8,171,18.333333333333332,1178402
K Gowtham,6,6,106,8,56,11.666666666666666,1178428
K Gowtham,20,14,149,7,48,10.166666666666666,1216493
K Gowtham,22,13,136,8,105,16.166666666666668,1216503
K Gowtham,0,1,157,3,0,0.3333333333333333,1304066
K Gowtham,6,1,185,8,179,20.333333333333332,1359477
K Gowtham,17,11,187,8,147,16.166666666666668,1359480
K Gowtham,1,2,147,8,140,18.833333333333332,1359495
K Gowtham,23,13,101,7,36,7.166666666666667,1359517
K Gowtham,1,3,119,8,97,17.833333333333332,1359519
K Gowtham,11,4,164,8,137,18.166666666666668,1359542
K Gowtham,2,3,91,8,80,12.0,1370351
TK Curran,2,5,197,8,161,18.0,1136565
TK Curran,2,3,194,8,191,18.833333333333332,1136573
TK Curran,1,3,181,8,176,19.166666666666668,1136578
TK Curran,18,17,107,8,67,9.5,1136601
TK Curran,10,9,194,8,167,17.166666666666668,1216496
TK Curran,54,36,130,7,36,7.833333333333333,1216504
TK Curran,15,16,134,6,41,8.333333333333334,1216511
TK Curran,4,1,218,8,214,19.5,1216527
TK Curran,21,16,142,7,84,12.833333333333334,1254064
TK Curran,0,1,166,7,157,19.0,1254114
M Markande,6,3,139,9,129,18.833333333333332,1136567
M Markande,4,3,184,9,178,19.333333333333332,1136569
M Markande,0,1,162,9,154,19.0,1136581
M Markande,1,2,85,9,77,15.5,1136583
M Markande,7,5,174,10,163,18.666666666666668,1136610
M Markande,3,10,156,9,117,15.0,1136615
M Markande,6,5,175,9,140,17.333333333333332,1175362
M Markande,0,0,0,9,169,19.833333333333332,1175364
M Markande,2,2,159,11,157,19.5,1359499
M Markande,1,2,140,10,139,19.666666666666668,1359521
M Markande,18,9,145,10,119,17.0,1359536
B Stanlake,5,2,147,11,134,19.166666666666668,1136567
Mujeeb Ur Rahman,0,2,149,11,148,19.0,1136568
Mujeeb Ur Rahman,10,5,117,11,101,17.5,1136585
Mujeeb Ur Rahman,0,0,0,11,147,19.833333333333332,1175368
Mujeeb Ur Rahman,0,1,170,8,153,19.333333333333332,1178407
Mujeeb Ur Rahman,0,3,159,9,157,19.333333333333332,1178423
Mujeeb Ur Rahman,1,3,128,7,111,12.666666666666666,1216542
Mujeeb Ur Rahman,1,1,132,10,129,19.0,1254066
A Dananjaya,4,5,184,8,176,18.666666666666668,1136569
Shubman Gill,3,9,130,7,92,13.5,1136570
Shubman Gill,6,5,194,7,177,17.5,1136573
Shubman Gill,14,8,181,7,153,17.166666666666668,1136578
Shubman Gill,37,29,160,6,46,5.333333333333333,1136586
Shubman Gill,5,2,168,7,163,19.0,1136589
Shubman Gill,57,36,168,4,38,4.666666666666667,1136593
Shubman Gill,7,5,159,2,0,0.16666666666666666,1136597
Shubman Gill,16,8,240,7,213,18.166666666666668,1136604
Shubman Gill,0,0,0,7,165,19.5,1136614
Shubman Gill,28,17,159,6,44,8.166666666666666,1136618
Shubman Gill,30,20,157,6,106,12.166666666666666,1136619
Shubman Gill,18,10,179,6,115,15.666666666666666,1175357
Shubman Gill,4,5,177,6,43,7.333333333333333,1175365
Shubman Gill,3,3,179,7,135,17.166666666666668,1175372
Shubman Gill,6,10,129,4,108,11.0,1178396
Shubman Gill,9,12,104,6,22,4.833333333333333,1178398
Shubman Gill,64,38,172,2,0,0.16666666666666666,1178401
Shubman Gill,15,20,152,7,124,15.166666666666666,1178404
Shubman Gill,9,11,187,3,2,1.1666666666666667,1178410
Shubman Gill,3,4,154,3,41,2.8333333333333335,1178413
Shubman Gill,14,14,164,2,0,0.16666666666666666,1178418
Shubman Gill,76,45,224,1,0,0.16666666666666666,1178422
Shubman Gill,65,49,178,1,0,0.16666666666666666,1178427
Shubman Gill,9,16,119,1,0,0.16666666666666666,1178431
Shubman Gill,1,6,81,1,0,0.16666666666666666,1216494
Shubman Gill,9,8,187,1,0,0.16666666666666666,1216497
Shubman Gill,11,12,157,2,0,0.16666666666666666,1216501
Shubman Gill,47,34,163,1,0,0.16666666666666666,1216504
Shubman Gill,7,11,141,1,0,0.16666666666666666,1216508
Shubman Gill,36,37,159,1,0,0.16666666666666666,1216512
Shubman Gill,28,22,196,1,0,0.16666666666666666,1216515
Shubman Gill,57,45,143,1,0,0.16666666666666666,1216520
Shubman Gill,57,47,155,2,0,0.16666666666666666,1216523
Shubman Gill,21,23,141,2,0,0.16666666666666666,1216526
Shubman Gill,36,24,184,1,0,0.16666666666666666,1216530
Shubman Gill,26,17,170,1,0,0.16666666666666666,1216536
Shubman Gill,34,25,106,2,0,0.16666666666666666,1216540
Shubman Gill,69,61,137,1,0,0.16666666666666666,1216545
Shubman Gill,15,13,180,2,0,0.16666666666666666,1254060
Shubman Gill,33,24,130,2,0,0.16666666666666666,1254062
Shubman Gill,21,9,162,2,0,0.16666666666666666,1254067
Shubman Gill,0,1,188,2,0,0.16666666666666666,1254072
Shubman Gill,11,19,123,2,0,0.16666666666666666,1254075
Shubman Gill,9,8,119,1,0,0.16666666666666666,1254078
Shubman Gill,43,38,147,2,0,0.16666666666666666,1254082
Shubman Gill,48,33,89,1,0,0.16666666666666666,1254087
Shubman Gill,30,33,124,1,0,0.16666666666666666,1254092
Shubman Gill,13,9,152,1,0,0.16666666666666666,1254096
Shubman Gill,9,5,163,1,0,0.16666666666666666,1254098
Shubman Gill,7,7,157,2,0,0.16666666666666666,1254102
Shubman Gill,56,44,154,1,0,0.16666666666666666,1254106
Shubman Gill,57,51,117,1,0,0.16666666666666666,1254109
Shubman Gill,29,18,134,1,0,0.16666666666666666,1254115
Shubman Gill,46,46,126,1,0,0.16666666666666666,1254116
Shubman Gill,51,43,152,1,0,0.16666666666666666,1254117
Shubman Gill,0,3,152,1,0,0.16666666666666666,1304050
Shubman Gill,80,45,160,2,0,0.16666666666666666,1304056
Shubman Gill,96,59,182,2,0,0.16666666666666666,1304062
Shubman Gill,7,9,140,2,0,0.16666666666666666,1304067
Shubman Gill,13,13,188,2,0,0.16666666666666666,1304070
Shubman Gill,0,1,163,2,0,0.16666666666666666,1304075
Shubman Gill,7,5,146,2,0,0.16666666666666666,1304081
Shubman Gill,22,24,188,2,0,0.16666666666666666,1304086
Shubman Gill,31,27,165,2,0,0.16666666666666666,1304089
Shubman Gill,9,6,125,2,0,0.16666666666666666,1304094
Shubman Gill,52,36,168,2,0,0.16666666666666666,1304097
Shubman Gill,63,49,137,2,0,0.16666666666666666,1304103
Shubman Gill,18,17,127,2,0,0.16666666666666666,1304108
Shubman Gill,1,4,165,2,0,0.16666666666666666,1304113
Shubman Gill,35,21,178,2,0,0.16666666666666666,1312197
Shubman Gill,45,43,124,2,0,0.16666666666666666,1312200
Shubman Gill,63,36,169,2,0,0.16666666666666666,1359475
Shubman Gill,10,12,150,2,0,0.16666666666666666,1359481
Shubman Gill,39,31,184,2,0,0.16666666666666666,1359487
Shubman Gill,67,49,146,2,0,0.16666666666666666,1359492
Shubman Gill,45,34,172,2,0,0.16666666666666666,1359497
Shubman Gill,0,2,134,2,0,0.16666666666666666,1359504
Shubman Gill,56,34,202,2,0,0.16666666666666666,1359509
Shubman Gill,49,35,168,2,0,0.16666666666666666,1359513
Shubman Gill,6,7,120,2,0,0.16666666666666666,1359518
Shubman Gill,36,34,116,2,0,0.16666666666666666,1359522
Shubman Gill,94,51,220,2,0,0.16666666666666666,1359525
Shubman Gill,6,9,185,2,0,0.16666666666666666,1359531
Shubman Gill,101,58,169,2,0,0.16666666666666666,1359536
Shubman Gill,104,51,179,2,0,0.16666666666666666,1359544
Shubman Gill,42,38,142,2,0,0.16666666666666666,1370350
Shubman Gill,128,59,218,2,0,0.16666666666666666,1370352
Shubman Gill,39,20,210,2,0,0.16666666666666666,1370353
Shubman Gill,31,22,156,2,0,0.16666666666666666,1422123
Shubman Gill,8,5,132,2,0,0.16666666666666666,1422125
Shubman Gill,36,28,164,2,0,0.16666666666666666,1422130
Shubman Gill,89,48,190,2,0,0.16666666666666666,1422135
Shubman Gill,19,21,112,2,0,0.16666666666666666,1422139
Shubman Gill,72,44,184,2,0,0.16666666666666666,1426262
Shubman Gill,8,6,77,2,0,0.16666666666666666,1426270
Shubman Gill,35,29,143,2,0,0.16666666666666666,1426275
Shubman Gill,6,5,212,2,0,0.16666666666666666,1426278
Shubman Gill,16,19,188,2,0,0.16666666666666666,1426283
Shubman Gill,2,7,140,2,0,0.16666666666666666,1426290
Shubman Gill,104,55,225,2,0,0.16666666666666666,1426297
Shivam Mavi,7,8,130,8,107,16.833333333333332,1136570
Shivam Mavi,0,0,0,10,194,20.0,1136573
Shivam Mavi,0,3,160,8,138,15.666666666666666,1136586
Shivam Mavi,6,4,157,9,142,18.333333333333332,1136619
Shivam Mavi,0,1,157,10,153,19.666666666666668,1216501
Shivam Mavi,9,10,141,9,100,16.666666666666668,1216508
Shivam Mavi,1,3,196,10,194,19.5,1216515
Shivam Mavi,5,7,123,9,109,18.166666666666668,1254075
Shivam Mavi,20,13,152,10,120,16.666666666666668,1254117
Shivam Mavi,0,1,197,8,168,17.0,1304076
Shivam Mavi,2,4,141,8,91,13.5,1304081
Shivam Mavi,1,2,98,9,83,12.833333333333334,1304099
Mohammed Siraj,8,3,159,10,131,18.166666666666668,1136574
Mohammed Siraj,0,0,0,10,185,19.833333333333332,1136584
Mohammed Siraj,3,7,123,10,86,15.333333333333334,1136595
Mohammed Siraj,14,12,131,10,107,15.5,1136613
Mohammed Siraj,0,1,66,11,66,17.0,1175356
Mohammed Siraj,3,7,105,10,97,17.666666666666668,1175366
Mohammed Siraj,1,4,144,9,134,18.166666666666668,1178395
Mohammed Siraj,0,0,0,9,163,20.0,1178406
Mohammed Siraj,2,3,109,9,105,18.833333333333332,1216502
Mohammed Siraj,5,4,126,10,110,17.666666666666668,1216519
Mohammed Siraj,10,7,126,9,108,18.0,1237178
Mohammed Siraj,0,1,147,10,146,19.833333333333332,1254058
Mohammed Siraj,12,14,114,11,95,16.166666666666668,1254076
Mohammed Siraj,0,1,134,10,133,19.833333333333332,1254083
Mohammed Siraj,8,10,84,10,69,15.666666666666666,1254087
Mohammed Siraj,14,11,183,10,141,15.833333333333334,1304068
Mohammed Siraj,2,4,56,11,53,15.5,1304082
Mohammed Siraj,5,5,104,10,92,16.833333333333332,1304085
Mohammed Siraj,0,0,0,10,159,20.0,1304095
Mohammed Siraj,9,13,145,10,127,17.0,1304106
Mohammed Siraj,1,1,176,11,171,19.833333333333332,1359506
Mohammed Siraj,0,1,124,10,119,19.5,1359517
Mohammed Siraj,12,8,142,11,128,18.0,1422133
Mohammed Siraj,0,0,0,10,193,19.166666666666668,1426274
Mohammed Siraj,0,0,0,10,175,20.0,1426300
H Klaasen,7,7,132,2,0,0.16666666666666666,1136577
H Klaasen,0,1,161,6,121,16.5,1136581
H Klaasen,32,21,159,5,97,13.5,1136613
H Klaasen,18,18,143,4,108,14.333333333333334,1136618
H Klaasen,3,3,166,5,101,11.666666666666666,1178421
H Klaasen,6,6,59,4,35,2.0,1178424
H Klaasen,16,6,212,6,186,18.5,1359493
H Klaasen,36,16,159,6,68,9.333333333333334,1359499
H Klaasen,17,16,130,5,82,11.5,1359503
H Klaasen,31,19,136,6,78,13.666666666666666,1359508
H Klaasen,51,26,185,6,80,9.833333333333334,1359514
H Klaasen,36,20,140,6,40,6.5,1359521
H Klaasen,26,12,212,4,113,13.0,1359526
H Klaasen,47,29,176,5,77,9.0,1359532
H Klaasen,64,44,145,5,11,2.3333333333333335,1359536
H Klaasen,104,51,180,4,27,4.666666666666667,1359539
H Klaasen,17,12,187,3,131,14.0,1359543
H Klaasen,63,29,197,5,101,11.833333333333334,1422121
H Klaasen,79,33,257,5,153,11.166666666666666,1422126
H Klaasen,24,13,158,5,71,10.166666666666666,1422130
H Klaasen,10,11,154,5,122,14.166666666666666,1422136
H Klaasen,9,9,175,6,61,9.833333333333334,1426261
H Klaasen,67,31,272,3,105,8.333333333333334,1426268
H Klaasen,15,8,261,4,132,7.166666666666667,1426273
H Klaasen,6,2,160,5,39,4.5,1426279
H Klaasen,20,21,131,6,71,9.0,1426284
H Klaasen,42,19,193,5,124,15.166666666666666,1426288
H Klaasen,2,4,152,5,79,10.666666666666666,1426293
H Klaasen,42,26,192,5,110,10.333333333333334,1426307
H Klaasen,31,20,147,6,31,5.166666666666667,1426309
H Klaasen,50,34,167,5,57,5.166666666666667,1426311
H Klaasen,16,17,100,6,40,7.166666666666667,1426312
RK Bhui,0,5,176,1,0,0.16666666666666666,1136580
RK Bhui,7,12,110,4,75,11.833333333333334,1178405
RK Bhui,3,7,164,5,86,10.833333333333334,1422120
RK Bhui,0,2,168,3,30,3.5,1422127
JC Archer,7,7,161,7,121,16.666666666666668,1136581
JC Archer,1,1,139,8,138,20.0,1136588
JC Archer,0,0,0,7,137,12.0,1136592
JC Archer,0,1,144,7,99,14.333333333333334,1136598
JC Archer,0,1,154,8,148,19.333333333333332,1136600
JC Archer,0,0,0,8,162,19.166666666666668,1136603
JC Archer,6,5,140,10,127,16.666666666666668,1136609
JC Archer,0,4,159,2,0,0.16666666666666666,1136613
JC Archer,2,2,163,8,151,18.166666666666668,1175359
JC Archer,24,11,156,8,111,16.333333333333332,1175367
JC Archer,13,12,144,8,96,15.166666666666666,1178400
JC Archer,1,3,160,6,121,16.833333333333332,1178407
JC Archer,27,12,172,8,119,15.5,1178418
JC Archer,15,6,194,9,171,18.5,1216496
JC Archer,2,4,128,8,85,14.0,1216500
JC Archer,6,4,130,9,75,14.0,1216504
JC Archer,24,11,134,8,106,14.833333333333334,1216511
JC Archer,16,10,151,8,112,16.833333333333332,1216514
JC Archer,16,7,151,8,133,18.666666666666668,1216518
JC Archer,2,3,159,7,156,19.5,1216522
JC Archer,13,3,218,6,195,18.333333333333332,1216527
JC Archer,6,9,126,9,101,14.833333333333334,1216530
JC Archer,1,4,142,8,130,17.666666666666668,1216543
JC Archer,1,2,198,8,197,19.833333333333332,1359505
JC Archer,3,2,131,9,126,19.333333333333332,1359523
PP Shaw,22,10,130,1,0,0.16666666666666666,1136582
PP Shaw,62,44,214,1,0,0.16666666666666666,1136586
PP Shaw,9,5,190,1,0,0.16666666666666666,1136590
PP Shaw,47,25,189,1,0,0.16666666666666666,1136592
PP Shaw,65,36,160,1,0,0.16666666666666666,1136596
PP Shaw,9,11,184,1,0,0.16666666666666666,1136602
PP Shaw,2,4,173,1,0,0.16666666666666666,1136605
PP Shaw,17,17,153,1,0,0.16666666666666666,1136612
PP Shaw,12,8,162,1,0,0.16666666666666666,1136615
PP Shaw,6,5,205,1,0,0.16666666666666666,1175358
PP Shaw,24,16,140,1,0,0.16666666666666666,1175360
PP Shaw,99,55,181,1,0,0.16666666666666666,1175365
PP Shaw,0,1,141,1,0,0.16666666666666666,1175368
PP Shaw,11,11,124,1,0,0.16666666666666666,1175371
PP Shaw,28,22,139,1,0,0.16666666666666666,1178395
PP Shaw,14,7,177,1,0,0.16666666666666666,1178401
PP Shaw,4,5,144,1,0,0.16666666666666666,1178405
PP Shaw,20,24,120,1,0,0.16666666666666666,1178409
PP Shaw,13,11,155,1,0,0.16666666666666666,1178412
PP Shaw,42,39,188,1,0,0.16666666666666666,1178415
PP Shaw,18,10,182,1,0,0.16666666666666666,1178421
PP Shaw,4,5,99,1,0,0.16666666666666666,1178425
PP Shaw,8,8,116,1,0,0.16666666666666666,1178428
PP Shaw,56,38,159,1,0,0.16666666666666666,1181766
PP Shaw,5,6,138,1,0,0.16666666666666666,1181767
PP Shaw,5,9,147,1,0,0.16666666666666666,1216493
PP Shaw,19,10,166,1,0,0.16666666666666666,1216500
PP Shaw,9,6,148,1,0,0.16666666666666666,1216505
PP Shaw,0,2,181,1,0,0.16666666666666666,1216509
PP Shaw,66,41,226,1,0,0.16666666666666666,1216515
PP Shaw,42,23,180,1,0,0.16666666666666666,1216519
PP Shaw,4,3,157,1,0,0.16666666666666666,1216529
PP Shaw,2,5,136,1,0,0.16666666666666666,1216532
PP Shaw,10,11,105,1,0,0.16666666666666666,1216535
PP Shaw,64,43,167,1,0,0.16666666666666666,1216539
PP Shaw,0,1,149,1,0,0.16666666666666666,1216543
PP Shaw,7,11,160,1,0,0.16666666666666666,1216546
PP Shaw,0,2,137,1,0,0.16666666666666666,1237177
PP Shaw,72,38,186,1,0,0.16666666666666666,1254059
PP Shaw,2,5,142,1,0,0.16666666666666666,1254064
PP Shaw,32,17,182,1,0,0.16666666666666666,1254068
PP Shaw,7,5,127,1,0,0.16666666666666666,1254070
PP Shaw,53,39,154,1,0,0.16666666666666666,1254077
PP Shaw,21,18,164,1,0,0.16666666666666666,1254079
PP Shaw,82,40,150,1,0,0.16666666666666666,1254082
PP Shaw,39,22,162,1,0,0.16666666666666666,1254086
PP Shaw,10,12,145,1,0,0.16666666666666666,1254097
PP Shaw,48,31,155,1,0,0.16666666666666666,1254101
PP Shaw,11,8,135,1,0,0.16666666666666666,1254105
PP Shaw,18,12,131,1,0,0.16666666666666666,1254110
PP Shaw,6,7,126,1,0,0.16666666666666666,1254112
PP Shaw,60,34,166,1,0,0.16666666666666666,1254114
PP Shaw,18,12,129,1,0,0.16666666666666666,1254116
PP Shaw,38,24,168,1,0,0.16666666666666666,1304048
PP Shaw,10,7,146,1,0,0.16666666666666666,1304056
PP Shaw,61,34,143,1,0,0.16666666666666666,1304061
PP Shaw,51,29,198,1,0,0.16666666666666666,1304065
PP Shaw,16,13,168,1,0,0.16666666666666666,1304073
PP Shaw,41,20,113,1,0,0.16666666666666666,1304078
PP Shaw,37,27,194,1,0,0.16666666666666666,1304080
PP Shaw,0,1,138,1,0,0.16666666666666666,1304087
PP Shaw,5,7,186,1,0,0.16666666666666666,1304091
PP Shaw,24,23,145,1,0,0.16666666666666666,1304115
PP Shaw,12,9,133,1,0,0.16666666666666666,1359477
PP Shaw,7,5,147,2,0,0.16666666666666666,1359481
PP Shaw,0,3,132,1,0,0.16666666666666666,1359485
PP Shaw,15,10,154,2,0,0.16666666666666666,1359490
PP Shaw,0,2,148,2,0,0.16666666666666666,1359494
PP Shaw,12,10,118,2,0,0.16666666666666666,1359502
PP Shaw,54,38,208,2,0,0.16666666666666666,1359538
PP Shaw,5,7,135,1,0,0.16666666666666666,1359541
PP Shaw,43,27,179,1,0,0.16666666666666666,1422131
PP Shaw,10,7,150,2,0,0.16666666666666666,1422134
PP Shaw,66,40,196,1,0,0.16666666666666666,1422138
PP Shaw,32,22,162,1,0,0.16666666666666666,1426264
PP Shaw,7,6,86,1,0,0.16666666666666666,1426270
PP Shaw,16,5,191,1,0,0.16666666666666666,1426273
PP Shaw,11,7,219,1,0,0.16666666666666666,1426278
PP Shaw,13,7,140,1,0,0.16666666666666666,1426285
LE Plunkett,0,1,130,8,114,18.166666666666668,1136582
LE Plunkett,1,2,189,7,184,16.5,1136592
Mustafizur Rahman,1,3,85,11,79,17.833333333333332,1136583
Mustafizur Rahman,0,0,0,11,156,19.5,1136615
Mustafizur Rahman,0,4,124,11,124,19.833333333333332,1254069
Mustafizur Rahman,0,0,0,11,157,19.5,1254073
Mustafizur Rahman,8,7,87,11,79,18.833333333333332,1254093
Mustafizur Rahman,0,3,84,11,84,15.666666666666666,1254106
Mustafizur Rahman,0,0,0,11,176,20.0,1254111
Mustafizur Rahman,3,5,146,11,132,17.666666666666668,1304056
Mustafizur Rahman,1,1,154,11,148,19.166666666666668,1359490
AD Hales,45,39,150,1,0,0.16666666666666666,1136588
AD Hales,44,30,157,1,0,0.16666666666666666,1136596
AD Hales,5,5,137,1,0,0.16666666666666666,1136599
AD Hales,14,10,189,1,0,0.16666666666666666,1136602
AD Hales,2,9,166,2,0,0.16666666666666666,1136606
AD Hales,37,24,199,2,0,0.16666666666666666,1136611
MK Lomror,11,12,139,6,95,14.166666666666666,1136588
MK Lomror,9,9,154,7,145,18.166666666666668,1136600
MK Lomror,8,3,106,4,19,4.0,1178428
MK Lomror,1,2,128,5,68,10.666666666666666,1216500
MK Lomror,11,13,134,5,12,3.0,1216511
MK Lomror,47,39,151,5,31,4.333333333333333,1216514
MK Lomror,19,24,115,5,17,4.5,1254097
MK Lomror,29,28,157,5,76,10.333333333333334,1254100
MK Lomror,3,4,145,4,99,11.333333333333334,1254103
MK Lomror,43,17,176,5,110,12.166666666666666,1254111
MK Lomror,16,8,163,7,146,18.666666666666668,1304089
MK Lomror,42,27,161,4,70,9.166666666666666,1304095
MK Lomror,6,3,145,4,30,4.5,1304106
MK Lomror,14,9,196,5,84,10.666666666666666,1312198
MK Lomror,8,10,142,5,100,14.166666666666666,1312199
MK Lomror,25,17,162,3,41,4.833333333333333,1359494
MK Lomror,0,5,207,3,6,0.8333333333333334,1359498
MK Lomror,7,9,162,5,144,17.666666666666668,1359501
MK Lomror,8,6,176,5,129,13.5,1359506
MK Lomror,34,18,173,5,57,6.0,1359510
MK Lomror,3,4,124,7,107,17.0,1359517
MK Lomror,54,29,173,4,81,11.0,1359524
MK Lomror,1,3,193,5,131,12.666666666666666,1359528
MK Lomror,1,2,166,4,114,15.166666666666666,1359534
MK Lomror,1,3,190,4,79,8.5,1359544
MK Lomror,17,8,160,8,115,16.5,1422124
MK Lomror,33,13,142,7,87,13.166666666666666,1422133
MK Lomror,0,1,186,7,145,16.833333333333332,1426263
MK Lomror,19,11,248,7,121,10.166666666666666,1426268
MK Lomror,4,3,212,7,144,12.666666666666666,1426274
MK Lomror,7,4,199,6,137,15.166666666666666,1426279
MK Lomror,0,2,229,7,227,19.333333333333332,1426296
MK Lomror,13,8,177,6,132,14.833333333333334,1426300
MK Lomror,0,1,210,7,210,20.0,1426306
MK Lomror,32,17,168,6,93,12.833333333333334,1426310
DR Shorey,8,9,121,4,61,8.833333333333334,1136595
DR Shorey,5,8,101,6,45,7.5,1178419
MM Ali,10,7,136,5,72,10.0,1136599
MM Ali,1,3,176,2,0,0.16666666666666666,1136605
MM Ali,65,34,214,4,38,5.0,1136611
MM Ali,1,2,131,4,74,8.666666666666666,1136613
MM Ali,9,8,66,3,14,3.6666666666666665,1175356
MM Ali,13,7,176,2,0,0.16666666666666666,1175362
MM Ali,2,8,105,5,22,3.8333333333333335,1175366
MM Ali,18,9,152,6,121,17.5,1175369
MM Ali,0,2,200,5,182,19.166666666666668,1175372
MM Ali,32,18,144,5,63,10.833333333333334,1178395
MM Ali,50,32,163,4,44,7.166666666666667,1178406
MM Ali,66,28,207,4,57,9.0,1178410
MM Ali,26,16,157,6,123,15.833333333333334,1178414
MM Ali,4,5,191,4,66,6.5,1178417
MM Ali,11,13,126,5,39,6.0,1216519
MM Ali,1,2,133,5,119,17.666666666666668,1216544
MM Ali,0,1,126,5,54,10.666666666666666,1237178
MM Ali,36,24,172,3,5,2.0,1254059
MM Ali,46,31,100,3,19,5.166666666666667,1254065
MM Ali,26,20,173,3,25,4.0,1254069
MM Ali,25,12,204,3,110,12.5,1254072
MM Ali,15,8,170,3,128,13.166666666666666,1254080
MM Ali,58,36,202,3,4,0.8333333333333334,1254084
MM Ali,21,17,184,4,57,8.666666666666666,1254089
MM Ali,17,17,136,3,74,10.333333333333334,1254091
MM Ali,0,6,125,3,16,4.0,1254094
MM Ali,32,28,167,3,73,8.5,1254098
MM Ali,0,3,145,3,0,1.0,1254104
MM Ali,5,8,121,4,28,4.833333333333333,1254110
MM Ali,23,18,151,3,69,8.5,1254113
MM Ali,16,12,169,6,116,14.833333333333334,1254114
MM Ali,37,20,186,4,120,13.833333333333334,1254117
MM Ali,35,22,196,3,22,2.6666666666666665,1304053
MM Ali,0,2,119,3,10,2.1666666666666665,1304057
MM Ali,48,35,149,3,25,3.3333333333333335,1304063
MM Ali,3,8,203,3,19,3.8333333333333335,1304068
MM Ali,1,3,163,3,5,2.5,1304075
MM Ali,34,27,156,5,75,9.833333333333334,1304095
MM Ali,9,4,195,6,175,18.5,1304101
MM Ali,0,2,82,3,1,0.5,1304105
MM Ali,21,17,126,3,7,2.3333333333333335,1304108
MM Ali,93,57,145,3,2,1.1666666666666667,1304114
MM Ali,23,16,170,3,13,2.5,1359475
MM Ali,19,13,200,4,104,10.5,1359480
MM Ali,7,10,162,5,87,12.166666666666666,1359491
MM Ali,17,7,217,6,176,16.666666666666668,1359498
MM Ali,6,6,136,5,120,17.166666666666668,1359503
MM Ali,23,12,168,6,72,10.833333333333334,1359511
MM Ali,10,6,192,4,124,14.166666666666666,1359515
MM Ali,7,12,152,4,44,6.333333333333333,1359529
MM Ali,1,2,137,6,68,10.333333333333334,1359535
MM Ali,9,4,167,8,152,19.0,1370350
MM Ali,30,20,172,7,89,12.5,1426272
MM Ali,15,9,140,6,96,15.666666666666666,1426287
MM Ali,17,20,161,5,68,7.5,1426291
MM Ali,56,36,189,5,10,3.0,1426297
MM Ali,10,13,139,4,64,8.0,1426299
M Prasidh Krishna,1,5,107,11,105,17.0,1136601
M Prasidh Krishna,0,0,0,11,157,19.666666666666668,1136619
M Prasidh Krishna,0,2,104,10,74,15.833333333333334,1178398
M Prasidh Krishna,0,1,143,11,143,20.0,1216520
M Prasidh Krishna,2,3,106,11,102,19.166666666666668,1216540
M Prasidh Krishna,0,1,188,11,187,18.666666666666668,1254072
M Prasidh Krishna,0,0,0,10,123,19.5,1254075
M Prasidh Krishna,4,7,152,9,135,16.166666666666668,1304070
M Prasidh Krishna,2,5,141,9,107,17.333333333333332,1304085
M Prasidh Krishna,0,0,0,10,128,19.833333333333332,1312200
P Chopra,8,6,174,5,97,11.5,1136603
JPR Scantlebury-Searles,6,1,240,8,225,19.5,1136604
JPR Scantlebury-Searles,2,5,159,8,127,17.333333333333332,1136618
Abhishek Sharma,46,19,173,6,115,15.333333333333334,1136605
Abhishek Sharma,2,4,153,6,87,14.0,1136612
Abhishek Sharma,15,10,162,6,131,17.0,1136615
Abhishek Sharma,2,3,110,7,102,16.666666666666668,1178405
Abhishek Sharma,5,3,192,8,184,19.333333333333332,1178423
Abhishek Sharma,2,3,159,6,96,13.5,1178426
Abhishek Sharma,8,5,115,5,78,11.166666666666666,1216502
Abhishek Sharma,31,24,152,6,66,11.166666666666666,1216516
Abhishek Sharma,1,1,155,6,154,19.833333333333332,1216532
Abhishek Sharma,7,4,138,6,111,15.666666666666666,1216534
Abhishek Sharma,10,13,159,6,123,14.333333333333334,1216538
Abhishek Sharma,12,6,189,7,163,18.333333333333332,1216542
Abhishek Sharma,2,3,135,6,133,19.5,1216545
Abhishek Sharma,2,4,132,6,97,14.333333333333334,1254066
Abhishek Sharma,5,6,150,6,101,14.5,1254077
Abhishek Sharma,33,16,177,2,0,0.16666666666666666,1254088
Abhishek Sharma,18,13,124,5,58,11.166666666666666,1254091
Abhishek Sharma,13,10,137,2,0,0.16666666666666666,1254095
Abhishek Sharma,21,16,150,5,108,13.166666666666666,1254100
Abhishek Sharma,6,10,112,5,37,7.0,1254109
Abhishek Sharma,9,19,139,2,0,0.16666666666666666,1304051
Abhishek Sharma,13,11,147,1,0,0.16666666666666666,1304058
Abhishek Sharma,75,50,147,1,0,0.16666666666666666,1304063
Abhishek Sharma,42,32,162,1,0,0.16666666666666666,1304067
Abhishek Sharma,3,10,164,1,0,0.16666666666666666,1304071
Abhishek Sharma,31,25,144,1,0,0.16666666666666666,1304074
Abhishek Sharma,47,28,70,1,0,0.16666666666666666,1304082
Abhishek Sharma,65,42,181,1,0,0.16666666666666666,1304086
Abhishek Sharma,38,23,183,1,0,0.16666666666666666,1304092
Abhishek Sharma,7,6,175,1,0,0.16666666666666666,1304096
Abhishek Sharma,0,3,118,1,0,0.16666666666666666,1304100
Abhishek Sharma,43,28,120,1,0,0.16666666666666666,1304107
Abhishek Sharma,9,10,184,1,0,0.16666666666666666,1304111
Abhishek Sharma,43,32,145,2,0,0.16666666666666666,1304116
Abhishek Sharma,0,3,116,1,0,0.16666666666666666,1359478
Abhishek Sharma,32,17,212,5,121,13.0,1359493
Abhishek Sharma,1,2,159,5,67,9.0,1359499
Abhishek Sharma,34,26,130,2,0,0.16666666666666666,1359503
Abhishek Sharma,5,5,136,4,68,11.666666666666666,1359508
Abhishek Sharma,67,36,185,1,0,0.16666666666666666,1359514
Abhishek Sharma,9,10,140,1,0,0.16666666666666666,1359521
Abhishek Sharma,55,34,212,2,0,0.16666666666666666,1359526
Abhishek Sharma,6,4,176,2,0,0.16666666666666666,1359532
Abhishek Sharma,5,5,145,2,0,0.16666666666666666,1359536
Abhishek Sharma,11,14,180,1,0,0.16666666666666666,1359539
Abhishek Sharma,32,19,197,2,0,0.16666666666666666,1422121
Abhishek Sharma,63,22,257,3,43,4.333333333333333,1422126
Abhishek Sharma,29,20,158,3,32,4.5,1422130
Abhishek Sharma,31,11,154,2,0,0.16666666666666666,1422136
Abhishek Sharma,16,11,175,2,0,0.16666666666666666,1426261
Abhishek Sharma,34,22,272,1,0,0.16666666666666666,1426268
Abhishek Sharma,46,12,261,2,0,0.16666666666666666,1426273
Abhishek Sharma,31,13,160,1,0,0.16666666666666666,1426279
Abhishek Sharma,15,9,131,2,0,0.16666666666666666,1426284
Abhishek Sharma,12,10,193,2,0,0.16666666666666666,1426288
Abhishek Sharma,11,16,152,2,0,0.16666666666666666,1426293
Abhishek Sharma,75,28,164,1,0,0.16666666666666666,1426295
Abhishek Sharma,66,28,192,2,0,0.16666666666666666,1426307
Abhishek Sharma,3,4,147,2,0,0.16666666666666666,1426309
Abhishek Sharma,12,5,167,2,0,0.16666666666666666,1426311
Abhishek Sharma,2,5,100,1,0,0.16666666666666666,1426312
IS Sodhi,1,6,140,9,106,14.0,1136609
IS Sodhi,6,11,106,9,64,13.5,1178428
SO Hetmyer,0,2,66,5,36,7.5,1175356
SO Hetmyer,5,6,176,5,115,13.833333333333334,1175362
SO Hetmyer,9,9,105,2,0,0.16666666666666666,1175366
SO Hetmyer,1,9,152,4,68,8.666666666666666,1175369
SO Hetmyer,75,47,169,4,17,2.0,1178429
SO Hetmyer,7,13,147,3,5,1.8333333333333335,1216493
SO Hetmyer,10,5,129,5,71,11.5,1216497
SO Hetmyer,45,24,166,6,71,9.5,1216500
SO Hetmyer,7,5,226,6,219,19.333333333333332,1216515
SO Hetmyer,11,7,180,6,164,18.833333333333332,1216519
SO Hetmyer,16,13,122,4,12,2.1666666666666665,1216524
SO Hetmyer,21,12,136,5,60,11.666666666666666,1216532
SO Hetmyer,11,13,105,6,54,11.333333333333334,1216535
SO Hetmyer,10,6,160,6,137,17.666666666666668,1216546
SO Hetmyer,40,21,175,4,118,14.166666666666666,1237180
SO Hetmyer,5,5,152,6,115,15.166666666666666,1237181
SO Hetmyer,0,0,0,5,182,18.666666666666668,1254059
SO Hetmyer,14,8,127,6,108,17.166666666666668,1254070
SO Hetmyer,1,2,154,5,138,18.5,1254077
SO Hetmyer,53,25,164,6,86,13.166666666666666,1254079
SO Hetmyer,0,1,150,5,144,16.0,1254082
SO Hetmyer,16,4,162,5,144,16.666666666666668,1254086
SO Hetmyer,4,5,121,5,75,12.5,1254092
SO Hetmyer,28,16,145,5,81,11.833333333333334,1254097
SO Hetmyer,29,22,155,5,103,12.833333333333334,1254101
SO Hetmyer,28,18,131,7,94,14.333333333333334,1254110
SO Hetmyer,15,8,126,7,73,11.833333333333334,1254112
SO Hetmyer,37,24,166,6,80,10.5,1254114
SO Hetmyer,17,9,129,6,87,15.5,1254116
SO Hetmyer,32,13,191,5,133,15.166666666666666,1304051
SO Hetmyer,35,14,182,5,127,14.5,1304055
SO Hetmyer,42,31,161,5,82,11.833333333333334,1304059
SO Hetmyer,59,36,156,5,59,9.333333333333334,1304066
SO Hetmyer,29,17,152,6,74,7.666666666666667,1304070
SO Hetmyer,26,13,200,4,152,15.5,1304076
SO Hetmyer,1,1,217,4,199,19.166666666666668,1304080
SO Hetmyer,3,7,141,7,96,14.5,1304085
SO Hetmyer,6,14,145,5,85,14.333333333333334,1304090
SO Hetmyer,27,13,142,6,110,17.166666666666668,1304093
SO Hetmyer,31,16,183,5,137,14.5,1304098
SO Hetmyer,6,7,135,6,92,15.0,1304114
SO Hetmyer,4,7,176,5,108,14.333333333333334,1312197
SO Hetmyer,2,3,161,5,148,17.0,1312199
SO Hetmyer,11,12,128,5,77,12.0,1312200
SO Hetmyer,22,16,195,6,166,16.333333333333332,1359478
SO Hetmyer,36,18,182,7,113,14.333333333333334,1359482
SO Hetmyer,39,20,193,5,122,14.166666666666666,1359485
SO Hetmyer,30,18,165,6,126,15.166666666666666,1359491
SO Hetmyer,56,26,176,6,53,10.666666666666666,1359497
SO Hetmyer,2,5,128,5,84,13.666666666666666,1359500
SO Hetmyer,3,9,171,5,106,13.833333333333334,1359506
SO Hetmyer,8,10,191,4,117,13.333333333333334,1359511
SO Hetmyer,8,9,181,6,116,14.5,1359516
SO Hetmyer,7,13,110,7,67,9.5,1359522
SO Hetmyer,7,5,203,4,182,18.666666666666668,1359526
SO Hetmyer,35,19,56,6,17,4.5,1359534
SO Hetmyer,46,28,180,5,88,11.0,1359540
SO Hetmyer,5,7,185,5,137,15.333333333333334,1422122
SO Hetmyer,14,7,178,7,137,17.5,1422127
SO Hetmyer,11,6,186,6,162,16.666666666666668,1422137
SO Hetmyer,13,5,189,5,167,19.0,1426262
SO Hetmyer,27,10,149,6,110,16.833333333333332,1426265
SO Hetmyer,0,1,208,7,112,12.333333333333334,1426269
SO Hetmyer,13,9,186,5,126,13.833333333333334,1426288
SO Hetmyer,26,14,168,6,109,13.333333333333334,1426310
SO Hetmyer,4,9,134,7,76,11.833333333333334,1426311
S Dube,2,5,66,6,36,8.166666666666666,1175356
S Dube,9,5,176,7,164,18.833333333333332,1175362
S Dube,5,7,105,6,26,6.333333333333333,1175366
S Dube,24,16,166,4,66,7.5,1178421
S Dube,2,6,161,5,130,15.5,1216499
S Dube,17,11,148,6,109,16.166666666666668,1216505
S Dube,12,12,100,7,50,8.5,1216510
S Dube,11,12,126,7,86,13.833333333333334,1216519
S Dube,22,14,155,6,86,14.666666666666666,1216525
S Dube,23,19,159,5,79,10.666666666666666,1216531
S Dube,7,8,152,5,112,16.0,1216534
S Dube,27,10,191,5,145,17.333333333333332,1216547
S Dube,8,13,126,6,58,11.166666666666666,1237178
S Dube,23,15,207,5,65,7.666666666666667,1254061
S Dube,2,7,147,4,11,3.1666666666666665,1254064
S Dube,17,20,124,4,43,6.0,1254069
S Dube,46,32,164,5,18,4.666666666666667,1254073
S Dube,22,18,119,4,37,5.166666666666667,1254075
S Dube,35,31,165,4,89,10.0,1254081
S Dube,64,42,182,4,81,6.333333333333333,1254089
S Dube,3,8,87,4,39,5.666666666666667,1254093
S Dube,18,20,84,4,1,1.3333333333333333,1254106
S Dube,3,6,119,6,48,8.833333333333334,1304047
S Dube,49,30,196,4,78,7.666666666666667,1304053
S Dube,55,29,119,6,22,5.666666666666667,1304057
S Dube,3,5,149,5,98,13.666666666666666,1304063
S Dube,95,46,203,4,35,6.833333333333333,1304068
S Dube,19,17,163,5,118,14.666666666666666,1304075
S Dube,13,14,148,5,62,9.166666666666666,1304079
S Dube,8,7,160,4,22,5.666666666666667,1304084
S Dube,32,19,195,3,104,11.166666666666666,1304101
S Dube,10,9,82,7,24,5.833333333333333,1304105
S Dube,0,2,126,5,109,16.166666666666668,1304108
S Dube,19,18,170,6,119,13.0,1359475
S Dube,27,16,200,3,96,9.333333333333334,1359480
S Dube,28,26,149,4,75,8.166666666666666,1359486
S Dube,8,9,162,4,75,9.666666666666666,1359491
S Dube,52,27,217,4,89,9.666666666666666,1359498
S Dube,50,21,232,4,109,12.333333333333334,1359507
S Dube,52,33,168,4,69,9.5,1359511
S Dube,28,17,192,3,82,9.833333333333334,1359515
S Dube,26,18,135,5,100,13.0,1359523
S Dube,25,12,152,5,58,9.833333333333334,1359529
S Dube,48,34,137,5,66,9.666666666666666,1359535
S Dube,22,9,211,3,139,14.666666666666666,1359541
S Dube,1,3,167,3,85,10.666666666666666,1370350
S Dube,32,21,166,3,71,6.666666666666667,1370353
S Dube,34,28,160,5,96,10.666666666666666,1422119
S Dube,51,23,200,4,100,10.333333333333334,1422125
S Dube,17,16,157,5,70,10.5,1422131
S Dube,45,24,163,4,54,7.333333333333333,1422136
S Dube,28,18,136,4,92,12.666666666666666,1426260
S Dube,66,38,198,4,58,8.0,1426267
S Dube,3,8,172,5,68,8.333333333333334,1426272
S Dube,66,27,206,5,99,12.0,1426277
S Dube,39,20,203,4,122,13.833333333333334,1426284
S Dube,0,1,140,3,59,8.5,1426287
S Dube,0,1,161,4,68,7.333333333333333,1426291
S Dube,21,13,189,6,114,12.5,1426297
S Dube,18,11,139,5,82,12.0,1426299
S Dube,7,15,172,5,75,9.333333333333334,1426306
Navdeep Saini,2,3,66,8,47,10.666666666666666,1175356
Navdeep Saini,0,1,59,9,59,5.166666666666667,1178424
Navdeep Saini,6,7,100,9,80,14.166666666666666,1216510
Navdeep Saini,12,12,126,9,109,17.333333333333332,1216519
Navdeep Saini,9,8,126,8,106,17.333333333333332,1237178
Navdeep Saini,2,4,114,9,82,12.166666666666666,1254076
Navdeep Saini,2,2,182,8,174,19.166666666666668,1304055
JM Bairstow,39,34,173,2,0,0.16666666666666666,1175357
JM Bairstow,45,28,195,2,0,0.16666666666666666,1175363
JM Bairstow,114,56,229,1,0,0.16666666666666666,1175366
JM Bairstow,48,28,120,2,0,0.16666666666666666,1175371
JM Bairstow,16,10,90,2,0,0.16666666666666666,1178394
JM Bairstow,1,6,142,2,0,0.16666666666666666,1178397
JM Bairstow,40,30,110,2,0,0.16666666666666666,1178405
JM Bairstow,61,44,134,2,0,0.16666666666666666,1178408
JM Bairstow,80,43,155,2,0,0.16666666666666666,1178413
JM Bairstow,0,2,171,2,0,0.16666666666666666,1178416
JM Bairstow,19,20,110,2,0,0.16666666666666666,1216498
JM Bairstow,16,19,154,2,0,0.16666666666666666,1216507
JM Bairstow,36,28,153,1,0,0.16666666666666666,1216512
JM Bairstow,0,3,152,2,0,0.16666666666666666,1216516
JM Bairstow,10,7,149,2,0,0.16666666666666666,1216518
JM Bairstow,23,24,141,2,0,0.16666666666666666,1216528
JM Bairstow,53,48,155,2,0,0.16666666666666666,1216532
JM Bairstow,61,43,138,2,0,0.16666666666666666,1216534
JM Bairstow,25,15,159,2,0,0.16666666666666666,1216538
JM Bairstow,97,55,189,2,0,0.16666666666666666,1216542
JM Bairstow,5,10,135,2,0,0.16666666666666666,1216545
JM Bairstow,55,40,170,4,10,2.3333333333333335,1254060
JM Bairstow,12,13,127,4,88,13.5,1254063
JM Bairstow,43,22,132,2,0,0.16666666666666666,1254066
JM Bairstow,63,56,116,2,0,0.16666666666666666,1254071
JM Bairstow,38,18,150,2,0,0.16666666666666666,1254077
JM Bairstow,7,5,163,2,0,0.16666666666666666,1254080
JM Bairstow,30,21,157,2,0,0.16666666666666666,1254085
JM Bairstow,8,8,185,3,10,2.1666666666666665,1304062
JM Bairstow,12,13,182,3,86,9.666666666666666,1304069
JM Bairstow,12,10,144,3,10,2.8333333333333335,1304074
JM Bairstow,9,8,113,3,31,3.8333333333333335,1304078
JM Bairstow,6,3,173,5,160,19.333333333333332,1304084
JM Bairstow,31,27,117,3,30,4.833333333333333,1304088
JM Bairstow,1,6,132,1,0,0.16666666666666666,1304094
JM Bairstow,56,40,174,1,0,0.16666666666666666,1304098
JM Bairstow,66,28,202,1,0,0.16666666666666666,1304106
JM Bairstow,28,15,135,1,0,0.16666666666666666,1304110
JM Bairstow,23,15,154,1,0,0.16666666666666666,1304116
JM Bairstow,9,3,169,2,0,0.16666666666666666,1422120
JM Bairstow,8,6,168,2,0,0.16666666666666666,1422124
JM Bairstow,42,29,174,2,0,0.16666666666666666,1422129
JM Bairstow,22,13,187,2,0,0.16666666666666666,1422135
JM Bairstow,0,3,173,2,0,0.16666666666666666,1426261
JM Bairstow,15,19,139,2,0,0.16666666666666666,1426265
JM Bairstow,108,48,256,2,0,0.16666666666666666,1426280
JM Bairstow,46,30,149,2,0,0.16666666666666666,1426287
JM Bairstow,7,6,130,2,0,0.16666666666666666,1426291
JM Bairstow,27,16,175,2,0,0.16666666666666666,1426296
JM Bairstow,14,22,144,2,0,0.16666666666666666,1426303
KMA Paul,3,5,205,6,127,15.333333333333334,1175358
KMA Paul,0,4,140,6,116,16.0,1175360
KMA Paul,7,4,144,8,126,18.166666666666668,1178405
KMA Paul,0,0,0,8,105,17.166666666666668,1178409
KMA Paul,5,4,159,8,147,18.333333333333332,1181766
KMA Paul,3,7,138,8,94,16.0,1181767
Rasikh Salam,5,4,167,10,161,18.666666666666668,1175358
Rasikh Salam,7,6,165,10,137,16.166666666666668,1304065
Rasikh Salam,1,5,150,9,144,15.166666666666666,1422134
Rasikh Salam,8,10,140,10,106,14.666666666666666,1426285
Rasikh Salam,9,3,220,8,194,18.833333333333332,1426294
Rasikh Salam,10,12,134,8,88,11.166666666666666,1426300
N Pooran,12,14,168,5,131,16.166666666666668,1175359
N Pooran,5,6,170,5,142,17.333333333333332,1178407
N Pooran,46,28,181,5,102,10.333333333333334,1178417
N Pooran,21,10,159,4,65,8.833333333333334,1178423
N Pooran,48,27,180,4,22,4.333333333333333,1178427
N Pooran,36,22,159,3,99,10.666666666666666,1178430
N Pooran,0,3,149,4,26,5.333333333333333,1216493
N Pooran,32,28,119,4,64,10.166666666666666,1216498
N Pooran,44,27,136,4,38,5.833333333333333,1216503
N Pooran,2,6,151,4,62,8.666666666666666,1216506
N Pooran,17,18,195,3,55,7.166666666666667,1216510
N Pooran,33,17,174,4,91,12.166666666666666,1216513
N Pooran,24,12,172,4,72,9.333333333333334,1216517
N Pooran,2,3,147,4,144,18.333333333333332,1216520
N Pooran,16,10,160,3,114,14.5,1216523
N Pooran,25,8,213,4,185,18.166666666666668,1216527
N Pooran,6,1,165,4,159,20.0,1216531
N Pooran,22,9,170,4,115,15.0,1216537
N Pooran,77,37,128,4,31,4.5,1216542
N Pooran,53,28,159,4,49,5.5,1216546
N Pooran,0,1,211,5,186,17.666666666666668,1254061
N Pooran,0,2,102,5,18,4.5,1254065
N Pooran,9,8,182,5,146,16.666666666666668,1254068
N Pooran,0,0,0,4,39,7.166666666666667,1254071
N Pooran,19,19,118,5,39,7.833333333333333,1254078
N Pooran,0,3,174,4,96,11.0,1254083
N Pooran,3,7,149,3,85,11.0,1254090
N Pooran,2,3,129,5,38,7.0,1254099
N Pooran,12,7,162,3,67,9.0,1254102
N Pooran,8,4,118,5,55,10.833333333333334,1254107
N Pooran,32,22,173,4,117,13.166666666666666,1254111
N Pooran,0,9,139,4,3,3.3333333333333335,1304051
N Pooran,34,24,147,5,76,10.333333333333334,1304058
N Pooran,5,2,147,4,138,17.5,1304063
N Pooran,34,18,162,4,101,13.333333333333334,1304067
N Pooran,5,8,164,5,126,14.5,1304071
N Pooran,35,30,144,5,72,10.666666666666666,1304074
N Pooran,3,5,181,5,127,15.333333333333334,1304086
N Pooran,64,33,183,5,86,10.0,1304092
N Pooran,62,34,175,5,35,7.166666666666667,1304096
N Pooran,19,14,118,5,51,8.5,1304100
N Pooran,2,3,120,5,71,12.0,1304107
N Pooran,38,22,184,4,90,10.0,1304111
N Pooran,5,10,145,5,75,10.666666666666666,1304116
N Pooran,36,21,185,6,115,14.333333333333334,1359477
N Pooran,32,18,187,6,97,10.166666666666666,1359480
N Pooran,11,6,110,7,97,14.5,1359484
N Pooran,62,19,197,6,92,11.0,1359489
N Pooran,0,1,147,5,103,14.5,1359495
N Pooran,29,20,148,6,98,14.0,1359500
N Pooran,1,7,126,4,105,14.666666666666666,1359504
N Pooran,45,19,235,5,149,13.666666666666666,1359512
N Pooran,9,7,101,6,25,5.333333333333333,1359517
N Pooran,20,31,119,6,34,7.0,1359519
N Pooran,3,6,163,5,124,15.0,1359525
N Pooran,44,13,179,5,121,15.833333333333334,1359532
N Pooran,8,8,167,6,111,16.166666666666668,1359537
N Pooran,58,30,164,7,67,10.333333333333334,1359542
N Pooran,0,1,91,6,66,9.833333333333334,1370351
N Pooran,64,41,159,6,51,7.666666666666667,1422122
N Pooran,42,21,192,5,77,8.833333333333334,1422129
N Pooran,40,21,171,5,120,14.0,1422133
N Pooran,32,22,158,5,87,12.833333333333334,1422139
N Pooran,0,1,157,5,62,7.666666666666667,1426264
N Pooran,45,32,153,6,92,11.833333333333334,1426266
N Pooran,23,11,167,3,127,15.166666666666666,1426272
N Pooran,34,15,195,5,82,11.166666666666666,1426277
N Pooran,11,11,172,5,112,12.333333333333334,1426282
N Pooran,14,14,134,5,95,13.333333333333334,1426286
N Pooran,10,8,130,5,74,8.5,1426292
N Pooran,48,26,161,5,56,10.166666666666666,1426295
N Pooran,61,27,183,5,22,3.3333333333333335,1426302
N Pooran,75,29,203,5,66,9.666666666666666,1426305
P Ray Barman,19,24,105,8,31,7.666666666666667,1175366
SM Curran,20,10,157,2,0,0.16666666666666666,1175368
SM Curran,0,1,128,7,127,19.833333333333332,1178393
SM Curran,5,3,150,6,139,19.166666666666668,1178397
SM Curran,8,3,190,5,137,17.0,1178399
SM Curran,1,3,166,5,106,13.166666666666666,1178403
SM Curran,0,4,158,6,106,12.5,1178412
SM Curran,55,24,180,6,110,13.666666666666666,1178427
SM Curran,6,7,159,6,150,16.5,1178430
SM Curran,18,6,158,6,126,17.333333333333332,1216492
SM Curran,17,6,194,4,56,7.666666666666667,1216496
SM Curran,17,11,153,5,98,13.333333333333334,1216501
SM Curran,0,3,175,1,0,0.16666666666666666,1216509
SM Curran,15,5,146,7,108,17.833333333333332,1216516
SM Curran,52,47,102,7,19,5.5,1216521
SM Curran,0,1,127,6,101,16.166666666666668,1216525
SM Curran,31,21,162,1,0,0.16666666666666666,1216528
SM Curran,22,25,120,1,0,0.16666666666666666,1216533
SM Curran,13,14,167,5,115,14.833333333333334,1216536
SM Curran,1,2,126,8,125,19.666666666666668,1216539
SM Curran,34,15,172,8,122,15.666666666666666,1254059
SM Curran,5,4,100,6,92,14.666666666666666,1254065
SM Curran,13,6,173,8,136,17.5,1254069
SM Curran,4,4,167,8,137,17.666666666666668,1254098
SM Curran,26,17,183,6,136,14.666666666666666,1359476
SM Curran,1,2,187,7,186,19.833333333333332,1359482
SM Curran,22,15,137,5,19,4.0,1359488
SM Curran,22,22,142,6,85,12.5,1359492
SM Curran,6,6,154,6,73,11.166666666666666,1359495
SM Curran,10,12,139,6,42,5.833333333333333,1359501
SM Curran,54,28,197,6,77,10.0,1359505
SM Curran,17,10,183,6,121,13.166666666666666,1359512
SM Curran,29,20,188,5,92,10.5,1359515
SM Curran,4,9,161,6,90,12.833333333333334,1359527
SM Curran,20,24,154,5,37,5.833333333333333,1359533
SM Curran,11,5,178,7,137,16.833333333333332,1359538
SM Curran,49,31,181,5,44,5.666666666666667,1359540
SM Curran,63,47,169,4,39,4.0,1422120
SM Curran,23,17,168,5,95,12.166666666666666,1422124
SM Curran,0,1,174,6,139,16.5,1422129
SM Curran,5,8,187,4,47,5.333333333333333,1422135
SM Curran,29,22,173,4,10,3.1666666666666665,1426261
SM Curran,6,10,139,4,37,6.833333333333333,1426265
SM Curran,6,7,156,1,0,0.16666666666666666,1426271
SM Curran,20,19,132,1,0,0.16666666666666666,1426275
SM Curran,22,18,149,5,111,12.166666666666666,1426287
SM Curran,7,11,130,5,60,8.166666666666666,1426291
SM Curran,22,16,175,7,125,11.5,1426296
SM Curran,63,41,144,5,36,5.0,1426303
GC Viljoen,1,3,157,7,129,16.5,1175368
GC Viljoen,2,3,158,9,149,19.333333333333332,1178412
GC Viljoen,0,1,181,8,178,19.5,1178417
Avesh Khan,4,3,141,10,137,18.666666666666668,1175368
Avesh Khan,5,3,121,10,116,19.666666666666668,1254092
Avesh Khan,7,2,157,10,122,18.333333333333332,1304066
Avesh Khan,2,5,141,10,132,18.666666666666668,1304088
Avesh Khan,12,4,79,11,67,13.333333333333334,1304103
Avesh Khan,1,2,139,10,137,19.5,1304109
Avesh Khan,0,1,197,11,197,20.0,1359489
Avesh Khan,0,0,0,10,175,17.833333333333332,1426269
Avesh Khan,7,3,186,10,179,19.5,1426294
Avesh Khan,3,2,142,10,136,19.5,1426303
S Lamichhane,0,1,141,11,141,19.333333333333332,1175368
HF Gurney,1,5,104,11,76,16.833333333333332,1178398
SD Lad,15,13,180,2,0,0.16666666666666666,1178399
AS Joseph,0,0,0,9,93,18.166666666666668,1178394
AS Joseph,15,13,180,8,129,16.166666666666668,1178399
AS Joseph,0,1,163,8,151,19.0,1304075
AS Joseph,1,1,146,9,141,19.5,1304081
AS Joseph,4,5,125,10,117,18.5,1304094
AS Joseph,0,0,0,9,171,20.166666666666668,1359497
AS Joseph,7,12,185,10,101,13.5,1359531
R Parag,16,14,144,7,72,11.0,1178400
R Parag,43,29,156,5,72,8.166666666666666,1178411
R Parag,4,3,186,7,182,19.833333333333332,1178415
R Parag,47,31,172,5,63,7.5,1178418
R Parag,50,49,106,6,29,5.5,1178428
R Parag,6,4,194,7,161,16.5,1216496
R Parag,1,6,130,5,33,6.333333333333333,1216504
R Parag,42,26,157,6,63,9.333333333333334,1216507
R Parag,16,18,151,6,70,10.333333333333334,1216514
R Parag,20,12,151,6,109,15.666666666666666,1216518
R Parag,0,2,218,7,214,19.166666666666668,1216527
R Parag,0,7,126,6,29,3.6666666666666665,1216530
R Parag,1,2,142,6,94,11.833333333333334,1216543
R Parag,25,11,207,6,116,12.833333333333334,1254061
R Parag,2,5,147,6,34,7.833333333333333,1254064
R Parag,3,7,124,6,77,12.166666666666666,1254069
R Parag,25,16,164,6,42,7.5,1254073
R Parag,8,6,165,6,153,19.0,1254081
R Parag,15,8,200,4,155,17.166666666666668,1254085
R Parag,2,7,115,6,47,10.5,1254097
R Parag,0,1,157,6,155,19.5,1254100
R Parag,9,16,145,7,115,14.166666666666666,1254103
R Parag,4,5,176,6,130,14.5,1254111
R Parag,12,9,191,6,148,16.333333333333332,1304051
R Parag,5,4,182,6,173,18.5,1304055
R Parag,8,4,156,7,126,18.5,1304066
R Parag,18,16,152,7,88,10.666666666666666,1304070
R Parag,5,3,200,5,170,17.0,1304076
R Parag,56,31,141,6,66,9.666666666666666,1304085
R Parag,3,3,145,6,115,16.166666666666668,1304090
R Parag,19,12,142,5,86,13.333333333333334,1304093
R Parag,0,1,183,6,176,19.0,1304098
R Parag,9,5,154,6,123,16.333333333333332,1304104
R Parag,19,16,170,5,95,11.5,1304109
R Parag,10,10,135,7,100,16.5,1304114
R Parag,4,3,176,6,152,18.666666666666668,1312197
R Parag,15,15,128,7,92,15.166666666666666,1312200
R Parag,7,6,195,5,149,14.333333333333334,1359478
R Parag,20,12,182,6,83,11.166666666666666,1359482
R Parag,7,11,193,4,100,10.0,1359485
R Parag,5,7,176,5,45,8.666666666666666,1359497
R Parag,15,12,128,6,89,15.333333333333334,1359500
R Parag,4,6,110,6,61,8.166666666666666,1359522
R Parag,20,11,180,6,131,14.833333333333334,1359540
R Parag,43,29,185,4,48,5.166666666666667,1422122
R Parag,84,45,178,4,29,5.5,1422127
R Parag,54,39,113,4,33,4.5,1422132
R Parag,4,4,186,4,146,14.833333333333334,1422137
R Parag,76,48,189,4,42,5.833333333333333,1426262
R Parag,23,18,149,4,79,11.833333333333334,1426265
R Parag,34,14,208,4,44,4.5,1426269
R Parag,14,11,195,4,58,6.333333333333333,1426282
R Parag,77,48,186,4,1,1.0,1426288
R Parag,27,22,186,4,64,6.0,1426294
R Parag,47,35,136,4,47,8.333333333333334,1426299
R Parag,48,34,142,4,40,6.833333333333333,1426303
R Parag,36,26,168,4,80,9.5,1426310
R Parag,6,10,134,4,62,8.0,1426311
MJ Santner,10,3,145,8,135,19.833333333333332,1178400
MJ Santner,21,19,101,8,62,11.833333333333334,1178419
MJ Santner,11,9,148,3,0,0.3333333333333333,1304079
MJ Santner,9,15,160,3,10,2.0,1304084
MJ Santner,1,1,126,7,123,19.666666666666668,1304108
MJ Santner,1,2,145,7,141,19.166666666666668,1304114
MJ Santner,1,3,170,9,156,18.666666666666668,1359475
MJ Santner,1,1,200,9,198,19.833333333333332,1359480
MJ Santner,11,11,161,7,99,12.833333333333334,1426291
MJ Santner,0,2,189,9,162,17.666666666666668,1426297
MJ Santner,3,4,172,7,103,13.833333333333334,1426306
JL Denly,0,1,172,1,0,0.16666666666666666,1178401
LS Livingstone,1,2,184,6,168,17.333333333333332,1178402
LS Livingstone,44,26,156,2,0,0.16666666666666666,1178420
LS Livingstone,11,7,39,2,0,0.16666666666666666,1178424
LS Livingstone,14,13,106,2,0,0.16666666666666666,1178428
LS Livingstone,1,3,115,1,0,0.16666666666666666,1254097
LS Livingstone,4,6,157,4,67,8.833333333333334,1254100
LS Livingstone,6,9,145,5,111,13.0,1254103
LS Livingstone,6,6,84,2,0,0.16666666666666666,1254106
LS Livingstone,25,17,176,4,66,7.333333333333333,1254111
LS Livingstone,19,10,186,4,108,11.5,1304049
LS Livingstone,19,15,126,4,42,4.0,1304054
LS Livingstone,60,32,166,4,13,1.5,1304057
LS Livingstone,64,27,185,4,33,5.0,1304062
LS Livingstone,2,3,182,4,115,14.0,1304069
LS Livingstone,60,33,144,4,33,5.0,1304074
LS Livingstone,2,3,113,4,33,4.666666666666667,1304078
LS Livingstone,19,7,173,4,134,17.666666666666668,1304084
LS Livingstone,18,16,117,5,51,8.166666666666666,1304088
LS Livingstone,30,10,132,4,91,12.166666666666666,1304094
LS Livingstone,21,13,174,6,111,15.0,1304098
LS Livingstone,70,42,202,4,82,6.833333333333333,1304106
LS Livingstone,3,5,135,4,50,5.833333333333333,1304110
LS Livingstone,49,22,154,5,70,8.0,1304116
LS Livingstone,2,4,139,4,20,2.3333333333333335,1359501
LS Livingstone,10,12,197,4,61,7.0,1359505
LS Livingstone,23,14,183,5,103,11.666666666666666,1359512
LS Livingstone,40,24,188,4,79,8.666666666666666,1359515
LS Livingstone,81,40,196,4,59,7.5,1359520
LS Livingstone,11,8,161,4,26,3.8333333333333335,1359527
LS Livingstone,4,5,154,3,8,1.5,1359533
LS Livingstone,84,46,178,4,47,6.833333333333333,1359538
LS Livingstone,9,13,181,4,37,3.8333333333333335,1359540
LS Livingstone,38,21,169,6,95,11.666666666666666,1422120
LS Livingstone,17,13,168,4,70,9.0,1422124
LS Livingstone,28,17,174,5,137,15.833333333333334,1422129
LS Livingstone,21,14,139,7,65,12.333333333333334,1426265
LS Livingstone,1,2,156,4,7,1.8333333333333335,1426271
LS Livingstone,6,9,132,5,59,8.0,1426275
LS Livingstone,0,2,175,6,124,11.0,1426296
KK Ahmed,0,1,110,11,110,19.0,1178405
KK Ahmed,0,2,110,11,110,19.666666666666668,1216498
KK Ahmed,1,2,132,11,130,19.333333333333332,1254066
KK Ahmed,0,1,146,10,132,17.5,1304056
KK Ahmed,0,1,113,11,113,17.666666666666668,1304101
AJ Turner,0,1,160,5,118,16.166666666666668,1178407
AJ Turner,0,1,156,6,141,17.833333333333332,1178411
AJ Turner,0,1,186,5,153,16.0,1178415
AJ Turner,3,7,156,5,145,17.166666666666668,1178420
AJ Turner,5,9,134,6,111,15.0,1426286
AJ Turner,16,9,130,7,97,11.5,1426292
Harpreet Brar,20,12,158,8,129,16.666666666666668,1178412
Harpreet Brar,25,17,174,7,114,14.833333333333334,1254083
Harpreet Brar,4,2,161,8,142,19.166666666666668,1254086
Harpreet Brar,3,2,149,8,137,19.333333333333332,1254090
Harpreet Brar,14,19,129,7,106,15.5,1254099
Harpreet Brar,18,18,118,7,84,14.833333333333334,1254107
Harpreet Brar,14,18,126,7,78,9.666666666666666,1304054
Harpreet Brar,7,5,202,7,160,16.5,1304106
Harpreet Brar,1,2,135,7,58,8.166666666666666,1304110
Harpreet Brar,1,2,137,8,70,10.833333333333334,1359488
Harpreet Brar,8,5,142,8,126,18.333333333333332,1359492
Harpreet Brar,6,4,154,9,133,18.166666666666668,1359495
Harpreet Brar,13,13,139,9,97,13.0,1359501
Harpreet Brar,5,2,197,9,192,19.833333333333332,1359505
Harpreet Brar,17,9,161,9,123,17.5,1359527
Harpreet Brar,2,5,154,6,105,14.833333333333334,1359533
Harpreet Brar,0,1,178,8,167,18.5,1359538
Harpreet Brar,2,2,169,8,161,18.833333333333332,1422120
Harpreet Brar,2,2,168,8,148,18.833333333333332,1422124
Harpreet Brar,1,2,187,9,182,19.333333333333332,1422135
Harpreet Brar,3,3,139,9,114,18.166666666666668,1426265
Harpreet Brar,21,20,156,9,100,12.333333333333334,1426271
Harpreet Brar,29,12,132,9,91,15.5,1426275
Harpreet Brar,17,13,130,8,74,12.333333333333334,1426291
SE Rutherford,2,2,155,7,145,18.833333333333332,1178412
SE Rutherford,11,5,188,5,156,17.0,1178415
SE Rutherford,28,13,182,6,128,15.666666666666666,1178421
SE Rutherford,2,4,99,7,81,10.5,1178425
SE Rutherford,11,6,116,6,79,13.833333333333334,1178428
SE Rutherford,9,12,159,7,107,14.833333333333334,1181766
SE Rutherford,10,12,138,7,78,13.0,1181767
SE Rutherford,28,40,117,5,17,2.3333333333333335,1304052
SE Rutherford,5,10,159,5,60,8.833333333333334,1304059
Y Prithvi Raj,0,1,154,9,141,19.0,1178413
P Simran Singh,16,17,159,7,101,13.166666666666666,1178423
P Simran Singh,4,7,160,4,143,17.5,1216523
P Simran Singh,11,8,128,3,11,1.6666666666666665,1216542
P Simran Singh,7,7,174,2,0,0.16666666666666666,1254083
P Simran Singh,12,16,161,1,0,0.16666666666666666,1254086
P Simran Singh,14,11,144,2,0,0.16666666666666666,1304074
P Simran Singh,23,12,183,1,0,0.16666666666666666,1359476
P Simran Singh,60,34,187,1,0,0.16666666666666666,1359482
P Simran Singh,0,1,137,1,0,0.16666666666666666,1359488
P Simran Singh,0,2,142,1,0,0.16666666666666666,1359492
P Simran Singh,4,4,154,2,0,0.16666666666666666,1359495
P Simran Singh,46,30,139,2,0,0.16666666666666666,1359501
P Simran Singh,26,17,197,2,0,0.16666666666666666,1359505
P Simran Singh,9,13,183,1,0,0.16666666666666666,1359512
P Simran Singh,42,24,188,1,0,0.16666666666666666,1359515
P Simran Singh,9,7,196,1,0,0.16666666666666666,1359520
P Simran Singh,12,8,161,1,0,0.16666666666666666,1359527
P Simran Singh,103,65,154,1,0,0.16666666666666666,1359533
P Simran Singh,22,19,178,1,0,0.16666666666666666,1359538
P Simran Singh,2,2,181,1,0,0.16666666666666666,1359540
P Simran Singh,26,17,169,3,31,3.3333333333333335,1422120
P Simran Singh,25,17,168,3,16,2.6666666666666665,1422124
P Simran Singh,19,7,174,3,102,11.833333333333334,1422129
P Simran Singh,35,24,187,3,13,1.3333333333333333,1422135
P Simran Singh,4,6,173,3,1,1.8333333333333335,1426261
P Simran Singh,10,14,139,3,24,3.8333333333333335,1426265
P Simran Singh,0,1,156,2,0,0.16666666666666666,1426271
P Simran Singh,29,20,132,2,0,0.16666666666666666,1426275
P Simran Singh,54,20,256,1,0,0.16666666666666666,1426280
P Simran Singh,13,10,149,1,0,0.16666666666666666,1426287
P Simran Singh,30,23,130,1,0,0.16666666666666666,1426291
P Simran Singh,6,4,175,1,0,0.16666666666666666,1426296
P Simran Singh,6,4,144,1,0,0.16666666666666666,1426303
P Simran Singh,71,45,204,2,0,0.16666666666666666,1426307
JL Pattinson,11,8,157,8,132,16.333333333333332,1216492
JL Pattinson,4,5,148,9,115,17.5,1216495
A Nortje,3,1,147,10,144,20.333333333333332,1216493
A Nortje,0,0,0,11,129,20.0,1216497
A Nortje,1,3,122,11,116,18.166666666666668,1216524
A Nortje,3,2,136,9,127,19.666666666666668,1216532
A Nortje,0,0,0,10,137,20.166666666666668,1237177
A Nortje,1,6,113,10,96,15.5,1304101
A Nortje,4,2,147,10,143,19.833333333333332,1359481
A Nortje,0,1,132,10,129,19.166666666666668,1359485
A Nortje,5,3,154,10,148,18.833333333333332,1359490
A Nortje,23,14,148,10,109,16.0,1359494
A Nortje,2,2,140,9,130,18.5,1359508
A Nortje,3,6,125,9,121,18.666666666666668,1359518
A Nortje,0,1,135,9,134,18.666666666666668,1359541
A Nortje,4,6,150,10,144,15.333333333333334,1422134
A Nortje,0,2,191,9,191,18.333333333333332,1426273
T Banton,10,8,81,4,2,1.8333333333333335,1216494
T Banton,8,12,106,1,0,0.16666666666666666,1216540
D Padikkal,25,17,80,1,0,0.16666666666666666,1216494
D Padikkal,74,45,161,2,0,0.16666666666666666,1216499
D Padikkal,5,8,109,2,0,0.16666666666666666,1216502
D Padikkal,50,41,148,2,0,0.16666666666666666,1216505
D Padikkal,1,2,100,1,0,0.16666666666666666,1216510
D Padikkal,63,45,155,1,0,0.16666666666666666,1216514
D Padikkal,4,6,126,1,0,0.16666666666666666,1216519
D Padikkal,34,36,165,1,0,0.16666666666666666,1216522
D Padikkal,33,34,155,1,0,0.16666666666666666,1216525
D Padikkal,18,12,159,2,0,0.16666666666666666,1216531
D Padikkal,56,42,152,1,0,0.16666666666666666,1216534
D Padikkal,32,23,181,2,0,0.16666666666666666,1216540
D Padikkal,22,21,133,1,0,0.16666666666666666,1216544
D Padikkal,54,40,191,1,0,0.16666666666666666,1216547
D Padikkal,1,6,126,2,0,0.16666666666666666,1237178
D Padikkal,11,13,139,2,0,0.16666666666666666,1254063
D Padikkal,24,27,195,2,0,0.16666666666666666,1254067
D Padikkal,101,52,173,2,0,0.16666666666666666,1254073
D Padikkal,34,15,114,2,0,0.16666666666666666,1254076
D Padikkal,17,14,169,2,0,0.16666666666666666,1254079
D Padikkal,7,6,134,2,0,0.16666666666666666,1254083
D Padikkal,22,20,84,2,0,0.16666666666666666,1254087
D Padikkal,40,38,154,2,0,0.16666666666666666,1254090
D Padikkal,41,52,134,2,0,0.16666666666666666,1254095
D Padikkal,0,1,159,2,0,0.16666666666666666,1254101
D Padikkal,22,17,145,2,0,0.16666666666666666,1254103
D Padikkal,0,4,154,2,0,0.16666666666666666,1254108
D Padikkal,70,50,151,2,0,0.16666666666666666,1254113
D Padikkal,21,18,120,1,0,0.16666666666666666,1254115
D Padikkal,41,29,191,4,65,8.333333333333334,1304051
D Padikkal,7,7,182,3,13,2.8333333333333335,1304055
D Padikkal,37,29,161,3,6,2.0,1304059
D Padikkal,29,29,156,2,0,0.16666666666666666,1304066
D Padikkal,0,1,152,2,0,0.16666666666666666,1304070
D Padikkal,24,18,200,2,0,0.16666666666666666,1304076
D Padikkal,54,35,217,2,0,0.16666666666666666,1304080
D Padikkal,7,7,141,2,0,0.16666666666666666,1304085
D Padikkal,14,14,145,2,0,0.16666666666666666,1304090
D Padikkal,2,5,142,2,0,0.16666666666666666,1304093
D Padikkal,31,32,183,4,85,8.333333333333334,1304098
D Padikkal,48,30,154,4,52,8.333333333333334,1304104
D Padikkal,39,18,170,4,69,9.0,1304109
D Padikkal,3,9,135,4,56,8.666666666666666,1304114
D Padikkal,28,20,176,4,73,10.0,1312197
D Padikkal,9,12,161,4,113,11.833333333333334,1312199
D Padikkal,2,10,128,4,59,8.5,1312200
D Padikkal,2,5,195,4,138,12.666666666666666,1359478
D Padikkal,21,26,182,5,55,5.833333333333333,1359482
D Padikkal,38,26,165,3,11,1.8333333333333335,1359491
D Padikkal,26,25,176,3,1,1.6666666666666665,1359497
D Padikkal,26,21,128,4,80,12.833333333333334,1359500
D Padikkal,52,34,171,3,1,0.8333333333333334,1359506
D Padikkal,27,13,191,6,137,16.333333333333332,1359511
D Padikkal,2,4,181,4,73,10.166666666666666,1359516
D Padikkal,12,12,110,4,45,5.333333333333333,1359522
D Padikkal,4,4,56,5,5,2.0,1359534
D Padikkal,51,30,180,3,12,1.8333333333333335,1359540
D Padikkal,0,3,159,3,4,1.0,1422122
D Padikkal,9,6,192,3,34,4.0,1422129
D Padikkal,6,11,171,3,52,5.666666666666667,1422133
D Padikkal,7,7,158,3,6,0.8333333333333334,1422139
D Padikkal,3,6,157,3,28,3.0,1426264
D Padikkal,12,18,195,4,32,4.833333333333333,1426277
D Padikkal,0,1,203,2,0,0.16666666666666666,1426305
YBK Jaiswal,6,6,194,1,0,0.16666666666666666,1216496
YBK Jaiswal,34,36,128,1,0,0.16666666666666666,1216500
YBK Jaiswal,0,2,134,1,0,0.16666666666666666,1216511
YBK Jaiswal,22,17,119,2,0,0.16666666666666666,1254075
YBK Jaiswal,32,20,165,2,0,0.16666666666666666,1254081
YBK Jaiswal,12,13,200,2,0,0.16666666666666666,1254085
YBK Jaiswal,50,21,182,2,0,0.16666666666666666,1254089
YBK Jaiswal,12,9,87,2,0,0.16666666666666666,1254093
YBK Jaiswal,5,4,115,2,0,0.16666666666666666,1254097
YBK Jaiswal,36,23,157,2,0,0.16666666666666666,1254100
YBK Jaiswal,31,22,145,2,0,0.16666666666666666,1254103
YBK Jaiswal,0,3,84,1,0,0.16666666666666666,1254106
YBK Jaiswal,49,36,176,2,0,0.16666666666666666,1254111
YBK Jaiswal,19,14,191,2,0,0.16666666666666666,1304051
YBK Jaiswal,1,2,182,2,0,0.16666666666666666,1304055
YBK Jaiswal,4,6,161,2,0,0.16666666666666666,1304059
YBK Jaiswal,68,41,183,1,0,0.16666666666666666,1304098
YBK Jaiswal,19,19,154,1,0,0.16666666666666666,1304104
YBK Jaiswal,37,28,170,1,0,0.16666666666666666,1304109
YBK Jaiswal,59,44,135,1,0,0.16666666666666666,1304114
YBK Jaiswal,3,8,176,1,0,0.16666666666666666,1312197
YBK Jaiswal,21,13,161,1,0,0.16666666666666666,1312199
YBK Jaiswal,22,16,128,1,0,0.16666666666666666,1312200
YBK Jaiswal,54,37,195,1,0,0.16666666666666666,1359478
YBK Jaiswal,11,8,182,1,0,0.16666666666666666,1359482
YBK Jaiswal,60,31,193,1,0,0.16666666666666666,1359485
YBK Jaiswal,10,8,165,1,0,0.16666666666666666,1359491
YBK Jaiswal,1,7,176,1,0,0.16666666666666666,1359497
YBK Jaiswal,44,35,128,1,0,0.16666666666666666,1359500
YBK Jaiswal,47,37,171,1,0,0.16666666666666666,1359506
YBK Jaiswal,77,43,191,1,0,0.16666666666666666,1359511
YBK Jaiswal,118,61,181,1,0,0.16666666666666666,1359516
YBK Jaiswal,14,11,110,1,0,0.16666666666666666,1359522
YBK Jaiswal,35,18,203,1,0,0.16666666666666666,1359526
YBK Jaiswal,98,47,146,1,0,0.16666666666666666,1359530
YBK Jaiswal,0,2,56,1,0,0.16666666666666666,1359534
YBK Jaiswal,50,36,180,1,0,0.16666666666666666,1359540
YBK Jaiswal,24,12,185,1,0,0.16666666666666666,1422122
YBK Jaiswal,5,7,178,1,0,0.16666666666666666,1422127
YBK Jaiswal,10,6,113,1,0,0.16666666666666666,1422132
YBK Jaiswal,0,2,186,1,0,0.16666666666666666,1422137
YBK Jaiswal,24,19,189,1,0,0.16666666666666666,1426262
YBK Jaiswal,39,28,149,1,0,0.16666666666666666,1426265
YBK Jaiswal,19,9,208,1,0,0.16666666666666666,1426269
YBK Jaiswal,104,60,176,1,0,0.16666666666666666,1426276
YBK Jaiswal,24,18,195,1,0,0.16666666666666666,1426282
YBK Jaiswal,66,39,186,1,0,0.16666666666666666,1426288
YBK Jaiswal,4,2,186,1,0,0.16666666666666666,1426294
YBK Jaiswal,24,21,136,1,0,0.16666666666666666,1426299
YBK Jaiswal,4,4,142,1,0,0.16666666666666666,1426303
YBK Jaiswal,45,30,168,1,0,0.16666666666666666,1426310
YBK Jaiswal,42,21,134,1,0,0.16666666666666666,1426311
RD Gaikwad,0,1,194,5,75,9.0,1216496
RD Gaikwad,62,49,140,1,0,0.16666666666666666,1216506
RD Gaikwad,0,5,102,1,0,0.16666666666666666,1216521
RD Gaikwad,72,53,167,2,0,0.16666666666666666,1216536
RD Gaikwad,5,10,126,4,33,6.166666666666667,1216539
RD Gaikwad,65,51,148,1,0,0.16666666666666666,1216544
RD Gaikwad,5,8,172,1,0,0.16666666666666666,1254059
RD Gaikwad,5,16,100,1,0,0.16666666666666666,1254065
RD Gaikwad,10,13,173,1,0,0.16666666666666666,1254069
RD Gaikwad,62,40,204,1,0,0.16666666666666666,1254072
RD Gaikwad,32,24,178,1,0,0.16666666666666666,1254076
RD Gaikwad,75,44,170,1,0,0.16666666666666666,1254080
RD Gaikwad,4,4,202,1,0,0.16666666666666666,1254084
RD Gaikwad,101,60,184,1,0,0.16666666666666666,1254089
RD Gaikwad,45,38,136,1,0,0.16666666666666666,1254091
RD Gaikwad,12,14,125,1,0,0.16666666666666666,1254094
RD Gaikwad,40,28,167,1,0,0.16666666666666666,1254098
RD Gaikwad,88,58,145,1,0,0.16666666666666666,1254104
RD Gaikwad,13,13,121,1,0,0.16666666666666666,1254110
RD Gaikwad,38,25,151,1,0,0.16666666666666666,1254113
RD Gaikwad,70,50,169,1,0,0.16666666666666666,1254114
RD Gaikwad,32,27,186,1,0,0.16666666666666666,1254117
RD Gaikwad,0,3,119,1,0,0.16666666666666666,1304047
RD Gaikwad,1,4,196,2,0,0.16666666666666666,1304053
RD Gaikwad,1,4,119,2,0,0.16666666666666666,1304057
RD Gaikwad,16,13,149,2,0,0.16666666666666666,1304063
RD Gaikwad,17,16,203,1,0,0.16666666666666666,1304068
RD Gaikwad,73,48,163,1,0,0.16666666666666666,1304075
RD Gaikwad,0,1,148,1,0,0.16666666666666666,1304079
RD Gaikwad,30,27,160,1,0,0.16666666666666666,1304084
RD Gaikwad,99,57,193,1,0,0.16666666666666666,1304092
RD Gaikwad,28,23,156,1,0,0.16666666666666666,1304095
RD Gaikwad,40,32,195,1,0,0.16666666666666666,1304101
RD Gaikwad,7,6,82,1,0,0.16666666666666666,1304105
RD Gaikwad,53,49,126,1,0,0.16666666666666666,1304108
RD Gaikwad,2,6,145,1,0,0.16666666666666666,1304114
RD Gaikwad,92,50,170,2,0,0.16666666666666666,1359475
RD Gaikwad,57,31,200,1,0,0.16666666666666666,1359480
RD Gaikwad,40,36,149,2,0,0.16666666666666666,1359486
RD Gaikwad,8,10,162,1,0,0.16666666666666666,1359491
RD Gaikwad,3,6,217,1,0,0.16666666666666666,1359498
RD Gaikwad,35,30,136,1,0,0.16666666666666666,1359503
RD Gaikwad,35,20,232,1,0,0.16666666666666666,1359507
RD Gaikwad,47,29,168,1,0,0.16666666666666666,1359511
RD Gaikwad,37,31,192,1,0,0.16666666666666666,1359515
RD Gaikwad,30,15,135,1,0,0.16666666666666666,1359523
RD Gaikwad,24,18,152,1,0,0.16666666666666666,1359529
RD Gaikwad,17,13,137,1,0,0.16666666666666666,1359535
RD Gaikwad,79,50,211,1,0,0.16666666666666666,1359541
RD Gaikwad,60,43,167,1,0,0.16666666666666666,1370350
RD Gaikwad,26,16,166,1,0,0.16666666666666666,1370353
RD Gaikwad,15,15,160,1,0,0.16666666666666666,1422119
RD Gaikwad,46,36,200,1,0,0.16666666666666666,1422125
RD Gaikwad,1,2,157,1,0,0.16666666666666666,1422131
RD Gaikwad,26,21,163,2,0,0.16666666666666666,1422136
RD Gaikwad,67,58,136,2,0,0.16666666666666666,1426260
RD Gaikwad,69,40,198,3,7,2.0,1426267
RD Gaikwad,17,13,172,3,4,1.3333333333333333,1426272
RD Gaikwad,108,60,206,2,0,0.16666666666666666,1426277
RD Gaikwad,98,54,203,2,0,0.16666666666666666,1426284
RD Gaikwad,58,47,140,2,0,0.16666666666666666,1426287
RD Gaikwad,32,21,161,2,0,0.16666666666666666,1426291
RD Gaikwad,0,3,189,3,2,1.1666666666666667,1426297
RD Gaikwad,42,41,139,2,0,0.16666666666666666,1426299
RD Gaikwad,0,1,172,1,0,0.16666666666666666,1426306
TU Deshpande,1,3,129,10,126,19.0,1216497
TU Deshpande,20,9,122,10,94,16.333333333333332,1216524
TU Deshpande,0,1,152,10,152,20.166666666666668,1359529
TU Deshpande,0,1,161,10,147,19.0,1426291
Abdul Samad,7,5,110,4,56,7.5,1216498
Abdul Samad,0,0,0,7,108,14.166666666666666,1216502
Abdul Samad,23,15,153,7,101,15.5,1216512
Abdul Samad,8,6,152,7,135,18.166666666666668,1216516
Abdul Samad,12,7,155,5,139,18.0,1216532
Abdul Samad,20,9,159,7,131,15.833333333333334,1216538
Abdul Samad,8,7,189,3,148,15.333333333333334,1216542
Abdul Samad,33,16,166,6,86,11.833333333333334,1237180
Abdul Samad,19,8,170,7,143,18.166666666666668,1254060
Abdul Samad,0,2,127,5,105,16.333333333333332,1254063
Abdul Samad,7,8,132,7,99,15.0,1254066
Abdul Samad,10,8,157,7,122,14.5,1254085
Abdul Samad,2,3,177,5,84,8.666666666666666,1254088
Abdul Samad,18,14,124,6,66,12.666666666666666,1254091
Abdul Samad,1,3,137,5,102,14.333333333333334,1254095
Abdul Samad,28,21,119,6,52,10.333333333333334,1254105
Abdul Samad,1,2,113,6,53,12.5,1254107
Abdul Samad,25,18,112,6,50,10.333333333333334,1254109
Abdul Samad,4,6,139,6,23,8.5,1304051
Abdul Samad,0,1,147,7,135,17.666666666666668,1304058
Abdul Samad,31,31,116,7,47,9.666666666666666,1359478
Abdul Samad,21,10,117,7,90,17.5,1359484
Abdul Samad,9,12,159,7,121,14.166666666666666,1359499
Abdul Samad,28,21,185,7,101,11.666666666666666,1359514
Abdul Samad,17,17,140,7,108,14.333333333333334,1359521
Abdul Samad,17,6,212,7,170,18.0,1359526
Abdul Samad,37,25,176,7,110,12.5,1359532
Abdul Samad,4,3,145,7,44,6.333333333333333,1359536
Abdul Samad,15,11,197,6,105,13.0,1422121
Abdul Samad,29,14,158,7,111,14.833333333333334,1422130
Abdul Samad,25,12,175,7,97,13.333333333333334,1426261
Abdul Samad,37,10,272,5,219,17.166666666666668,1426268
Abdul Samad,13,8,261,7,217,17.166666666666668,1426273
Abdul Samad,10,6,160,7,64,7.666666666666667,1426279
Abdul Samad,19,18,131,7,82,11.333333333333334,1426284
Abdul Samad,3,4,152,8,108,15.333333333333334,1426293
Abdul Samad,11,8,192,7,174,17.166666666666668,1426307
Abdul Samad,16,12,147,7,90,11.166666666666666,1426309
Abdul Samad,0,1,167,7,118,14.0,1426311
Abdul Samad,4,4,100,8,64,12.0,1426312
PK Garg,3,5,110,7,106,18.0,1216498
PK Garg,15,8,154,5,121,17.833333333333332,1216507
PK Garg,4,7,153,3,57,6.333333333333333,1216512
PK Garg,47,24,152,5,66,11.0,1216516
PK Garg,16,18,141,5,57,10.0,1216528
PK Garg,12,13,138,4,83,12.166666666666666,1216534
PK Garg,8,7,159,5,109,12.5,1216538
PK Garg,0,1,189,6,161,18.0,1216542
PK Garg,7,14,122,5,46,8.666666666666666,1237178
PK Garg,17,12,166,1,0,0.16666666666666666,1237180
PK Garg,29,21,177,6,87,9.333333333333334,1254088
PK Garg,7,10,124,4,38,6.833333333333333,1254091
PK Garg,15,11,137,4,81,11.666666666666666,1254095
PK Garg,0,1,150,4,103,12.166666666666666,1254100
PK Garg,21,31,112,4,15,4.0,1254109
PK Garg,42,26,184,2,0,0.16666666666666666,1304111
PK Garg,4,7,145,1,0,0.16666666666666666,1304116
PK Garg,12,9,184,5,114,12.666666666666666,1359514
PK Garg,10,13,125,3,0,0.3333333333333333,1359518
JR Philippe,33,24,161,1,0,0.16666666666666666,1216499
JR Philippe,32,31,109,1,0,0.16666666666666666,1216502
JR Philippe,12,17,148,1,0,0.16666666666666666,1216505
JR Philippe,0,3,100,3,2,0.8333333333333334,1216510
JR Philippe,1,2,152,6,151,19.666666666666668,1216534
Kartik Tyagi,2,3,128,10,113,17.5,1216500
Kartik Tyagi,0,0,0,11,134,18.166666666666668,1216511
Kartik Tyagi,2,3,126,10,121,17.666666666666668,1216530
Kartik Tyagi,1,1,145,10,142,19.666666666666668,1254103
Kartik Tyagi,1,3,176,10,170,19.0,1254111
Kartik Tyagi,7,5,175,9,154,18.0,1304096
Kartik Tyagi,0,1,118,8,108,15.833333333333334,1304100
KL Nagarkoti,0,2,157,9,153,19.166666666666668,1216501
KL Nagarkoti,8,5,163,8,141,18.166666666666668,1216504
KL Nagarkoti,3,3,196,9,187,18.666666666666668,1216515
KL Nagarkoti,6,13,143,7,98,11.166666666666666,1216520
KL Nagarkoti,1,1,184,9,177,19.5,1216530
KL Nagarkoti,4,7,106,9,85,15.0,1216540
KL Nagarkoti,0,2,188,9,140,15.166666666666666,1254072
CV Varun,1,1,157,11,156,20.166666666666668,1216501
CV Varun,2,4,143,10,133,18.666666666666668,1216520
CV Varun,7,10,106,10,94,17.166666666666668,1216540
CV Varun,2,3,162,10,158,19.333333333333332,1254067
CV Varun,0,1,188,10,170,16.5,1254072
CV Varun,0,0,0,11,151,20.0,1254117
CV Varun,10,16,122,11,95,14.666666666666666,1304052
CV Varun,1,1,165,11,164,19.5,1304065
CV Varun,1,1,197,11,196,19.5,1304076
CV Varun,0,0,0,11,153,19.166666666666668,1304102
CV Varun,1,6,115,11,89,15.833333333333334,1359502
CV Varun,0,3,176,10,170,18.666666666666668,1359507
I Udana,0,1,109,8,104,18.5,1216502
I Udana,4,2,148,8,143,19.5,1216505
I Udana,1,3,126,8,107,16.166666666666668,1216519
I Udana,10,5,159,8,124,18.0,1216531
Ravi Bishnoi,0,0,0,9,104,18.5,1216498
Ravi Bishnoi,1,5,136,9,114,17.333333333333332,1216503
Ravi Bishnoi,6,7,128,8,122,14.0,1216542
Ravi Bishnoi,1,4,118,9,91,17.5,1254078
Ravi Bishnoi,0,1,148,10,148,20.0,1304077
Ravi Bishnoi,3,2,197,10,194,19.5,1359489
Ravi Bishnoi,3,1,147,10,142,20.0,1359495
Ravi Bishnoi,0,1,126,9,126,20.0,1359504
Ravi Bishnoi,5,10,101,8,63,10.833333333333334,1359517
Ravi Bishnoi,4,5,163,9,158,19.166666666666668,1359525
Ravi Bishnoi,2,2,164,9,149,18.666666666666668,1359542
Ravi Bishnoi,3,6,91,9,83,12.666666666666666,1370351
Ravi Bishnoi,0,1,192,8,182,18.833333333333332,1422129
Ravi Bishnoi,2,3,130,10,122,14.833333333333334,1426292
Ravi Bishnoi,2,2,183,10,161,17.166666666666668,1426302
Shahbaz Ahmed,1,1,148,9,147,19.833333333333332,1216505
Shahbaz Ahmed,1,2,147,6,92,14.333333333333334,1254058
Shahbaz Ahmed,14,10,139,3,17,3.166666666666667,1254063
Shahbaz Ahmed,8,11,134,6,62,12.333333333333334,1254083
Shahbaz Ahmed,8,4,154,6,138,18.5,1254090
Shahbaz Ahmed,14,9,134,7,106,17.0,1254095
Shahbaz Ahmed,1,3,154,7,150,19.0,1254108
Shahbaz Ahmed,13,14,120,6,89,14.5,1254115
Shahbaz Ahmed,26,19,117,6,51,11.166666666666666,1304052
Shahbaz Ahmed,45,26,159,6,60,9.0,1304059
Shahbaz Ahmed,41,27,183,5,42,6.166666666666667,1304068
Shahbaz Ahmed,32,21,179,6,74,9.666666666666666,1304073
Shahbaz Ahmed,26,22,172,6,57,7.5,1304077
Shahbaz Ahmed,7,11,56,6,18,4.5,1304082
Shahbaz Ahmed,17,27,104,5,34,6.666666666666667,1304085
Shahbaz Ahmed,2,2,163,6,134,17.666666666666668,1304089
Shahbaz Ahmed,1,2,161,8,143,18.5,1304095
Shahbaz Ahmed,9,14,145,7,97,11.5,1304106
Shahbaz Ahmed,12,8,142,7,128,17.833333333333332,1312199
Shahbaz Ahmed,1,5,117,6,54,7.833333333333333,1359483
Shahbaz Ahmed,20,12,162,6,127,14.166666666666666,1359494
Shahbaz Ahmed,12,10,207,5,136,12.333333333333334,1359498
Shahbaz Ahmed,5,3,162,6,155,19.166666666666668,1359501
Shahbaz Ahmed,2,4,176,3,0,0.3333333333333333,1359506
Shahbaz Ahmed,2,5,173,3,30,2.5,1359510
Shahbaz Ahmed,16,5,197,7,139,17.0,1422121
Shahbaz Ahmed,22,20,158,6,105,13.833333333333334,1422130
Shahbaz Ahmed,18,19,154,4,98,9.833333333333334,1422136
Shahbaz Ahmed,14,7,175,8,146,16.666666666666668,1426261
Shahbaz Ahmed,59,29,261,6,151,9.333333333333334,1426273
Shahbaz Ahmed,40,37,160,6,52,5.166666666666667,1426279
Shahbaz Ahmed,7,5,131,8,114,16.0,1426284
Shahbaz Ahmed,10,12,152,7,85,12.333333333333334,1426293
Shahbaz Ahmed,3,6,192,6,155,14.166666666666666,1426307
Shahbaz Ahmed,0,1,147,5,31,5.0,1426309
Shahbaz Ahmed,18,18,167,8,118,14.166666666666666,1426311
Shahbaz Ahmed,8,7,100,7,55,10.5,1426312
AT Carey,4,7,181,6,135,15.833333333333334,1216509
AT Carey,14,9,157,6,125,16.666666666666668,1216529
AT Carey,14,13,149,6,122,16.166666666666668,1216543
N Jagadeesan,0,1,102,4,3,1.8333333333333335,1216521
N Jagadeesan,33,28,127,4,24,5.833333333333333,1216525
N Jagadeesan,39,33,126,4,61,9.0,1304108
N Jagadeesan,1,4,145,4,84,7.833333333333333,1304114
N Jagadeesan,6,8,203,2,0,0.16666666666666666,1359487
N Jagadeesan,36,21,189,2,0,0.16666666666666666,1359493
N Jagadeesan,0,5,171,2,0,0.16666666666666666,1359496
N Jagadeesan,1,3,176,1,0,0.16666666666666666,1359507
N Jagadeesan,27,29,193,2,0,0.16666666666666666,1359510
N Jagadeesan,19,15,176,1,0,0.16666666666666666,1359513
T Natarajan,0,0,0,10,110,19.5,1216498
T Natarajan,0,1,141,10,140,19.666666666666668,1216528
T Natarajan,3,4,138,11,128,18.5,1216534
T Natarajan,0,0,0,11,126,20.166666666666668,1254063
P Dubey,7,13,105,9,74,15.5,1216535
P Dubey,16,20,132,8,85,10.333333333333334,1359533
SS Cottrell,0,2,128,10,122,15.166666666666666,1216542
Arshdeep Singh,0,3,128,11,128,16.5,1216542
Arshdeep Singh,1,2,108,11,106,19.333333333333332,1254071
Arshdeep Singh,1,1,118,11,116,19.833333333333332,1254078
Arshdeep Singh,0,1,126,11,126,18.333333333333332,1304054
Arshdeep Singh,10,5,185,11,158,18.0,1304062
Arshdeep Singh,0,1,144,11,144,20.0,1304074
Arshdeep Singh,9,17,113,10,90,14.666666666666666,1304078
Arshdeep Singh,0,2,117,10,102,18.166666666666668,1304088
Arshdeep Singh,2,3,135,11,125,18.166666666666668,1304110
Arshdeep Singh,0,0,0,11,139,18.166666666666668,1359501
Arshdeep Singh,2,2,183,11,179,19.0,1359512
Arshdeep Singh,4,3,175,11,170,16.333333333333332,1426296
DR Sams,0,2,137,8,110,15.333333333333334,1237177
DR Sams,3,2,169,7,138,18.166666666666668,1254079
DR Sams,3,4,134,7,82,15.0,1254083
DR Sams,7,2,174,7,157,19.166666666666668,1304048
DR Sams,0,1,155,7,127,15.333333333333334,1304055
DR Sams,5,3,150,8,107,16.5,1304079
DR Sams,3,7,118,7,112,18.166666666666668,1304083
DR Sams,6,1,150,7,144,19.333333333333332,1304090
DR Sams,0,2,170,7,151,18.666666666666668,1304097
DR Sams,1,2,103,7,93,14.333333333333334,1304102
DR Sams,1,6,93,3,6,1.0,1304105
DR Sams,15,11,172,3,82,10.833333333333334,1304111
DR Sams,0,1,155,7,151,19.0,1304115
M Jansen,0,2,150,8,149,19.333333333333332,1254058
M Jansen,0,1,145,8,123,17.5,1254062
M Jansen,8,5,181,8,148,18.5,1304086
M Jansen,0,0,0,8,150,18.166666666666668,1304092
M Jansen,1,2,120,8,105,17.333333333333332,1304107
M Jansen,13,6,159,8,124,15.166666666666666,1359499
M Jansen,17,22,130,7,93,14.0,1359503
M Jansen,2,3,136,8,125,18.666666666666668,1359508
M Jansen,1,4,140,8,129,17.0,1359521
M Jansen,3,2,212,8,192,19.0,1359526
M Jansen,3,6,145,8,48,6.833333333333333,1359536
M Jansen,1,1,197,8,196,19.666666666666668,1422121
M Jansen,17,12,152,6,81,11.333333333333334,1426293
RM Patidar,8,8,147,3,28,4.5,1254058
RM Patidar,1,2,195,3,5,1.5,1254067
RM Patidar,31,22,169,3,29,4.166666666666667,1254079
RM Patidar,31,30,134,3,19,2.6666666666666665,1254083
RM Patidar,16,16,104,3,9,2.0,1304085
RM Patidar,52,32,163,3,10,2.0,1304089
RM Patidar,21,15,161,5,72,10.166666666666666,1304095
RM Patidar,48,38,184,3,0,0.3333333333333333,1304100
RM Patidar,26,21,145,3,30,3.5,1304106
RM Patidar,111,53,196,3,3,1.1666666666666667,1312198
RM Patidar,58,42,142,3,9,2.0,1312199
RM Patidar,0,3,160,3,38,4.666666666666667,1422119
RM Patidar,18,18,160,4,39,4.833333333333333,1422124
RM Patidar,3,4,178,5,122,14.333333333333334,1422128
RM Patidar,29,21,142,3,40,4.5,1422133
RM Patidar,50,26,186,4,23,3.8333333333333335,1426263
RM Patidar,9,5,248,4,100,8.166666666666666,1426268
RM Patidar,52,23,212,4,33,3.3333333333333335,1426274
RM Patidar,50,20,199,4,65,7.166666666666667,1426279
RM Patidar,2,3,150,4,99,7.0,1426290
RM Patidar,55,23,229,4,43,4.833333333333333,1426296
RM Patidar,52,32,177,4,34,4.0,1426300
RM Patidar,41,23,210,3,77,9.833333333333334,1426306
RM Patidar,34,22,168,4,53,7.5,1426310
KA Jamieson,4,4,147,8,110,16.666666666666668,1254058
KA Jamieson,12,9,139,8,103,16.833333333333332,1254063
KA Jamieson,11,4,195,6,141,17.166666666666668,1254067
KA Jamieson,16,13,114,7,75,9.833333333333334,1254076
KA Jamieson,16,11,134,8,87,15.833333333333334,1254083
KA Jamieson,4,12,84,8,57,12.0,1254087
KA Jamieson,2,2,154,8,151,19.5,1254108
M Shahrukh Khan,6,4,211,6,193,18.166666666666668,1254061
M Shahrukh Khan,47,36,102,6,18,4.833333333333333,1254065
M Shahrukh Khan,15,5,182,6,166,19.0,1254068
M Shahrukh Khan,22,17,108,7,63,11.666666666666666,1254071
M Shahrukh Khan,13,14,118,7,71,13.333333333333334,1254078
M Shahrukh Khan,0,3,174,6,113,14.166666666666666,1254083
M Shahrukh Khan,4,5,161,6,87,13.666666666666666,1254086
M Shahrukh Khan,16,11,149,6,113,16.0,1254090
M Shahrukh Khan,8,10,134,4,45,5.166666666666667,1254094
M Shahrukh Khan,22,9,162,6,128,16.666666666666668,1254102
M Shahrukh Khan,24,20,186,6,126,13.5,1304049
M Shahrukh Khan,0,5,126,6,72,9.166666666666666,1304054
M Shahrukh Khan,6,11,166,6,107,10.833333333333334,1304057
M Shahrukh Khan,15,8,185,7,121,13.5,1304062
M Shahrukh Khan,15,6,182,6,139,17.166666666666668,1304069
M Shahrukh Khan,26,28,144,6,61,8.166666666666666,1304074
M Shahrukh Khan,12,20,113,6,52,6.833333333333333,1304078
M Shahrukh Khan,19,10,154,3,28,3.1666666666666665,1304116
M Shahrukh Khan,11,7,183,7,160,18.0,1359476
M Shahrukh Khan,11,10,187,6,152,16.333333333333332,1359482
M Shahrukh Khan,4,3,137,7,65,10.166666666666666,1359488
M Shahrukh Khan,22,9,142,7,105,17.333333333333332,1359492
M Shahrukh Khan,23,10,154,8,118,16.166666666666668,1359495
M Shahrukh Khan,7,5,139,8,88,11.666666666666666,1359501
M Shahrukh Khan,0,0,0,8,180,19.166666666666668,1359505
M Shahrukh Khan,6,9,183,8,162,17.166666666666668,1359512
M Shahrukh Khan,2,3,188,7,161,17.333333333333332,1359515
M Shahrukh Khan,21,8,161,8,123,17.0,1359527
M Shahrukh Khan,2,4,154,7,117,16.333333333333332,1359533
M Shahrukh Khan,6,3,178,6,125,15.833333333333334,1359538
M Shahrukh Khan,41,23,181,7,109,14.0,1359540
M Shahrukh Khan,14,8,184,7,129,15.666666666666666,1426262
M Shahrukh Khan,0,1,77,7,39,8.666666666666666,1426270
M Shahrukh Khan,8,4,143,7,100,15.5,1426275
M Shahrukh Khan,8,5,212,6,119,12.833333333333334,1426278
M Shahrukh Khan,58,30,188,4,40,6.833333333333333,1426283
M Shahrukh Khan,37,24,140,4,8,4.166666666666667,1426290
M Shahrukh Khan,2,3,225,4,209,18.166666666666668,1426297
JA Richardson,0,2,211,7,210,19.5,1254061
JA Richardson,15,22,102,7,25,6.5,1254065
JA Richardson,2,2,196,9,194,19.833333333333332,1422138
Lalit Yadav,20,24,142,6,35,7.0,1254064
Lalit Yadav,8,5,182,6,169,17.333333333333332,1254068
Lalit Yadav,21,23,127,4,60,9.5,1254070
Lalit Yadav,0,3,121,6,86,14.0,1254092
Lalit Yadav,14,15,145,6,88,13.5,1254097
Lalit Yadav,48,38,168,5,29,4.5,1304048
Lalit Yadav,25,22,146,5,32,5.166666666666667,1304056
Lalit Yadav,1,4,198,4,133,13.0,1304065
Lalit Yadav,1,4,168,6,110,14.333333333333334,1304073
Lalit Yadav,37,24,194,5,90,10.166666666666666,1304080
Lalit Yadav,16,28,138,4,17,1.6666666666666665,1304087
Lalit Yadav,3,4,186,5,73,7.333333333333333,1304091
Lalit Yadav,24,20,150,4,51,5.0,1304110
Lalit Yadav,38,24,132,5,33,6.0,1359485
Lalit Yadav,2,4,154,6,78,10.833333333333334,1359490
Lalit Yadav,4,7,148,9,97,14.166666666666666,1359494
Lalit Yadav,4,7,118,8,105,16.5,1359502
Lalit Yadav,12,5,129,9,116,19.0,1359529
Lalit Yadav,6,12,135,8,125,16.333333333333332,1359541
Lalit Yadav,3,4,196,7,185,18.833333333333332,1422138
Lalit Yadav,7,8,191,7,148,12.5,1426273
Virat Singh,11,12,132,4,69,9.166666666666666,1254066
Virat Singh,4,14,150,4,55,5.833333333333333,1254077
FA Allen,5,10,108,8,77,13.833333333333334,1254071
FA Allen,0,0,0,7,156,19.5,1254102
FA Allen,0,1,173,6,173,20.0,1254111
FA Allen,8,7,166,7,116,15.666666666666666,1304072
C Sakariya,0,0,0,10,120,19.166666666666668,1254069
C Sakariya,0,1,164,10,157,19.333333333333332,1254073
C Sakariya,6,10,87,9,72,16.166666666666668,1254093
C Sakariya,2,2,145,9,142,19.5,1254103
C Sakariya,1,5,84,10,62,11.5,1254106
C Sakariya,7,6,176,9,167,18.333333333333332,1254111
C Sakariya,4,4,133,10,129,19.333333333333332,1359477
C Sakariya,0,2,135,11,135,19.833333333333332,1359541
DJ Malan,26,26,161,4,35,5.5,1254086
KS Bharat,15,17,84,3,9,2.0,1254087
KS Bharat,0,0,0,7,147,19.5,1254090
KS Bharat,12,10,134,4,17,3.5,1254095
KS Bharat,78,52,159,3,3,1.0,1254101
KS Bharat,44,35,145,3,42,5.5,1254103
KS Bharat,32,24,154,3,6,1.8333333333333335,1254108
KS Bharat,9,16,120,3,39,5.333333333333333,1254115
KS Bharat,8,5,113,2,0,0.16666666666666666,1304101
KS Bharat,0,2,154,1,0,0.16666666666666666,1304104
PWH de Silva,0,1,84,7,57,11.833333333333334,1254087
PWH de Silva,1,1,151,7,149,19.5,1254113
PWH de Silva,4,3,117,8,92,17.666666666666668,1304052
PWH de Silva,7,3,183,8,128,14.666666666666666,1304068
PWH de Silva,8,19,56,9,39,9.5,1304082
PWH de Silva,18,13,104,8,66,12.833333333333334,1304085
PWH de Silva,0,1,161,7,143,18.333333333333332,1304095
PWH de Silva,1,3,145,9,117,15.833333333333334,1304106
PWH de Silva,0,1,142,8,132,18.333333333333332,1312199
PWH de Silva,2,2,207,9,187,18.5,1359498
PWH de Silva,6,7,176,8,152,17.0,1359506
PWH de Silva,5,4,173,8,134,15.0,1359510
PWH de Silva,8,7,124,8,112,18.0,1359517
PWH de Silva,12,8,193,8,179,18.333333333333332,1359528
VR Iyer,41,27,89,2,0,0.16666666666666666,1254087
VR Iyer,14,15,124,2,0,0.16666666666666666,1254092
VR Iyer,53,30,152,2,0,0.16666666666666666,1254096
VR Iyer,18,15,163,2,0,0.16666666666666666,1254098
VR Iyer,67,49,157,1,0,0.16666666666666666,1254102
VR Iyer,38,35,154,2,0,0.16666666666666666,1254106
VR Iyer,8,14,117,2,0,0.16666666666666666,1254109
VR Iyer,26,30,134,2,0,0.16666666666666666,1254115
VR Iyer,55,41,126,2,0,0.16666666666666666,1254116
VR Iyer,50,32,152,2,0,0.16666666666666666,1254117
VR Iyer,16,16,129,2,0,0.16666666666666666,1304047
VR Iyer,10,14,122,2,0,0.16666666666666666,1304052
VR Iyer,3,7,130,2,0,0.16666666666666666,1304054
VR Iyer,50,41,157,2,0,0.16666666666666666,1304060
VR Iyer,18,8,165,2,0,0.16666666666666666,1304065
VR Iyer,6,13,166,1,0,0.16666666666666666,1304071
VR Iyer,6,7,197,6,140,13.833333333333334,1304076
VR Iyer,17,17,141,6,31,6.333333333333333,1304081
VR Iyer,6,12,131,2,0,0.16666666666666666,1304087
VR Iyer,43,24,154,1,0,0.16666666666666666,1304102
VR Iyer,7,6,165,1,0,0.16666666666666666,1304107
VR Iyer,0,4,192,1,0,0.16666666666666666,1304112
VR Iyer,28,27,133,4,17,2.1666666666666665,1359476
VR Iyer,3,7,168,2,0,0.16666666666666666,1359483
VR Iyer,83,40,203,3,20,2.6666666666666665,1359487
VR Iyer,10,11,189,3,0,0.6666666666666666,1359493
VR Iyer,104,51,171,3,5,2.166666666666667,1359496
VR Iyer,0,2,115,3,14,2.1666666666666665,1359502
VR Iyer,20,20,176,3,1,0.8333333333333334,1359507
VR Iyer,31,26,193,3,82,9.5,1359510
VR Iyer,11,14,176,4,46,5.166666666666667,1359513
VR Iyer,7,4,159,3,8,1.3333333333333333,1359521
VR Iyer,11,13,178,4,62,7.5,1359527
VR Iyer,57,42,146,3,14,2.5,1359530
VR Iyer,9,4,135,3,3,1.1666666666666667,1359535
VR Iyer,24,15,166,2,0,0.16666666666666666,1359542
VR Iyer,7,5,190,3,21,2.1666666666666665,1422121
VR Iyer,50,30,171,3,76,6.666666666666667,1422128
VR Iyer,5,2,249,7,241,19.166666666666668,1422134
VR Iyer,3,8,120,5,53,7.166666666666667,1426260
VR Iyer,8,6,202,7,174,17.666666666666668,1426269
VR Iyer,16,8,202,4,61,5.5,1426274
VR Iyer,39,23,248,3,131,10.5,1426280
VR Iyer,26,23,153,5,96,9.5,1426285
VR Iyer,70,52,162,5,25,3.1666666666666665,1426289
VR Iyer,1,1,222,8,211,19.833333333333332,1426292
VR Iyer,42,21,151,3,6,1.0,1426298
VR Iyer,51,28,153,3,35,3.5,1426309
VR Iyer,52,26,103,3,10,1.5,1426312
GD Phillips,14,7,182,5,163,15.833333333333334,1254089
GD Phillips,4,13,87,5,39,6.333333333333333,1254093
GD Phillips,8,12,84,6,13,3.8333333333333335,1254106
GD Phillips,8,6,116,6,38,8.5,1359478
GD Phillips,25,7,212,6,167,17.5,1359526
GD Phillips,0,1,176,6,110,12.333333333333334,1359532
GD Phillips,5,4,180,6,174,19.166666666666668,1359539
GD Phillips,1,4,187,4,165,16.833333333333332,1359543
GHS Garton,0,1,154,8,153,19.833333333333332,1254090
GHS Garton,2,3,134,8,125,18.833333333333332,1254095
GHS Garton,0,0,0,9,118,20.0,1254115
AK Markram,20,14,149,4,91,13.333333333333334,1254090
AK Markram,13,8,134,5,79,9.166666666666666,1254094
AK Markram,42,29,129,4,37,6.5,1254099
AK Markram,18,16,162,4,81,10.833333333333334,1254102
AK Markram,27,32,118,4,27,5.0,1254107
AK Markram,26,20,173,3,111,12.166666666666666,1254111
AK Markram,57,41,139,5,4,5.166666666666667,1304051
AK Markram,12,13,147,4,33,5.333333333333333,1304058
AK Markram,12,8,162,5,124,16.333333333333332,1304067
AK Markram,68,36,164,4,32,5.5,1304071
AK Markram,41,27,144,4,57,8.5,1304074
AK Markram,56,40,181,4,33,5.166666666666667,1304086
AK Markram,17,10,183,4,56,6.166666666666667,1304092
AK Markram,42,25,175,4,22,4.5,1304096
AK Markram,21,27,118,4,1,1.0,1304100
AK Markram,32,25,120,4,53,8.5,1304107
AK Markram,2,4,184,5,165,17.0,1304111
AK Markram,21,17,145,4,60,8.666666666666666,1304116
AK Markram,0,1,117,4,48,8.0,1359484
AK Markram,37,21,145,4,45,8.666666666666666,1359488
AK Markram,50,26,212,4,51,5.166666666666667,1359493
AK Markram,22,17,159,4,22,3.8333333333333335,1359499
AK Markram,12,12,130,4,69,9.5,1359503
AK Markram,3,5,136,5,74,12.666666666666666,1359508
AK Markram,8,13,185,4,41,5.0,1359514
AK Markram,41,40,140,4,28,4.0,1359521
AK Markram,6,5,212,5,154,16.0,1359526
AK Markram,28,20,176,4,51,5.833333333333333,1359532
AK Markram,10,10,145,3,6,1.0,1359536
AK Markram,18,20,180,3,26,4.333333333333333,1359539
AK Markram,13,7,187,5,167,17.833333333333332,1359543
AK Markram,18,13,197,4,66,7.5,1422121
AK Markram,42,28,257,4,105,8.166666666666666,1422126
AK Markram,17,19,158,4,55,6.833333333333333,1422130
AK Markram,50,36,154,3,39,2.8333333333333335,1422136
AK Markram,0,2,175,3,27,3.5,1426261
AK Markram,32,16,272,4,157,12.666666666666666,1426268
AK Markram,1,3,261,3,130,6.5,1426273
AK Markram,7,8,160,3,3,1.1666666666666667,1426279
AK Markram,32,25,131,4,21,2.1666666666666665,1426284
AK Markram,1,2,167,4,55,4.666666666666667,1426311
AK Markram,20,23,100,4,4,2.1666666666666665,1426312
K Yadav,0,4,87,10,74,16.833333333333332,1254093
T Shamsi,2,4,115,8,95,17.5,1254097
NT Ellis,6,4,129,8,117,18.833333333333332,1254099
NT Ellis,12,12,118,8,92,15.833333333333334,1254107
NT Ellis,0,2,113,8,88,13.833333333333334,1304078
NT Ellis,0,5,137,10,74,13.0,1359488
NT Ellis,1,2,139,10,137,17.666666666666668,1359501
RV Patel,7,7,155,6,136,17.833333333333332,1254101
RV Patel,18,20,131,5,67,9.166666666666666,1254110
RV Patel,6,3,113,6,75,9.333333333333334,1304101
RV Patel,5,6,140,8,127,18.0,1359508
RV Patel,11,8,184,8,147,17.0,1359514
RV Patel,23,13,125,8,69,14.166666666666666,1359518
RV Patel,10,16,129,6,82,13.166666666666666,1359529
TL Seifert,2,4,157,7,146,17.833333333333332,1254102
TL Seifert,21,14,168,2,0,0.16666666666666666,1304048
TL Seifert,3,5,146,2,0,0.16666666666666666,1304056
Anmolpreet Singh,16,14,132,2,0,0.16666666666666666,1254104
Anmolpreet Singh,8,9,174,3,66,8.5,1304048
Anmolpreet Singh,5,4,155,3,14,2.166666666666667,1304055
Anmolpreet Singh,31,26,117,1,0,0.16666666666666666,1359484
Anmolpreet Singh,33,25,212,1,0,0.16666666666666666,1359526
Anmolpreet Singh,36,27,176,1,0,0.16666666666666666,1359532
Anmolpreet Singh,5,4,145,1,0,0.16666666666666666,1359536
Anmolpreet Singh,0,1,131,3,21,2.0,1426284
Anmolpreet Singh,5,5,193,3,25,4.333333333333333,1426288
Anuj Rawat,0,1,84,5,12,3.5,1254106
Anuj Rawat,21,20,182,2,0,0.16666666666666666,1304049
Anuj Rawat,0,2,117,2,0,0.16666666666666666,1304052
Anuj Rawat,26,25,159,2,0,0.16666666666666666,1304059
Anuj Rawat,66,47,145,2,0,0.16666666666666666,1304064
Anuj Rawat,12,16,183,2,0,0.16666666666666666,1304068
Anuj Rawat,0,1,179,2,0,0.16666666666666666,1304073
Anuj Rawat,4,5,172,1,0,0.16666666666666666,1304077
Anuj Rawat,0,2,56,2,0,0.16666666666666666,1304082
Anuj Rawat,1,5,117,8,78,11.666666666666666,1359483
Anuj Rawat,15,22,162,8,127,14.5,1359494
Anuj Rawat,9,11,124,3,60,9.166666666666666,1359517
Anuj Rawat,8,3,173,6,164,19.333333333333332,1359524
Anuj Rawat,6,4,193,3,2,1.0,1359528
Anuj Rawat,29,11,166,7,132,17.666666666666668,1359534
Anuj Rawat,23,15,190,7,127,14.5,1359544
Anuj Rawat,48,25,160,6,74,11.5,1422119
Anuj Rawat,11,14,160,6,90,12.333333333333334,1422124
Anuj Rawat,3,3,178,6,140,16.833333333333332,1422128
Anuj Rawat,11,21,142,6,57,7.833333333333333,1422133
Anuj Rawat,25,14,248,8,174,14.333333333333334,1426268
TH David,1,3,151,5,135,17.166666666666668,1254113
TH David,12,8,174,6,121,16.0,1304048
TH David,1,3,155,6,126,14.5,1304055
TH David,20,9,150,6,114,15.5,1304090
TH David,44,21,170,6,114,15.0,1304097
TH David,13,9,103,5,62,10.666666666666666,1304102
TH David,16,7,93,7,71,12.833333333333334,1304105
TH David,46,18,172,5,109,14.333333333333334,1304111
TH David,34,11,155,5,93,14.833333333333334,1304115
TH David,4,7,159,7,96,14.0,1359479
TH David,31,22,149,7,74,9.333333333333334,1359486
TH David,13,11,167,5,133,16.166666666666668,1359490
TH David,24,13,182,5,145,14.0,1359496
TH David,16,11,190,6,149,16.666666666666668,1359499
TH David,25,13,198,5,156,15.666666666666666,1359505
TH David,0,2,147,6,54,10.5,1359509
TH David,45,14,200,6,140,16.0,1359516
TH David,19,10,209,5,163,15.333333333333334,1359520
TH David,2,4,131,7,116,17.666666666666668,1359523
TH David,0,1,180,5,172,16.0,1359528
TH David,5,3,216,6,152,16.166666666666668,1359531
TH David,32,19,156,5,111,14.333333333333334,1359537
TH David,13,13,166,6,101,11.166666666666666,1370351
TH David,2,3,163,7,150,14.666666666666666,1370352
TH David,11,10,159,6,127,16.0,1422123
TH David,42,22,234,6,172,14.333333333333334,1422126
TH David,17,24,118,8,80,11.333333333333334,1422132
TH David,39,20,214,6,115,12.833333333333334,1422138
TH David,13,5,179,6,134,15.666666666666666,1426267
TH David,14,7,181,6,164,18.166666666666668,1426271
TH David,3,5,169,8,162,18.5,1426276
TH David,37,17,230,7,128,13.0,1426281
TH David,34,17,134,7,73,14.166666666666666,1426286
TH David,24,20,135,8,66,11.5,1426289
TH David,0,3,127,6,82,12.0,1426298
DP Conway,3,8,119,2,0,0.16666666666666666,1304047
DP Conway,85,55,193,2,0,0.16666666666666666,1304092
DP Conway,56,37,156,2,0,0.16666666666666666,1304095
DP Conway,87,49,195,2,0,0.16666666666666666,1304101
DP Conway,0,1,82,2,0,0.16666666666666666,1304105
DP Conway,5,8,126,2,0,0.16666666666666666,1304108
DP Conway,16,14,145,2,0,0.16666666666666666,1304114
DP Conway,1,6,170,1,0,0.16666666666666666,1359475
DP Conway,46,28,200,2,0,0.16666666666666666,1359480
DP Conway,0,4,149,1,0,0.16666666666666666,1359486
DP Conway,50,38,162,2,0,0.16666666666666666,1359491
DP Conway,83,45,217,2,0,0.16666666666666666,1359498
DP Conway,77,57,136,2,0,0.16666666666666666,1359503
DP Conway,56,40,232,2,0,0.16666666666666666,1359507
DP Conway,8,16,168,2,0,0.16666666666666666,1359511
DP Conway,92,52,192,2,0,0.16666666666666666,1359515
DP Conway,44,42,135,2,0,0.16666666666666666,1359523
DP Conway,10,13,152,2,0,0.16666666666666666,1359529
DP Conway,30,28,137,2,0,0.16666666666666666,1359535
DP Conway,87,51,211,2,0,0.16666666666666666,1359541
DP Conway,40,34,167,2,0,0.16666666666666666,1370350
DP Conway,47,25,166,2,0,0.16666666666666666,1370353
Tilak Varma,22,15,174,4,82,10.833333333333334,1304048
Tilak Varma,61,33,155,4,34,4.166666666666667,1304055
Tilak Varma,38,27,158,5,54,11.166666666666666,1304060
Tilak Varma,0,3,145,5,61,9.5,1304064
Tilak Varma,36,20,181,4,31,4.5,1304069
Tilak Varma,26,26,166,5,50,6.5,1304072
Tilak Varma,51,43,150,5,22,3.1666666666666665,1304079
Tilak Varma,38,27,118,5,52,9.833333333333334,1304083
Tilak Varma,35,30,150,4,40,5.833333333333333,1304090
Tilak Varma,21,15,170,4,96,10.666666666666666,1304097
Tilak Varma,6,5,103,3,2,1.1666666666666667,1304102
Tilak Varma,34,32,93,4,24,3.8333333333333335,1304105
Tilak Varma,8,9,172,4,88,11.666666666666666,1304111
Tilak Varma,21,17,155,4,75,11.666666666666666,1304115
Tilak Varma,83,45,159,5,19,5.5,1359479
Tilak Varma,22,18,149,5,65,7.5,1359486
Tilak Varma,41,29,167,3,70,7.666666666666667,1359490
Tilak Varma,30,25,182,4,85,7.666666666666667,1359496
Tilak Varma,37,17,190,5,94,12.0,1359499
Tilak Varma,3,4,198,6,179,17.833333333333332,1359505
Tilak Varma,2,3,147,4,38,7.666666666666667,1359509
Tilak Varma,29,21,200,5,97,10.833333333333334,1359516
Tilak Varma,26,10,209,6,171,16.333333333333332,1359520
Tilak Varma,26,22,166,5,100,10.833333333333334,1370351
Tilak Varma,43,14,163,5,20,2.5,1370352
Tilak Varma,25,19,159,5,105,12.333333333333334,1422123
Tilak Varma,63,33,234,4,62,4.666666666666667,1422126
Tilak Varma,32,29,118,5,12,2.5,1422132
Tilak Varma,6,5,214,5,105,10.5,1422138
Tilak Varma,16,10,196,5,173,13.666666666666666,1426263
Tilak Varma,31,20,179,4,70,7.666666666666667,1426267
Tilak Varma,34,18,181,4,98,11.833333333333334,1426271
Tilak Varma,65,45,169,4,6,1.6666666666666665,1426276
Tilak Varma,63,32,230,4,36,4.333333333333333,1426281
Tilak Varma,7,11,134,4,17,2.8333333333333335,1426286
Tilak Varma,4,6,135,5,42,6.0,1426289
Tilak Varma,37,32,152,5,13,4.333333333333333,1426293
Tilak Varma,32,17,127,4,60,8.0,1426298
R Powell,0,2,168,6,67,9.666666666666666,1304048
R Powell,20,12,146,6,89,12.0,1304056
R Powell,3,10,143,3,65,7.666666666666667,1304061
R Powell,8,6,198,5,136,14.0,1304065
R Powell,0,1,168,5,110,14.166666666666666,1304073
R Powell,36,15,194,8,146,15.666666666666666,1304080
R Powell,33,16,138,6,73,11.166666666666666,1304087
R Powell,35,21,186,6,86,9.0,1304091
R Powell,67,35,194,5,77,9.166666666666666,1304096
R Powell,3,9,113,5,72,7.666666666666667,1304101
R Powell,2,6,150,6,106,12.166666666666666,1304110
R Powell,43,34,145,6,49,8.833333333333334,1304115
R Powell,1,3,133,6,81,12.166666666666666,1359477
R Powell,2,2,132,7,103,15.166666666666666,1359485
R Powell,4,4,154,5,73,10.0,1359490
R Powell,11,5,149,7,112,17.5,1426265
R Powell,26,13,208,8,112,12.5,1426269
R Powell,27,15,186,6,149,16.0,1426288
R Powell,13,10,186,6,151,16.0,1426294
R Powell,4,5,142,7,95,13.666666666666666,1426303
R Powell,16,8,168,7,151,17.833333333333332,1426310
R Powell,6,12,134,8,88,13.833333333333334,1426311
PBB Rajapaksa,43,22,186,3,61,7.333333333333333,1304049
PBB Rajapaksa,31,9,126,3,2,1.1666666666666667,1304054
PBB Rajapaksa,9,5,166,3,4,0.5,1304057
PBB Rajapaksa,42,32,173,3,34,6.0,1304084
PBB Rajapaksa,9,7,117,4,40,6.666666666666667,1304088
PBB Rajapaksa,39,27,132,3,10,2.5,1304094
PBB Rajapaksa,27,18,174,3,43,5.5,1304098
PBB Rajapaksa,1,3,202,3,58,5.166666666666667,1304106
PBB Rajapaksa,4,5,135,3,36,4.166666666666667,1304110
PBB Rajapaksa,50,32,183,3,23,2.1666666666666665,1359476
PBB Rajapaksa,1,1,187,3,86,9.833333333333334,1359482
PBB Rajapaksa,20,26,142,4,26,3.6666666666666665,1359492
PBB Rajapaksa,0,3,161,3,21,2.1666666666666665,1359527
RA Bawa,0,1,186,5,126,13.333333333333334,1304049
RA Bawa,11,13,126,5,58,6.0,1304054
OF Smith,25,8,186,7,140,15.0,1304049
OF Smith,9,12,126,8,86,12.333333333333334,1304054
OF Smith,3,7,166,7,136,15.0,1304057
OF Smith,0,1,185,6,121,13.333333333333334,1304062
OF Smith,1,1,182,7,181,20.166666666666668,1304069
OF Smith,13,15,144,7,125,16.333333333333332,1304074
A Badoni,54,41,154,6,27,4.666666666666667,1304050
A Badoni,19,9,193,6,158,17.5,1304053
A Badoni,19,12,165,6,113,15.333333333333334,1304058
A Badoni,10,3,143,6,133,19.333333333333332,1304061
A Badoni,5,7,157,6,50,9.333333333333334,1304066
A Badoni,13,13,148,6,90,12.666666666666666,1304077
A Badoni,14,11,160,7,114,15.666666666666666,1304083
A Badoni,4,4,141,6,93,14.333333333333334,1304088
A Badoni,15,18,172,5,106,12.833333333333334,1304099
A Badoni,8,11,79,6,44,7.666666666666667,1304103
A Badoni,0,1,139,3,9,2.3333333333333335,1304109
A Badoni,18,7,185,7,160,18.666666666666668,1359477
A Badoni,23,18,187,7,122,13.5,1359480
A Badoni,30,24,197,7,98,11.333333333333334,1359489
A Badoni,5,6,147,7,132,18.166666666666668,1359495
A Badoni,1,4,148,3,78,10.833333333333334,1359500
A Badoni,8,6,126,5,109,17.0,1359504
A Badoni,42,23,235,3,39,3.5,1359512
A Badoni,4,11,101,2,0,0.16666666666666666,1359517
A Badoni,59,33,119,7,44,9.833333333333334,1359519
A Badoni,21,11,163,6,134,16.166666666666668,1359525
A Badoni,25,21,164,6,65,9.833333333333334,1359542
A Badoni,1,7,91,5,65,8.5,1370351
A Badoni,1,5,159,4,6,2.5,1422122
A Badoni,8,10,192,6,122,13.333333333333334,1422129
A Badoni,0,3,171,6,134,16.833333333333332,1422133
A Badoni,20,11,158,6,108,15.0,1422139
A Badoni,55,35,157,7,73,9.666666666666666,1426264
A Badoni,29,27,153,4,36,4.833333333333333,1426266
A Badoni,18,13,172,6,134,15.333333333333334,1426282
A Badoni,6,6,134,7,117,17.333333333333332,1426286
A Badoni,15,12,130,6,82,9.333333333333334,1426292
A Badoni,55,30,161,6,65,11.5,1426295
A Badoni,6,9,183,6,42,4.333333333333333,1426302
A Badoni,22,10,203,7,169,17.166666666666668,1426305
PVD Chameera,1,1,154,8,152,20.0,1304050
PVD Chameera,13,7,157,9,100,16.0,1304066
PVD Chameera,1,3,148,9,134,18.5,1304077
PVD Chameera,17,10,141,8,99,15.666666666666666,1304088
PVD Chameera,0,1,172,8,172,19.833333333333332,1304099
PVD Chameera,0,0,0,10,67,13.166666666666666,1304103
PVD Chameera,0,2,139,8,109,17.0,1304109
PVD Chameera,11,4,171,8,159,19.5,1312198
A Manohar,15,7,152,7,129,17.666666666666668,1304050
A Manohar,1,2,160,7,158,19.5,1304056
A Manohar,35,21,140,6,86,13.666666666666666,1304067
A Manohar,43,28,188,5,52,6.833333333333333,1304070
A Manohar,12,12,163,4,2,1.6666666666666665,1304075
A Manohar,2,4,146,7,131,18.0,1304081
A Manohar,0,1,188,6,130,16.0,1304086
A Manohar,14,8,184,4,87,11.833333333333334,1359487
A Manohar,27,13,172,6,117,15.5,1359497
A Manohar,3,5,134,4,72,10.666666666666666,1359504
A Manohar,42,21,202,6,98,12.5,1359509
A Manohar,26,33,120,6,31,6.833333333333333,1359518
A Manohar,2,3,185,6,46,6.333333333333333,1359531
A Manohar,1,2,184,4,75,10.5,1426262
A Manohar,8,14,77,5,22,4.333333333333333,1426270
R Shepherd,24,18,139,7,31,10.5,1304051
R Shepherd,8,8,147,8,135,17.833333333333332,1304058
R Shepherd,26,14,145,7,94,14.833333333333334,1304116
R Shepherd,0,1,110,6,97,14.333333333333334,1359484
R Shepherd,15,6,234,7,212,18.166666666666668,1422126
R Shepherd,39,10,214,7,164,18.5,1422138
R Shepherd,1,2,179,7,147,16.833333333333332,1426267
R Shepherd,1,2,181,7,179,19.666666666666668,1426271
R Shepherd,1,1,185,8,178,19.666666666666668,1426305
DJ Willey,18,28,117,4,17,2.1666666666666665,1304052
DJ Willey,0,2,159,4,59,8.166666666666666,1304059
DJ Willey,20,20,117,9,79,12.5,1359483
DJ Willey,4,2,176,9,167,19.333333333333332,1359506
DJ Willey,11,10,173,9,149,17.0,1359510
D Pretorius,0,1,196,8,189,19.5,1304053
D Pretorius,8,4,119,9,92,15.166666666666666,1304057
D Pretorius,22,14,148,8,99,16.166666666666668,1304079
D Pretorius,1,1,160,8,152,19.833333333333332,1304084
D Pretorius,13,8,156,8,133,17.5,1304095
JM Sharma,26,17,166,5,101,10.166666666666666,1304057
JM Sharma,23,11,185,5,84,10.333333333333334,1304062
JM Sharma,30,15,182,5,118,14.666666666666666,1304069
JM Sharma,11,8,144,5,48,6.5,1304074
JM Sharma,32,23,113,5,44,5.666666666666667,1304078
JM Sharma,2,5,117,6,76,12.333333333333334,1304088
JM Sharma,38,18,174,5,110,14.666666666666666,1304098
JM Sharma,9,5,202,6,148,15.166666666666666,1304106
JM Sharma,44,34,135,6,52,6.666666666666667,1304110
JM Sharma,19,7,154,6,107,12.833333333333334,1304116
JM Sharma,21,11,183,4,103,11.166666666666666,1359476
JM Sharma,27,16,187,4,88,10.333333333333334,1359482
JM Sharma,4,9,137,4,7,1.6666666666666665,1359488
JM Sharma,25,23,142,5,49,6.833333333333333,1359492
JM Sharma,2,4,154,7,109,14.666666666666666,1359495
JM Sharma,35,26,139,7,75,10.0,1359501
JM Sharma,25,7,197,7,158,17.833333333333332,1359505
JM Sharma,23,9,183,7,145,15.5,1359512
JM Sharma,21,10,188,6,142,16.0,1359515
JM Sharma,49,27,196,5,90,11.5,1359520
JM Sharma,21,18,161,5,43,5.666666666666667,1359527
JM Sharma,5,5,154,4,25,4.333333333333333,1359533
JM Sharma,0,3,178,5,124,15.166666666666666,1359538
JM Sharma,44,28,181,6,48,6.666666666666667,1359540
JM Sharma,9,9,169,5,79,9.5,1422120
JM Sharma,27,20,168,6,95,12.333333333333334,1422124
JM Sharma,6,9,174,4,128,13.666666666666666,1422129
JM Sharma,16,8,187,7,104,12.5,1422135
JM Sharma,19,11,173,7,90,13.333333333333334,1426261
JM Sharma,29,24,139,5,43,8.166666666666666,1426265
JM Sharma,9,9,156,7,41,7.0,1426271
JM Sharma,13,12,132,4,55,7.166666666666667,1426275
JM Sharma,0,1,130,6,66,9.166666666666666,1426291
JM Sharma,5,4,175,5,106,9.166666666666666,1426296
JM Sharma,22,20,144,6,48,8.166666666666666,1426303
JM Sharma,32,15,204,5,166,16.166666666666668,1426307
VG Arora,1,2,166,10,162,19.166666666666668,1304057
VG Arora,2,6,185,10,153,16.5,1304062
VG Arora,0,1,144,10,144,19.833333333333332,1304074
VG Arora,2,4,113,11,106,17.833333333333332,1304078
VG Arora,2,1,159,11,156,19.666666666666668,1359521
VG Arora,1,1,166,9,129,18.166666666666668,1359542
VG Arora,1,1,120,11,119,19.833333333333332,1426260
VG Arora,0,0,0,11,149,18.166666666666668,1426289
Mukesh Choudhary,2,2,119,11,114,17.333333333333332,1304057
Mukesh Choudhary,4,4,82,11,67,13.666666666666666,1304105
Umran Malik,1,1,147,10,146,19.833333333333332,1304058
Umran Malik,0,1,118,10,108,16.666666666666668,1304100
Umran Malik,3,5,120,10,111,18.333333333333332,1304107
Umran Malik,0,1,145,10,145,20.166666666666668,1304116
Umran Malik,13,7,116,10,87,18.0,1359478
Umran Malik,0,0,0,9,104,19.166666666666668,1359484
D Brevis,29,19,158,3,5,3.0,1304060
D Brevis,8,11,145,3,49,6.5,1304064
D Brevis,49,25,181,3,31,3.8333333333333335,1304069
D Brevis,31,13,166,3,15,3.0,1304072
D Brevis,4,7,150,3,0,0.5,1304079
D Brevis,3,5,118,3,43,7.333333333333333,1304083
D Brevis,37,33,155,3,24,5.5,1304115
D Brevis,46,38,159,4,28,3.1666666666666665,1422123
D Brevis,0,1,118,4,1,1.1666666666666667,1422132
D Brevis,23,20,185,2,0,0.16666666666666666,1426305
B Sai Sudharsan,35,30,182,3,31,3.5,1304062
B Sai Sudharsan,11,9,140,3,12,2.5,1304067
B Sai Sudharsan,20,14,165,3,49,7.666666666666667,1304089
B Sai Sudharsan,61,49,125,3,17,2.3333333333333335,1304094
B Sai Sudharsan,14,11,168,4,109,13.166666666666666,1304097
B Sai Sudharsan,21,16,169,3,34,4.333333333333333,1359475
B Sai Sudharsan,62,48,150,3,22,2.3333333333333335,1359481
B Sai Sudharsan,53,38,184,3,27,4.5,1359487
B Sai Sudharsan,19,20,146,3,47,4.833333333333333,1359492
B Sai Sudharsan,20,19,172,3,4,0.8333333333333334,1359497
B Sai Sudharsan,41,34,169,3,0,0.6666666666666666,1359536
B Sai Sudharsan,43,31,218,3,52,6.666666666666667,1370352
B Sai Sudharsan,96,47,210,3,67,7.166666666666667,1370353
B Sai Sudharsan,45,39,156,3,30,4.166666666666667,1422123
B Sai Sudharsan,37,31,132,3,27,3.166666666666667,1422125
B Sai Sudharsan,45,36,164,3,36,4.333333333333333,1422130
B Sai Sudharsan,33,19,190,4,63,8.666666666666666,1422135
B Sai Sudharsan,27,21,112,1,0,0.16666666666666666,1422139
B Sai Sudharsan,35,29,184,1,0,0.16666666666666666,1426262
B Sai Sudharsan,12,8,77,3,9,2.0,1426270
B Sai Sudharsan,31,34,143,3,25,3.8333333333333335,1426275
B Sai Sudharsan,65,39,212,3,12,1.6666666666666665,1426278
B Sai Sudharsan,83,48,188,3,6,1.1666666666666667,1426283
B Sai Sudharsan,6,14,140,3,1,1.6666666666666665,1426290
B Sai Sudharsan,103,51,225,1,0,0.16666666666666666,1426297
Ramandeep Singh,6,12,145,7,61,10.333333333333334,1304064
Ramandeep Singh,12,16,103,4,28,5.166666666666667,1304102
Ramandeep Singh,14,6,172,7,129,16.833333333333332,1304111
Ramandeep Singh,13,5,155,6,141,18.166666666666668,1304115
Ramandeep Singh,29,16,190,6,48,7.666666666666667,1422121
Ramandeep Singh,2,2,249,8,241,19.333333333333332,1422134
Ramandeep Singh,13,12,120,6,57,8.5,1426260
Ramandeep Singh,1,1,202,8,194,19.5,1426269
Ramandeep Singh,24,9,202,8,162,17.666666666666668,1426274
Ramandeep Singh,6,3,248,7,242,19.5,1426280
Ramandeep Singh,2,4,162,9,147,17.166666666666668,1426289
Ramandeep Singh,25,6,222,7,188,18.166666666666668,1426292
Ramandeep Singh,17,8,151,8,120,13.166666666666666,1426298
HE van der Dussen,4,4,156,4,55,8.666666666666666,1304066
HE van der Dussen,6,10,152,5,65,6.166666666666667,1304070
HE van der Dussen,12,10,154,7,138,17.833333333333332,1304104
SS Prabhudessai,34,18,183,6,50,7.0,1304068
SS Prabhudessai,6,5,179,5,39,6.5,1304073
SS Prabhudessai,10,8,172,5,41,5.5,1304077
SS Prabhudessai,15,20,56,5,6,2.1666666666666665,1304082
SS Prabhudessai,2,7,104,6,54,10.166666666666666,1304085
SS Prabhudessai,19,11,207,7,184,17.0,1359498
SS Prabhudessai,0,2,176,7,152,16.666666666666668,1359506
SS Prabhudessai,10,9,173,7,113,12.333333333333334,1359510
SS Prabhudessai,6,7,124,5,78,12.833333333333334,1359517
SS Prabhudessai,24,18,212,6,132,11.833333333333334,1426274
Akash Deep,0,2,183,9,141,15.5,1304068
Akash Deep,17,8,117,11,90,14.666666666666666,1359483
Akash Deep,2,2,186,10,161,18.833333333333332,1426263
JR Hazlewood,7,7,183,11,162,17.833333333333332,1304068
JR Hazlewood,3,11,56,10,43,12.333333333333334,1304082
JR Hazlewood,0,2,104,11,97,17.833333333333332,1304085
JR Hazlewood,7,4,145,11,132,18.333333333333332,1304106
JR Hazlewood,1,2,142,10,139,19.333333333333332,1312199
JR Hazlewood,1,2,124,11,119,19.666666666666668,1359517
KR Sen,0,3,152,11,152,19.666666666666668,1304070
Aman Hakim Khan,5,3,166,9,144,18.666666666666668,1304071
Aman Hakim Khan,4,5,133,7,89,13.833333333333334,1359477
Aman Hakim Khan,8,8,147,8,115,16.5,1359481
Aman Hakim Khan,18,10,148,8,79,12.5,1359494
Aman Hakim Khan,0,2,118,7,104,16.333333333333332,1359502
Aman Hakim Khan,4,2,140,6,57,7.833333333333333,1359508
Aman Hakim Khan,51,44,125,7,22,5.166666666666667,1359518
Aman Hakim Khan,2,3,129,8,111,18.333333333333332,1359529
Aman Hakim Khan,16,18,132,7,84,9.333333333333334,1359533
Aman Hakim Khan,7,9,135,7,107,13.666666666666666,1359541
HR Shokeen,25,25,150,6,46,7.666666666666667,1304079
HR Shokeen,0,0,0,9,118,19.833333333333332,1304083
HR Shokeen,18,23,93,6,26,5.166666666666667,1304105
HR Shokeen,5,3,159,8,102,15.833333333333334,1359479
HR Shokeen,18,13,149,9,109,16.166666666666668,1359486
HR Shokeen,0,1,166,9,152,19.0,1370351
Yash Dayal,0,1,146,10,146,20.0,1304081
DJ Mitchell,16,24,141,5,32,4.333333333333333,1304085
DJ Mitchell,17,20,145,4,50,7.5,1304090
DJ Mitchell,22,18,160,4,69,7.166666666666667,1422119
DJ Mitchell,24,20,200,5,121,12.666666666666666,1422125
DJ Mitchell,34,26,157,4,4,3.0,1422131
DJ Mitchell,13,11,163,6,125,15.166666666666666,1422136
DJ Mitchell,25,19,136,3,25,3.5,1426260
DJ Mitchell,17,14,198,5,145,15.5,1426267
DJ Mitchell,11,10,206,3,4,1.1666666666666667,1426277
DJ Mitchell,52,32,203,3,17,3.0,1426284
DJ Mitchell,1,1,140,8,127,18.833333333333332,1426287
DJ Mitchell,30,19,161,3,11,2.0,1426291
DJ Mitchell,63,34,189,4,2,1.3333333333333333,1426297
DJ Mitchell,22,13,139,3,30,3.8333333333333335,1426299
DJ Mitchell,4,6,172,3,0,0.3333333333333333,1426306
Shashank Singh,25,6,181,7,148,18.166666666666668,1304086
Shashank Singh,15,14,183,6,123,14.5,1304092
Shashank Singh,10,6,175,6,94,13.0,1304096
Shashank Singh,8,9,118,7,99,14.5,1304100
Shashank Singh,11,12,120,7,97,14.833333333333334,1304107
Shashank Singh,0,1,169,7,161,18.666666666666668,1422120
Shashank Singh,21,8,168,7,144,18.333333333333332,1422124
Shashank Singh,9,7,174,7,139,16.666666666666668,1422129
Shashank Singh,61,29,187,6,66,8.833333333333334,1422135
Shashank Singh,46,25,173,6,57,9.333333333333334,1426261
Shashank Singh,9,9,139,6,48,9.666666666666666,1426265
Shashank Singh,41,25,156,6,8,2.3333333333333335,1426271
Shashank Singh,8,12,132,6,70,10.5,1426275
Shashank Singh,68,28,256,4,173,12.666666666666666,1426280
Shashank Singh,25,26,149,4,82,9.5,1426287
Shashank Singh,27,20,130,4,8,2.1666666666666665,1426291
Shashank Singh,37,19,175,4,70,6.0,1426296
Shashank Singh,0,2,144,4,36,4.666666666666667,1426303
Shashank Singh,2,4,204,4,145,14.5,1426307
B Indrajith,6,8,131,4,19,4.666666666666667,1304087
B Indrajith,15,16,143,1,0,0.16666666666666666,1304093
B Indrajith,0,6,98,1,0,0.16666666666666666,1304099
Harshit Rana,0,1,131,11,131,20.0,1304087
Harshit Rana,2,1,98,11,96,14.5,1304099
Harshit Rana,0,1,159,10,156,19.5,1359521
Mohsin Khan,13,6,141,9,114,17.833333333333332,1304088
Mohsin Khan,1,3,79,9,64,12.166666666666666,1304103
Mohsin Khan,9,7,139,9,109,17.166666666666668,1304109
Mohsin Khan,0,7,91,11,90,15.0,1370351
Mohsin Khan,2,1,192,9,182,19.0,1422129
Simarjeet Singh,2,2,156,9,135,18.333333333333332,1304095
Simarjeet Singh,2,3,82,9,64,12.5,1304105
Simarjeet Singh,3,3,145,8,141,19.333333333333332,1304114
M Theekshana,7,4,156,10,149,19.5,1304095
M Theekshana,0,3,82,10,66,13.0,1304105
AS Roy,0,2,98,8,83,12.5,1304099
AS Roy,4,5,133,3,13,1.3333333333333333,1359476
AS Roy,0,1,115,9,86,14.833333333333334,1359502
AS Roy,13,7,159,9,139,17.666666666666668,1359521
AS Roy,6,6,146,8,126,16.833333333333332,1359530
AS Roy,3,3,120,9,111,18.666666666666668,1426260
Fazalhaq Farooqi,2,8,118,11,108,16.833333333333332,1304100
Fazalhaq Farooqi,1,5,145,11,138,18.833333333333332,1359536
K Kartikeya,3,5,103,9,95,15.166666666666666,1304102
K Kartikeya,6,7,163,10,154,16.333333333333332,1370352
RP Meredith,0,0,0,10,97,19.5,1254065
RP Meredith,0,1,103,11,103,17.5,1304102
RP Meredith,0,2,147,11,147,19.833333333333332,1359509
KS Sharma,4,4,79,4,23,5.166666666666667,1304103
KS Sharma,9,16,119,3,18,3.8333333333333335,1359519
KS Sharma,3,5,164,1,0,0.16666666666666666,1359542
T Stubbs,0,2,93,5,26,4.833333333333333,1304105
T Stubbs,2,2,172,6,112,15.166666666666666,1304111
T Stubbs,5,10,149,8,98,13.166666666666666,1359486
T Stubbs,20,21,131,6,66,10.666666666666666,1359523
T Stubbs,5,8,164,6,103,12.833333333333334,1422120
T Stubbs,44,23,168,5,96,11.5,1422127
T Stubbs,0,2,179,5,127,14.833333333333334,1422131
T Stubbs,54,32,150,6,28,4.666666666666667,1422134
T Stubbs,65,24,196,4,109,12.0,1422138
T Stubbs,15,9,162,5,132,14.833333333333334,1426264
T Stubbs,10,11,191,5,104,7.166666666666667,1426273
T Stubbs,26,7,219,6,153,17.166666666666668,1426278
T Stubbs,48,25,243,5,171,13.833333333333334,1426281
T Stubbs,4,7,140,7,88,10.333333333333334,1426285
T Stubbs,41,20,220,6,143,12.833333333333334,1426294
T Stubbs,3,4,134,7,84,9.666666666666666,1426300
T Stubbs,57,25,200,5,104,11.333333333333334,1426302
R Sanjay Yadav,0,2,172,8,158,18.166666666666668,1304111
A Tomar,4,8,192,2,0,0.16666666666666666,1304112
PN Mankad,4,1,154,7,128,14.166666666666666,1304116
PN Mankad,0,0,0,8,125,19.833333333333332,1359504
PN Mankad,64,45,179,3,10,3.5,1359532
PN Mankad,0,1,167,3,12,2.3333333333333335,1359537
PN Mankad,26,19,164,3,14,2.6666666666666665,1359542
PN Mankad,3,6,91,2,0,0.16666666666666666,1370351
OC McCoy,8,5,128,9,110,17.666666666666668,1312200
Sikandar Raza,16,13,183,5,128,13.666666666666666,1359476
Sikandar Raza,1,2,187,5,151,16.0,1359482
Sikandar Raza,5,6,137,6,60,9.0,1359488
Sikandar Raza,57,41,154,5,43,6.166666666666667,1359495
Sikandar Raza,36,22,183,4,26,3.8333333333333335,1359512
Sikandar Raza,13,7,188,8,175,19.0,1359515
Sikandar Raza,11,7,154,8,142,18.5,1359533
Sikandar Raza,15,16,187,5,61,7.666666666666667,1422135
Sikandar Raza,28,22,173,5,19,4.833333333333333,1426261
Rahmanullah Gurbaz,22,16,133,2,0,0.16666666666666666,1359476
Rahmanullah Gurbaz,51,43,168,1,0,0.16666666666666666,1359483
Rahmanullah Gurbaz,15,12,203,1,0,0.16666666666666666,1359487
Rahmanullah Gurbaz,0,3,189,1,0,0.16666666666666666,1359493
Rahmanullah Gurbaz,8,12,171,1,0,0.16666666666666666,1359496
Rahmanullah Gurbaz,81,39,176,2,0,0.16666666666666666,1359513
Rahmanullah Gurbaz,0,1,159,2,0,0.16666666666666666,1359521
Rahmanullah Gurbaz,15,12,178,2,0,0.16666666666666666,1359527
Rahmanullah Gurbaz,18,12,146,2,0,0.16666666666666666,1359530
Rahmanullah Gurbaz,1,4,135,2,0,0.16666666666666666,1359535
Rahmanullah Gurbaz,10,15,166,4,77,8.666666666666666,1359542
Rahmanullah Gurbaz,23,14,153,1,0,0.16666666666666666,1426309
Rahmanullah Gurbaz,39,32,103,1,0,0.16666666666666666,1426312
KR Mayers,73,38,185,2,0,0.16666666666666666,1359477
KR Mayers,53,20,187,2,0,0.16666666666666666,1359480
KR Mayers,13,14,110,1,0,0.16666666666666666,1359484
KR Mayers,0,3,197,1,0,0.16666666666666666,1359489
KR Mayers,29,23,147,2,0,0.16666666666666666,1359495
KR Mayers,51,41,148,2,0,0.16666666666666666,1359500
KR Mayers,24,19,126,2,0,0.16666666666666666,1359504
KR Mayers,48,22,235,2,0,0.16666666666666666,1359512
KR Mayers,0,2,101,1,0,0.16666666666666666,1359517
KR Mayers,14,17,119,2,0,0.16666666666666666,1359519
KR Mayers,48,32,163,1,0,0.16666666666666666,1359525
KR Mayers,2,14,179,1,0,0.16666666666666666,1359532
KR Mayers,18,13,91,1,0,0.16666666666666666,1370351
Mukesh Kumar,0,1,133,11,133,20.0,1359477
Mukesh Kumar,1,1,132,11,130,19.5,1359485
Mukesh Kumar,6,7,132,10,120,17.5,1359533
Mukesh Kumar,0,2,191,11,191,18.833333333333332,1426273
Mukesh Kumar,3,7,134,10,125,16.0,1426300
HC Brook,13,21,116,4,0,1.0,1359478
HC Brook,3,4,117,5,48,8.166666666666666,1359484
HC Brook,13,14,145,1,0,0.16666666666666666,1359488
HC Brook,96,54,212,1,0,0.16666666666666666,1359493
HC Brook,9,7,159,1,0,0.16666666666666666,1359499
HC Brook,18,13,130,1,0,0.16666666666666666,1359503
HC Brook,7,14,136,1,0,0.16666666666666666,1359508
HC Brook,0,2,185,5,80,9.5,1359514
HC Brook,0,4,140,5,39,5.833333333333333,1359521
HC Brook,27,19,180,5,102,13.0,1359539
HC Brook,0,1,187,6,174,19.166666666666668,1359543
AU Rashid,17,12,116,8,51,11.166666666666666,1359478
AU Rashid,4,3,117,8,100,18.666666666666668,1359484
C Green,5,4,159,3,11,2.6666666666666665,1359479
C Green,12,11,149,3,36,4.166666666666667,1359486
C Green,17,8,167,6,137,17.0,1359490
C Green,1,1,182,7,180,17.5,1359496
C Green,64,40,190,3,40,4.833333333333333,1359499
C Green,67,43,198,3,6,1.5,1359505
C Green,33,26,147,3,3,2.1666666666666665,1359509
C Green,44,26,200,3,12,2.1666666666666665,1359516
C Green,23,18,209,3,0,0.6666666666666666,1359520
C Green,6,4,131,1,0,0.16666666666666666,1359523
C Green,2,2,180,6,172,16.166666666666668,1359528
C Green,3,3,216,7,163,17.166666666666668,1359531
C Green,4,6,156,7,135,18.166666666666668,1359537
C Green,93,45,182,3,20,3.0,1359543
C Green,41,23,166,3,26,3.5,1370351
C Green,29,19,163,3,5,1.0,1370352
C Green,18,22,160,5,39,5.666666666666667,1422119
C Green,3,5,160,3,24,2.8333333333333335,1422124
C Green,33,21,178,3,16,2.1666666666666665,1422128
C Green,9,9,142,5,43,5.833333333333333,1422133
C Green,5,6,172,5,145,17.5,1422137
C Green,6,4,212,5,132,11.333333333333334,1426274
C Green,37,20,199,5,129,12.833333333333334,1426279
C Green,1,2,150,6,106,8.166666666666666,1426290
C Green,46,27,229,5,118,10.166666666666666,1426296
C Green,32,24,177,5,119,12.833333333333334,1426300
C Green,38,17,210,4,112,13.166666666666666,1426306
C Green,27,21,168,3,35,4.833333333333333,1426310
N Wadhera,21,13,159,6,47,9.0,1359479
N Wadhera,6,4,182,6,173,16.666666666666668,1359496
N Wadhera,0,1,198,7,197,19.666666666666668,1359505
N Wadhera,40,21,147,7,54,10.833333333333334,1359509
N Wadhera,64,51,131,4,13,2.5,1359523
N Wadhera,52,34,180,4,50,5.166666666666667,1359528
N Wadhera,15,7,216,4,65,7.0,1359531
N Wadhera,16,20,156,4,99,11.333333333333334,1359537
N Wadhera,23,12,166,7,139,17.0,1370351
N Wadhera,4,3,163,2,0,0.16666666666666666,1370352
N Wadhera,49,24,169,6,48,7.666666666666667,1426276
N Wadhera,4,2,230,6,124,12.666666666666666,1426281
N Wadhera,46,41,134,6,26,5.5,1426286
N Wadhera,6,11,135,6,57,8.833333333333334,1426289
N Wadhera,3,3,127,7,82,12.333333333333334,1426298
N Wadhera,1,3,185,6,112,13.666666666666666,1426305
Arshad Khan,15,9,159,9,120,17.333333333333332,1359479
Arshad Khan,2,4,149,6,71,8.5,1359486
Arshad Khan,1,2,131,8,119,18.833333333333332,1359523
Arshad Khan,20,16,157,9,89,13.166666666666666,1426264
Arshad Khan,58,33,183,8,98,11.333333333333334,1426302
Arshad Khan,0,1,203,6,169,17.0,1426305
Abishek Porel,20,11,147,6,52,8.666666666666666,1359481
Abishek Porel,7,9,132,8,110,15.666666666666666,1359485
Abishek Porel,1,3,154,8,147,18.333333333333332,1359490
Abishek Porel,5,8,148,6,30,5.833333333333333,1359494
Abishek Porel,32,10,164,9,130,17.333333333333332,1422120
Abishek Porel,9,10,168,6,103,13.333333333333334,1422127
Abishek Porel,8,5,179,7,169,19.0,1422131
Abishek Porel,0,5,150,4,21,3.0,1422134
Abishek Porel,41,31,196,3,22,3.8333333333333335,1422138
Abishek Porel,15,7,86,3,21,2.1666666666666665,1426270
Abishek Porel,42,22,191,4,22,2.1666666666666665,1426273
Abishek Porel,36,27,243,2,0,0.16666666666666666,1426281
Abishek Porel,18,15,140,3,14,1.8333333333333335,1426285
Abishek Porel,65,36,220,2,0,0.16666666666666666,1426294
Abishek Porel,2,3,134,3,8,0.8333333333333334,1426300
Abishek Porel,58,33,200,2,0,0.16666666666666666,1426302
Dhruv Jurel,32,15,182,8,116,15.166666666666666,1359482
Dhruv Jurel,8,3,193,6,169,18.666666666666668,1359485
Dhruv Jurel,4,6,165,7,133,16.5,1359491
Dhruv Jurel,18,10,176,7,112,15.166666666666666,1359497
Dhruv Jurel,0,1,128,7,125,19.666666666666668,1359500
Dhruv Jurel,34,16,171,6,122,15.5,1359506
Dhruv Jurel,34,15,191,5,124,14.0,1359511
Dhruv Jurel,2,3,181,7,132,16.5,1359516
Dhruv Jurel,9,8,110,8,74,11.666666666666666,1359522
Dhruv Jurel,1,7,56,7,25,5.666666666666667,1359534
Dhruv Jurel,10,4,180,7,160,18.166666666666668,1359540
Dhruv Jurel,20,12,185,6,145,16.666666666666668,1422122
Dhruv Jurel,20,12,178,6,85,13.666666666666666,1422127
Dhruv Jurel,2,3,186,5,153,15.833333333333334,1422137
Dhruv Jurel,6,11,149,5,86,13.5,1426265
Dhruv Jurel,2,4,208,5,89,8.0,1426269
Dhruv Jurel,52,34,195,5,76,8.833333333333334,1426282
Dhruv Jurel,1,3,186,7,167,17.833333333333332,1426288
Dhruv Jurel,28,18,136,5,88,14.666666666666666,1426299
Dhruv Jurel,0,1,142,6,90,13.166666666666666,1426303
Dhruv Jurel,8,8,168,5,84,10.333333333333334,1426310
Dhruv Jurel,56,35,134,5,64,8.666666666666666,1426311
MG Bracewell,19,18,117,3,44,5.0,1359483
MG Bracewell,9,9,166,6,115,15.666666666666666,1359534
MG Bracewell,4,4,180,4,171,18.666666666666668,1359539
MG Bracewell,26,16,190,5,82,9.666666666666666,1359544
MW Short,1,3,137,3,0,0.3333333333333333,1359488
MW Short,36,24,142,3,0,0.5,1359492
MW Short,34,22,154,3,0,0.6666666666666666,1359495
MW Short,8,7,139,3,4,0.5,1359501
MW Short,11,10,197,1,0,0.16666666666666666,1359505
MW Short,27,26,196,3,13,1.6666666666666665,1359520
Mohit Rathee,1,2,137,11,84,15.166666666666666,1359488
YV Dhull,2,4,154,4,68,8.666666666666666,1359490
YV Dhull,1,4,148,4,1,1.8333333333333335,1359494
YV Dhull,13,15,135,5,26,5.0,1359541
Yudhvir Singh,0,1,147,9,142,19.833333333333332,1359495
Yudhvir Singh,1,1,148,8,147,20.0,1359500
Yudhvir Singh,7,7,130,9,118,14.166666666666666,1426292
Yudhvir Singh,14,7,183,9,130,14.833333333333334,1426302
Atharva Taide,0,3,154,1,0,0.16666666666666666,1359495
Atharva Taide,4,2,139,1,0,0.16666666666666666,1359501
Atharva Taide,29,17,197,3,16,2.6666666666666665,1359505
Atharva Taide,66,36,183,3,2,1.0,1359512
Atharva Taide,13,17,188,3,48,4.5,1359515
Atharva Taide,55,42,178,3,0,1.3333333333333333,1359538
Atharva Taide,19,12,181,3,2,0.5,1359540
Atharva Taide,15,12,139,1,0,0.16666666666666666,1426265
Atharva Taide,46,27,204,1,0,0.16666666666666666,1426307
Liton Das,4,4,115,2,0,0.16666666666666666,1359502
PD Salt,5,3,118,4,59,7.5,1359502
PD Salt,0,1,140,2,0,0.16666666666666666,1359508
PD Salt,59,35,184,2,0,0.16666666666666666,1359514
PD Salt,0,1,125,1,0,0.16666666666666666,1359518
PD Salt,87,45,176,2,0,0.16666666666666666,1359524
PD Salt,17,11,129,2,0,0.16666666666666666,1359529
PD Salt,21,17,132,2,0,0.16666666666666666,1359533
PD Salt,26,14,208,4,145,15.166666666666666,1359538
PD Salt,3,6,135,3,5,1.6666666666666665,1359541
PD Salt,54,40,190,1,0,0.16666666666666666,1422121
PD Salt,30,20,171,1,0,0.16666666666666666,1422128
PD Salt,18,12,249,1,0,0.16666666666666666,1422134
PD Salt,0,1,120,1,0,0.16666666666666666,1426260
PD Salt,88,44,139,1,0,0.16666666666666666,1426266
PD Salt,10,13,202,1,0,0.16666666666666666,1426269
PD Salt,48,14,202,1,0,0.16666666666666666,1426274
PD Salt,75,36,248,1,0,0.16666666666666666,1426280
PD Salt,68,33,153,1,0,0.16666666666666666,1426285
PD Salt,5,3,162,1,0,0.16666666666666666,1426289
PD Salt,32,14,222,1,0,0.16666666666666666,1426292
PD Salt,6,5,151,1,0,0.16666666666666666,1426298
Vijaykumar Vyshak,0,1,176,10,171,19.666666666666668,1359506
Vijaykumar Vyshak,13,8,173,10,151,17.666666666666668,1359510
Vijaykumar Vyshak,0,1,186,9,161,18.666666666666668,1426263
Vijaykumar Vyshak,1,2,248,9,230,19.0,1426268
Abdul Basith,1,1,171,8,169,19.833333333333332,1359506
Arjun Tendulkar,13,9,147,9,130,17.333333333333332,1359509
JP Behrendorff,3,4,147,10,132,17.833333333333332,1359509
JP Behrendorff,3,5,163,11,154,16.666666666666668,1370352
AJ Hosein,16,10,185,8,151,17.166666666666668,1359514
Naveen-ul-Haq,13,12,101,10,75,14.833333333333334,1359517
Naveen-ul-Haq,2,3,164,10,151,19.166666666666668,1359542
Naveen-ul-Haq,1,5,91,10,90,14.666666666666666,1370351
Naveen-ul-Haq,0,0,0,10,190,19.833333333333332,1422129
Naveen-ul-Haq,0,0,0,11,130,16.166666666666668,1426292
Naveen-ul-Haq,2,4,183,11,177,18.666666666666668,1426302
Noor Ahmad,1,3,185,9,98,12.333333333333334,1359531
Noor Ahmad,0,1,169,9,168,19.5,1359536
Noor Ahmad,7,5,142,10,126,17.833333333333332,1370350
Noor Ahmad,4,2,112,11,108,18.666666666666668,1422139
Noor Ahmad,0,0,0,9,180,20.0,1426262
Noor Ahmad,1,7,77,10,66,15.166666666666666,1426270
Noor Ahmad,0,0,0,11,140,19.5,1426290
JE Root,10,15,56,4,4,1.6666666666666665,1359534
KM Asif,0,2,56,11,56,10.333333333333334,1359534
MD Shanaka,9,7,169,7,157,17.833333333333332,1359536
MD Shanaka,0,3,179,4,136,15.0,1359544
MD Shanaka,17,16,142,4,40,6.0,1370350
Sanvir Singh,7,6,145,6,28,4.5,1359536
Sanvir Singh,4,3,187,7,174,19.166666666666668,1359543
Sanvir Singh,8,7,152,10,121,17.166666666666668,1426293
Sanvir Singh,6,4,192,8,185,18.5,1426307
Sanvir Singh,0,1,147,8,109,13.5,1426309
Vivrant Sharma,69,47,187,1,0,0.16666666666666666,1359543
DG Nalkande,0,1,142,9,126,17.666666666666668,1370350
DG Nalkande,12,11,112,6,51,9.0,1422139
R Ravindra,37,15,160,2,0,0.16666666666666666,1422119
R Ravindra,46,20,200,2,0,0.16666666666666666,1422125
R Ravindra,2,12,157,2,0,0.16666666666666666,1422131
R Ravindra,12,9,163,1,0,0.16666666666666666,1422136
R Ravindra,15,8,136,1,0,0.16666666666666666,1426260
R Ravindra,21,16,198,2,0,0.16666666666666666,1426267
R Ravindra,0,1,172,2,0,0.16666666666666666,1426272
R Ravindra,1,2,189,2,0,0.16666666666666666,1426297
R Ravindra,27,18,139,1,0,0.16666666666666666,1426299
R Ravindra,57,36,172,2,0,0.16666666666666666,1426306
SD Hope,33,25,164,3,31,3.5,1422120
SD Hope,11,10,162,6,138,15.666666666666666,1426264
SD Hope,19,10,86,4,27,2.8333333333333335,1426270
SD Hope,5,6,219,4,35,4.0,1426278
SD Hope,41,17,243,3,105,7.666666666666667,1426281
SD Hope,6,3,140,4,26,3.0,1426285
SD Hope,1,1,220,3,60,4.5,1426294
SD Hope,29,23,134,4,24,2.3333333333333335,1426300
SD Hope,38,27,200,3,0,0.8333333333333334,1426302
Sumit Kumar,2,9,164,8,120,15.833333333333334,1422120
Sumit Kumar,7,6,150,8,118,12.666666666666666,1422134
Sumit Kumar,9,9,86,6,62,5.833333333333333,1426270
Azmatullah Omarzai,17,11,156,4,57,8.0,1422123
Azmatullah Omarzai,11,10,132,6,90,12.0,1422125
Azmatullah Omarzai,13,10,143,5,74,12.166666666666666,1426275
Azmatullah Omarzai,1,2,212,4,93,9.833333333333334,1426278
Naman Dhir,20,10,159,3,0,0.8333333333333334,1422123
Naman Dhir,30,14,234,3,52,3.5,1422126
Naman Dhir,0,1,118,3,1,1.0,1422132
Naman Dhir,11,11,135,3,15,1.8333333333333335,1426289
Naman Dhir,0,9,152,3,13,2.0,1426293
Naman Dhir,17,6,127,8,106,14.166666666666666,1426298
Naman Dhir,62,27,185,7,115,14.5,1426305
G Coetzee,1,3,159,8,145,18.5,1422123
G Coetzee,4,9,118,9,91,13.5,1422132
G Coetzee,0,1,169,9,166,19.333333333333332,1426276
G Coetzee,1,2,134,9,114,18.333333333333332,1426286
G Coetzee,8,7,135,9,112,15.666666666666666,1426289
SZ Mulani,1,1,159,9,147,19.166666666666668,1422123
Sameer Rizvi,14,6,200,6,178,18.5,1422125
Sameer Rizvi,0,1,157,6,95,13.666666666666666,1422131
Sameer Rizvi,1,5,172,6,86,11.333333333333334,1426272
Sameer Rizvi,21,23,140,5,64,10.0,1426287
Sameer Rizvi,15,8,139,7,115,16.0,1426299
SH Johnson,5,5,132,10,119,18.5,1422125
SH Johnson,0,1,112,10,86,16.166666666666668,1422139
SH Johnson,1,1,77,11,76,17.333333333333332,1426270
Akash Madhwal,4,5,118,11,108,18.666666666666668,1422132
SB Dubey,8,6,113,6,75,12.5,1422132
SB Dubey,25,12,186,5,99,11.166666666666666,1426294
SB Dubey,0,1,136,6,126,19.333333333333332,1426299
Mayank Dagar,0,1,142,9,126,17.166666666666668,1422133
RJW Topley,3,6,142,10,127,17.333333333333332,1422133
A Raghuvanshi,54,27,249,3,52,4.666666666666667,1422134
A Raghuvanshi,24,18,120,3,0,0.3333333333333333,1426260
A Raghuvanshi,7,6,139,3,12,1.6666666666666665,1426266
A Raghuvanshi,30,18,202,3,17,3.6666666666666665,1426269
A Raghuvanshi,3,4,202,3,53,4.5,1426274
A Raghuvanshi,13,6,162,3,5,1.0,1426289
A Raghuvanshi,32,26,222,3,60,4.5,1426292
Ashutosh Sharma,31,17,187,8,142,15.666666666666666,1422135
Ashutosh Sharma,33,15,173,8,112,15.833333333333334,1426261
Ashutosh Sharma,31,15,139,8,98,16.333333333333332,1426265
Ashutosh Sharma,55,26,156,8,66,9.5,1426271
Ashutosh Sharma,3,8,132,7,78,11.833333333333334,1426275
Ashutosh Sharma,3,10,130,7,67,9.833333333333334,1426291
Ashutosh Sharma,8,5,175,8,149,13.833333333333334,1426296
Ashutosh Sharma,17,11,144,7,110,16.0,1426303
Ashutosh Sharma,2,3,204,6,173,17.5,1426307
Nithish Kumar Reddy,14,8,154,6,131,15.833333333333334,1422136
Nithish Kumar Reddy,64,37,175,4,27,3.8333333333333335,1426261
Nithish Kumar Reddy,37,27,261,5,151,9.166666666666666,1426273
Nithish Kumar Reddy,13,13,160,4,35,4.0,1426279
Nithish Kumar Reddy,15,15,131,5,40,4.0,1426284
Nithish Kumar Reddy,76,42,193,4,34,5.333333333333333,1426288
Nithish Kumar Reddy,20,15,152,4,57,7.833333333333333,1426293
Nithish Kumar Reddy,37,25,192,4,59,5.166666666666667,1426307
Nithish Kumar Reddy,9,10,147,4,12,2.166666666666667,1426309
Nithish Kumar Reddy,5,10,167,6,98,10.166666666666666,1426311
Nithish Kumar Reddy,13,10,100,5,16,4.5,1426312
Saurav Chauhan,9,6,172,4,118,15.0,1422137
Saurav Chauhan,9,8,186,8,145,17.0,1426263
Saurav Chauhan,0,1,248,5,110,9.166666666666666,1426268
Kumar Kushagra,0,1,196,8,194,19.666666666666668,1422138
Kumar Kushagra,1,3,140,8,94,12.333333333333334,1426285
Kumar Kushagra,2,3,134,5,24,2.5,1426300
BR Sharath,2,5,112,4,46,7.5,1422139
WG Jacks,8,6,186,3,14,2.6666666666666665,1426263
WG Jacks,7,4,248,3,80,6.5,1426268
WG Jacks,55,32,212,3,25,2.3333333333333335,1426274
WG Jacks,6,9,199,3,48,4.0,1426279
WG Jacks,94,40,188,3,34,4.0,1426283
WG Jacks,1,3,150,3,92,6.0,1426290
WG Jacks,12,7,229,3,19,2.5,1426296
WG Jacks,41,29,177,3,22,2.5,1426300
J Fraser-McGurk,55,35,162,3,24,3.6666666666666665,1426264
J Fraser-McGurk,20,10,86,2,0,0.16666666666666666,1426270
J Fraser-McGurk,65,18,191,3,16,1.0,1426273
J Fraser-McGurk,23,14,219,2,0,0.16666666666666666,1426278
J Fraser-McGurk,78,26,243,1,0,0.16666666666666666,1426281
J Fraser-McGurk,12,6,140,2,0,0.16666666666666666,1426285
J Fraser-McGurk,50,20,220,1,0,0.16666666666666666,1426294
J Fraser-McGurk,21,8,134,2,0,0.16666666666666666,1426300
J Fraser-McGurk,0,2,200,1,0,0.16666666666666666,1426302
Tanush Kotian,24,31,149,2,0,0.16666666666666666,1426265
KA Maharaj,1,2,149,8,133,18.666666666666668,1426265
Arshad Khan (2),5,4,153,8,148,19.333333333333332,1426266
R Sai Kishore,0,0,0,9,139,19.166666666666668,1426275
R Sai Kishore,13,6,212,9,179,17.666666666666668,1426278
L Wood,9,3,230,10,217,19.333333333333332,1426281
LB Williams,1,2,140,11,128,18.5,1426285
AA Kulkarni,0,1,134,2,0,0.16666666666666666,1426286
AA Kulkarni,9,7,130,2,0,0.16666666666666666,1426292
MJ Suthar,1,2,140,9,130,18.166666666666668,1426290
RJ Gleeson,2,2,161,11,159,20.0,1426291
Gulbadin Naib,19,15,220,7,149,14.0,1426294
D Ferreira,1,3,186,7,165,16.833333333333332,1426294
D Ferreira,7,8,142,8,100,14.666666666666666,1426303
A Kamboj,2,2,127,9,124,15.333333333333334,1426298
T Kohler-Cadmore,18,23,142,2,0,0.16666666666666666,1426303
T Kohler-Cadmore,20,15,168,2,0,0.16666666666666666,1426310
T Kohler-Cadmore,10,16,134,2,0,0.16666666666666666,1426311
Shivam Singh,2,3,204,7,178,18.5,1426307
V Viyaskanth,7,5,147,11,114,16.166666666666668,1426309
A Nel,0,0,0,9,153,19.666666666666668,336032
C Ganapathy,0,0,0,7,144,19.0,419133
TP Sudhindra,0,0,0,11,115,17.166666666666668,548311
BW Hilfenhaus,0,0,0,9,167,20.166666666666668,729293
